id,ticker,title,body,source,url,created_at,date,year,month,overall_sentiment,ticker_sentiment,relevance_score,st_sentiment,likes,user_followers
ion-liberty-formula-one-series-c-fwonk-2026-07-12/,NFLX,Resona Asset Management Co. Ltd. Has $8.25 Million Stock Position in Liberty Media Corporation - Liberty Formula One Series C $FWONK,"Resona Asset Management Co. Ltd. increased its stake in Liberty Media Corporation - Liberty Formula One Series C (NASDAQ:FWONK) by 21.8% in the first quarter, bringing its total holdings to $8.25 million. Other hedge funds also adjusted their positions, and analysts have provided varied ratings, with a consensus of ""Moderate Buy"" and a price target of $111.14. Recent insider activity indicates significant share sales by company executives.",MarketBeat,https://www.marketbeat.com/instant-alerts/filing-resona-asset-management-co-ltd-has-825-million-stock-position-in-liberty-media-corporation-liberty-formula-one-series-c-fwonk-2026-07-12/,2026-07-12 16:35:30,2026-07-12,2026,7,0.179206,0.147335,0.630928,,0,0
1913fa93a907af19f252011ad38ceb58cbb398ee0ad60b6ce6fbdb73bce7869b,NFLX,"Netflix Might Be Ready to Buy Something Again, but It's Not What You Think","Netflix is reportedly bidding for Letterboxd, a film-review platform with 30 million users, in a deal valued around $250 million. This represents Netflix's shift toward smaller, strategic acquisitions rather than major deals. The move comes as Netflix stock has fallen 41% over the past year amid investor confidence issues, though the company continues to make logical, cost-effective investments like its recent acquisition of Radford Studio Center.",The Motley Fool,https://www.fool.com/investing/2026/07/12/netflix-might-be-ready-to-buy-something-again-but/?source=iedfolrf0000001,2026-07-12T10:07:00Z,2026-07-12,2026,7,0.0,0.0,1.0,,0,0
buys-119343-shares-of-netflix-inc-nflx-2026-07-12/,NFLX,"Citizens Financial Group Inc. RI Buys 119,343 Shares of Netflix, Inc. $NFLX","Citizens Financial Group Inc. RI significantly increased its stake in Netflix, Inc. (NASDAQ:NFLX) during the first quarter, purchasing an additional 119,343 shares and bringing its total holding to 286,009 shares valued at approximately $27.5 million. This move is part of a broader trend of institutional investors adjusting their positions in Netflix, with hedge funds and institutions now owning 80.93% of the stock. Despite recent insider selling and a trading price down 2.8% at $73.37, analysts",MarketBeat,https://www.marketbeat.com/instant-alerts/filing-citizens-financial-group-inc-ri-buys-119343-shares-of-netflix-inc-nflx-2026-07-12/,2026-07-12 16:15:17,2026-07-12,2026,7,0.083405,-0.064783,1.0,,0,0
2dfd7d3379cbbcc623f9a7ba02f87e11be259887c227fae337abbf74fbd4d6dc,NFLX,3 Reasons Why Netflix Has a Lot to Prove on July 16,"Netflix faces significant pressure ahead of its Q2 2026 earnings report on July 16. With stock down nearly 20% in 2026 and 40% over the past year, investors are seeking reassurance on three key fronts: whether content costs remain under control, clarity on the company's acquisition strategy, and evidence that Netflix is reversing recent losses. The earnings report will be a critical test for both short-term traders and long-term investors.",The Motley Fool,https://www.fool.com/investing/2026/07/12/3-reasons-why-netflix-has-a-lot-to-prove-july-16/?source=iedfolrf0000001,2026-07-12T08:05:00Z,2026-07-12,2026,7,0.0,0.0,1.0,,0,0
ing-season-starts-with-jpmorgan-chase-netflix.html,NFLX,"Earnings playbook: Reporting season gets underway with JPMorgan Chase, Netflix on deck","The Q2 earnings season is kicking off with nearly 28 S&P 500 companies reporting this week, including major banks like JPMorgan Chase and Goldman Sachs, as well as Netflix and Johnson & Johnson. Analysts anticipate strong Q2 earnings, with S&P 500 profits estimated to have risen 23.3% year-on-year. Investors are closely watching these reports amidst record-high stock market levels, geopolitical tensions, and potential Fed rate hikes.",CNBC,https://www.cnbc.com/2026/07/12/earnings-playbook-reporting-season-starts-with-jpmorgan-chase-netflix.html,2026-07-12 12:02:11,2026-07-12,2026,7,0.192317,-0.121136,0.806299,,0,0
the-4-catalysts-that-could-move-markets-this-week/,NFLX,"S&P 500, SPY, VOO ETF: The 4 catalysts that could move markets this week","This article identifies four key catalysts that could impact the S&P 500, SPY, and VOO ETFs this week: the start of the earnings season with major banks reporting, the release of US consumer inflation data, escalating US-Iran tensions, and new developments in the AI industry. Wall Street anticipates strong earnings growth, while inflation data will influence the Federal Reserve's monetary policy, and geopolitical events along with AI innovation will add to market volatility.",Invezz,https://invezz.com/in/news/2026/07/12/sandampp-500-spy-voo-etf-the-4-catalysts-that-could-move-markets-this-week/,2026-07-12 13:31:12,2026-07-12,2026,7,0.255779,0.216311,0.592687,Bullish,0,0
ngbrew.com/stories/report-netflix-invents-cable-tv,NFLX,Report: Netflix invents cable TV,"Netflix is reportedly considering adding live channels and bundle packages, akin to traditional cable TV, to boost declining engagement. This move comes as the company faces a 40% drop in shares over the past year and falling viewership. The streaming giant also reportedly shows interest in acquiring Letterboxd to further expand its reach.",Morning Brew,https://www.morningbrew.com/stories/report-netflix-invents-cable-tv,2026-07-11 04:08:12,2026-07-11,2026,7,0.017678,-0.168816,0.984336,Bearish,0,0
stocks/articles/t-yields-5-3-trades-132000928.html,NFLX,AT&T Yields 5.3% and Trades Near a 52-Week Low. Is the SpaceX Threat Really Worth That Discount?,"AT&T (NYSE: T) is trading near a 52-week low with a 5.3% dividend yield, largely due to investor concerns about SpaceX's Starlink potentially disrupting its broadband and wireless business. Despite these fears, the article argues that the SpaceX threat is a long-term, slow-moving risk and that AT&T's dividend is well-protected by its strong free cash flow and growing core businesses, suggesting the stock might be oversold. For income investors, the current valuation presents an opportunity rathe",Yahoo Finance,https://finance.yahoo.com/markets/stocks/articles/t-yields-5-3-trades-132000928.html,2026-07-11 13:38:40,2026-07-11,2026,7,0.080942,-0.106278,0.567126,,0,0
diction-synopsys-stock-will-be-worth-this-in-2030/,NFLX,Price Prediction: Synopsys Stock Will Be Worth This In 2030,"Synopsys (SNPS) stock, despite a 42% revenue jump, dropped 19% over the past year due to amortization charges from the Ansys acquisition. While analysts have a consensus target of $563.74, the article's base model predicts a more conservative $667.60 by 2030. Reaching the ambitious $1,100 target by 2030 would require a 148% gain from its current price and sustained mid-teens EPS compounding, along with successful Ansys integration and stabilized Design IP.",24/7 Wall St.,https://247wallst.com/investing/2026/07/11/price-prediction-synopsys-stock-will-be-worth-this-in-2030/,2026-07-11 15:29:39,2026-07-11,2026,7,0.354675,0.389692,0.608994,Bullish,0,0
unication-services-picks-fubotv-fubo-netflix-nflx/,NFLX,"Analysts’ Top Communication Services Picks: fuboTV (FUBO), Netflix (NFLX)","Two analysts have issued bullish ratings for fuboTV (FUBO) and Netflix (NFLX) in the Communication Services sector. Patrick Sholl of Barrington reiterated a Buy rating on fuboTV with a $16 price target, while J.P. Morgan's Doug Anmuth maintained a Buy rating on Netflix with a $118 price target. Both companies show moderate to strong buy consensus ratings from analysts.",The Globe and Mail,https://www.theglobeandmail.com/investing/markets/stocks/NFLX/pressreleases/3238015/analysts-top-communication-services-picks-fubotv-fubo-netflix-nflx/,2026-07-11 12:09:38,2026-07-11,2026,7,0.429993,0.443169,0.930466,Bullish,0,0
i.jp/english/articles/20260711/p2g/00m/0in/022000c,NFLX,China video platform stirs controversy with launch of AI talent pool,"Chinese video platform iQIYI has launched Nadou Pro, an AI-powered platform for film and TV production that uses digital data based on real actors' likenesses and voices, stirring controversy. While the platform aims to reduce costs and improve working conditions by generating content without human actors, critics argue that AI-generated content lacks the ability to resonate with audiences, and some celebrities have denied participation after an online backlash. The move highlights the entertain",毎日新聞,https://mainichi.jp/english/articles/20260711/p2g/00m/0in/022000c,2026-07-11 05:09:07,2026-07-11,2026,7,-0.187948,0.025936,0.656895,,0,0
terboxd-they-want-more-than-movie-reviews/91372638,NFLX,Netflix and Sony Are Reportedly Circling Letterboxd. They Want More Than Movie Reviews,"Netflix and Sony are reportedly among several companies and private equity firms circling Letterboxd, a popular film platform, with bankers floating a valuation of $250 million. This significant increase from its 2023 valuation of $50-60 million highlights the appeal of its more than 30 million members who log films, create watchlists, rate movies, and publish reviews. Experts suggest that a buyer would gain not just a media brand and social network, but also a valuable audience research tool an",Inc.com,https://www.inc.com/georgia-fearn/netflix-sony-circling-letterboxd-they-want-more-than-movie-reviews/91372638,2026-07-10 21:59:16,2026-07-10,2026,7,0.156172,0.295732,0.932122,Bullish,0,0
ital-to-support?futusource=news_newspage_recommend,NFLX,Press Release: FAST TRACK GROUP Secures Strategic Capital to Support Next Phase of Entertainment and Media Growth,"FAST TRACK GROUP, a Los Angeles-based entertainment and media investment firm, has secured strategic capital to further its expansion. This funding will support the growth of its existing portfolio companies and enable targeted acquisitions, focusing on talent management and branded entertainment within the film, TV, music, and digital sectors. The firm aims to capitalize on market opportunities and build upon its foundation as a leading independent entertainment and media company.",Moomoo,https://www.moomoo.com/news/post/72783415/press-release-fast-track-group-secures-strategic-capital-to-support?futusource=news_newspage_recommend,2026-07-10 12:09:28,2026-07-10,2026,7,0.264163,0.349587,0.638879,Bullish,0,0
s-taco-bell-faces-parasite-outbreak-195431273.html,NFLX,"Trending: Netflix considers live TV, Yum Brands' Taco Bell faces parasite outbreak","Netflix is exploring live TV offerings and bundling options as it seeks to expand beyond its current streaming model. Circle's shares rose after receiving regulatory approval to establish a trust bank, allowing it to manage reserve assets and provide digital asset custody services. Yum! Brands' Taco Bell is facing a parasite outbreak, leading to a recall of fresh ingredients, though the financial impact is considered minimal.",Yahoo Finance,https://finance.yahoo.com/video/trending-netflix-considers-live-tv-yum-brands-taco-bell-faces-parasite-outbreak-195431273.html,2026-07-10 20:08:57,2026-07-10,2026,7,0.033433,0.244994,0.809984,Bullish,0,0
olling-stone-heres-what-you-should-know-2026-07-08,NFLX,"Netflix Signs Short-Form Video Deals With Vogue, Rolling Stone: Here's What You Should Know","Netflix is expanding into short-form video content by securing licensing deals with major U.S. publishers such as Penske Media, BuzzFeed Inc., Conde Nast, Hearst Magazines, and People Inc. This move comes as Netflix seeks to re-engage viewers following a decline in its average daily viewing time, contrasting with the rise of platforms like YouTube. Content from brands like Vogue and Rolling Stone will be launched across several countries to capture ""snackable moments"" and drive engagement among ",Sahm,https://www.sahmcapital.com/news/content/netflix-signs-short-form-video-deals-with-vogue-rolling-stone-heres-what-you-should-know-2026-07-08,2026-07-10 01:10:57,2026-07-10,2026,7,-0.071477,0.128447,1.0,,0,0
/netflix-could-planning-always-live-145308712.html,NFLX,Netflix could be planning ‘always-on’ live TV channels,"Netflix is reportedly exploring the launch of ""always-on"" live TV channels, a move that could pit it against free, ad-supported streaming services and boost its advertising revenue. This initiative comes as the company seeks new ways to engage viewers amid signs of slowing engagement and declining audience retention for its original shows. Netflix is also reportedly considering bundling services and recently experimented with short-form video, podcasts, and a gaming app to drive viewership.",Yahoo Finance,https://finance.yahoo.com/media-advertising/articles/netflix-could-planning-always-live-145308712.html,2026-07-10 07:53:00,2026-07-10,2026,7,0.043789,0.047231,0.323196,,0,0
s-sold-by-kestra-advisory-services-llc-2026-07-10/,NFLX,Parker-Hannifin Corporation $PH Shares Sold by Kestra Advisory Services LLC,"Kestra Advisory Services LLC slightly reduced its stake in Parker-Hannifin Corporation by 2.6% in the first quarter, though the industrial products company remains its second-largest holding. Parker-Hannifin delivered strong quarterly results, exceeding revenue and earnings estimates, and raised its quarterly dividend to $2.00 per share. Analysts generally maintain a ""Moderate Buy"" consensus rating with an average target price around $1,026.86.",MarketBeat,https://www.marketbeat.com/instant-alerts/filing-parker-hannifin-corporation-ph-shares-sold-by-kestra-advisory-services-llc-2026-07-10/,2026-07-10 09:38:31,2026-07-10,2026,7,0.330487,0.219991,0.632587,Bullish,0,0
ings-is-netflix-stock-buy-sell-or-fairly-valued-10,NFLX,"Going Into Earnings, Is Netflix Stock a Buy, a Sell, or Fairly Valued?","Morningstar believes Netflix stock is fairly valued at $80 per share ahead of its Q2 2026 earnings release, projecting a 10% compound annual revenue growth through 2030. Analysts will monitor sales growth acceleration, international growth, and potential acquisitions for insights into the company's efforts to reaccelerate growth amidst increasing competition. Despite a """,Morningstar,https://www.morningstar.com/stocks/going-into-earnings-is-netflix-stock-buy-sell-or-fairly-valued-10,2026-07-10 10:05:32,2026-07-10,2026,7,0.046552,0.015804,1.0,,0,0
.com/articles/netflix-stock-price-live-tv-6a3deb6d,NFLX,Netflix Stock: Pivot to Live TV Points To Dangers Ahead,"Netflix, once a streaming behemoth with a $500 billion valuation, is now pivoting towards live TV. This strategic shift from its DVD-by-mail origins, which transformed it into a tech giant, is highlighted in the article. The move potentially signals new challenges for the company.",Barron's,https://www.barrons.com/articles/netflix-stock-price-live-tv-6a3deb6d,2026-07-10 11:34:20,2026-07-10,2026,7,0.007557,0.017629,0.325696,,0,0
09/netflix-vs-comcast-buy-netflix-for-this-reason/,NFLX,Netflix Vs. Comcast: Buy Netflix For This Reason,"This article analyzes the divergent Q1 performances of Netflix and Comcast, recommending Netflix as the cleaner investment due to its strong streaming growth driven by its ad-supported tier and robust financial metrics. In contrast, Comcast, despite narrowing broadband losses, faces challenges from cord-cutting and widening losses in its Peacock streaming service. The author suggests Netflix offers compounding scale and a genuine ad business at a fair price, while Comcast appeals more to investo",24/7 Wall St.,https://247wallst.com/investing/2026/07/09/netflix-vs-comcast-buy-netflix-for-this-reason/,2026-07-10 02:38:27,2026-07-10,2026,7,0.288824,0.459892,1.0,Bullish,0,0
-is-the-main-reason-to-buy-netflix-before-july-16/,NFLX,Here Is the Main Reason to Buy Netflix Before July 16,"Netflix (NASDAQ:NFLX) presents a compelling investment case before its July 16 earnings release, despite being down over 17% year-to-date and 43% from its five-year high. The company projects record operating margins of 31.5% and $12.5 billion in free cash flow, indicating a significant gap between its stock price and strong underlying fundamentals. Key drivers include its successful ad-supported tier, which accounts for 60% of Q1 sign-ups and is targeting $3 billion in ad revenue for 2026, and ",24/7 Wall St.,https://247wallst.com/investing/2026/07/10/here-is-the-main-reason-to-buy-netflix-before-july-16/,2026-07-10 13:08:19,2026-07-10,2026,7,0.091223,0.444741,1.0,Bullish,0,0
ly-14-can-its-investment-banking-surge-keep-going/,NFLX,Goldman Sachs Reports Earnings on July 14. Can Its Investment Banking Surge Keep Going?,"Goldman Sachs is set to report its second-quarter earnings on July 14, following a strong Q1 driven by record M&A activity. The investment bank benefited significantly from a 50% year-over-year increase in global deal volume in Q1, leading to a 48% rise in investment banking revenue. While Q2 revenue and earnings are expected to be slightly lower than Q1, analysts still anticipate substantial year-over-year growth, with the continued strength in M&A activity and lead underwriting roles in major ",The Globe and Mail,https://www.theglobeandmail.com/investing/markets/stocks/GS/pressreleases/3224452/goldman-sachs-reports-earnings-on-july-14-can-its-investment-banking-surge-keep-going/,2026-07-10 13:37:47,2026-07-10,2026,7,0.317076,0.238166,0.640553,Bullish,0,0
oxd-sales-talks-netflix-sony-paramount-1236806379/,NFLX,Netflix in Talks to Buy Letterboxd: Report,"Letterboxd, the popular film-review social network, is reportedly in early talks with several potential buyers, including Netflix, Sony Pictures Entertainment, Paramount, and Alexis Ohanian. The company, majority-owned by Tiny since 2023 at a $50-60 million valuation, is seeking to be acquired, with current discussions floating a $250 million valuation. The potential acquisition raises questions about conflicts of interest, similar to concerns previously voiced about Rotten Tomatoes.",Variety,https://variety.com/2026/digital/news/letterboxd-sales-talks-netflix-sony-paramount-1236806379/,2026-07-10 14:09:20,2026-07-10,2026,7,0.174031,0.268302,0.951673,Bullish,0,0
cles/nflx-stock-drops-hours-netflix-222914396.html,NFLX,NFLX Stock Drops After-Hours — Netflix Reportedly Weighs Launching Live TV As User Engagement Slows,"Netflix's stock dropped after reports that the company is considering adding live television channels and third-party streaming services to combat slowing user engagement. Despite being an industry frontrunner, internal metrics show a dip in viewer hours and completion rates, pushing Netflix to explore new strategies like acquiring short-form videos and bidding for live sports rights such as the FIFA World Cups. These potential changes mark a significant shift from the company's traditional focu",Yahoo Finance,https://finance.yahoo.com/media-advertising/articles/nflx-stock-drops-hours-netflix-222914396.html,2026-07-10 15:38:23,2026-07-10,2026,7,-0.021351,-0.439204,1.0,Bearish,0,0
llion-comeback-is-turning-skeptics-into-believers/,NFLX,Netflix’s $300 Billion Comeback Is Turning Skeptics Into Believers,"Netflix (NFLX) has achieved a $327 billion market capitalization, driven by strong Q1 2026 results including a 16% revenue increase and a 91% surge in free cash flow. Despite recent stock slides, the company reaffirmed its full-year revenue guidance and projects its ad business to double to $3 billion by 2026, supported by 37 analyst Buy ratings. The streaming giant's strategic growth across various regions and shareholder buybacks indicate a robust financial outlook, with Q2 2026 earnings antic",24/7 Wall St.,https://247wallst.com/investing/2026/07/10/netflixs-300-billion-comeback-is-turning-skeptics-into-believers/,2026-07-10 17:17:00,2026-07-10,2026,7,0.66668,0.69157,1.0,Bullish,0,0
ight-midnight-sun-netflix-casting-production-date/,NFLX,Netflix’s Animated Twilight ‘Midnight Sun’ Series Finally Gets Long Awaited New Update,"Netflix and Lionsgate are moving forward with an animated adaptation of Stephenie Meyer’s ""Midnight Sun,"" which tells the ""Twilight"" story from Edward Cullen's perspective. Casting has begun for Jacob and Billy Black, and the series is expected to go into production from August 2026 through May 2027 in Los Angeles, with a potential release in late 2027 or 2028. Author Stephenie Meyer is an executive producer, along with showrunner Sinead Daly and others.",What's on Netflix,https://www.whats-on-netflix.com/news/twilight-midnight-sun-netflix-casting-production-date/,2026-07-10 15:38:51,2026-07-10,2026,7,0.438482,0.405238,1.0,Bullish,0,0
er-a-100-rally-in-a-year-analysts-see-more-upside/,NFLX,Alphabet Stock Looks Undervalued After a 100% Rally in a Year. Analysts See More Upside,"Alphabet (GOOG) has rallied 105.37% over the last year, yet analysts and 24/7 Wall St. consider it undervalued with price targets suggesting over 21% upside. The company's strong Q1 FY2026 results, significant Google Cloud backlog, and AI monetization through Gemini are key drivers for this bullish outlook. Despite some risks like high capital expenditure and regulatory scrutiny, the fundamental factors point to continued growth and an attractive risk/reward profile.",24/7 Wall St.,https://247wallst.com/investing/2026/07/10/alphabet-stock-looks-undervalued-after-a-100-rally-in-a-year-analysts-see-more-upside/,2026-07-10 17:00:45,2026-07-10,2026,7,0.347223,0.258357,0.595636,Bullish,0,0
news/form-4-renn-fund-inc-for-10-july-93CH-2595284,NFLX,Form 4 RENN Fund Inc For: 10 July By Investing.com,"This article from Investing.com reports on the filing of Form 4 for RENN Fund Inc (symbo RCG) on July 10, 2026. Form 4 is a document that must be filed with the U.S. Securities and Exchange Commission (SEC) whenever there is a material change in the holdings of company insiders. The article does not provide details about the content of the Form 4.",Investing.com Nigeria,https://ng.investing.com/news/stock-market-news/form-4-renn-fund-inc-for-10-july-93CH-2595284,2026-07-10 17:11:10,2026-07-10,2026,7,-0.025427,-0.102374,0.585425,,0,0
ories-stock-hits-52week-high-at-23667-93CH-4786297,NFLX,Charles River Laboratories stock hits 52-week high at $236.67,"Charles River Laboratories International Inc. (CRL) stock has reached a new 52-week high of $236.67, with shares trading at $237.85 and a market capitalization of $11.36 billion, driven by a 47.31% increase over the past year. Despite this, InvestingPro analysis suggests the stock is currently overvalued. The company's recent advancements include the expansion of its AI-enabled digital pathology platform and positive analyst upgrades from Argus, Morgan Stanley, and CLSA due to strategic moves an",Investing.com,https://www.investing.com/news/company-news/charles-river-laboratories-stock-hits-52week-high-at-23667-93CH-4786297,2026-07-10 13:37:28,2026-07-10,2026,7,0.092129,-0.342815,0.61872,Bearish,0,0
roperty-trust-stwd-raises-500-million-in-new-notes,NFLX,"Starwood Property Trust (STWD) Raises $500 Million In New Notes, Is It Still Undervalued?","Starwood Property Trust (STWD) is issuing US$500 million in senior unsecured notes due 2029, with proceeds allocated to green and social projects or debt repayment. While the company is considered undervalued at $16.45 compared to a $20.25 fair value based on future earnings, its current P/E ratio of 17.9x is higher than the industry average, suggesting potential overvaluation from a different perspective. Investors are encouraged to weigh both the company's growth potential fueled by infrastruc",Simply Wall Street,https://simplywall.st/stocks/us/diversified-financials/nyse-stwd/starwood-property-trust/news/starwood-property-trust-stwd-raises-500-million-in-new-notes,2026-07-09 07:40:49,2026-07-09,2026,7,0.170798,0.118673,0.609743,,0,0
b63b90a6a8dfe6e07933d50765d7d093815edc3f9e032fb88f7bcc22f82f2abf,NFLX,New Research Finds Structural Budget Reallocation Is Reshaping Global Digital Advertising,"The global digital advertising market is projected to grow from $567.9 billion in 2025 to $2.06 trillion by 2033 at a 17.6% CAGR. Rather than simple growth, the market is characterized by budget reallocation toward emerging platforms combining AI, first-party data, commerce integration, and measurable outcomes. Key growth areas include retail media, connected TV, creator ecosystems, and AI-native advertising, with slower growth in mature channels reflecting this structural shift rather than mark",GlobeNewswire Inc.,https://www.globenewswire.com/news-release/2026/07/09/3325171/0/en/New-Research-Finds-Structural-Budget-Reallocation-Is-Reshaping-Global-Digital-Advertising.html,2026-07-09T19:40:00Z,2026-07-09,2026,7,0.0,0.0,1.0,,0,0
cal-systems-mmsi-could-be-21-below-fair-value-foll,NFLX,Merit Medical Systems (MMSI) Could Be 21% Below Fair Value Following Splashwire Recall,"Merit Medical Systems (MMSI) is currently under focus due to a Class II recall of its Splashwire Hydrophilic Guide Wire units, prompting concerns about quality control and customer relations. Despite a recent 7.6% rebound in its 30-day share price, the stock is down 17.8% year-to-date and 26% over the last year. However, Simply Wall St's valuation narrative suggests MMSI could be 20.6% undervalued, with a fair value of $89.55 against a last close of $71.06, driven by improved operational efficie",Simply Wall Street,https://simplywall.st/stocks/us/healthcare/nasdaq-mmsi/merit-medical-systems/news/merit-medical-systems-mmsi-could-be-21-below-fair-value-foll,2026-07-09 00:39:42,2026-07-09,2026,7,0.263336,0.105539,0.562155,,0,0
ducation-laur-leaves-russell-indexes-is-a-2-underv,NFLX,"Laureate Education (LAUR) Leaves Russell Indexes, Is A 2% Undervalued View Enough?","Laureate Education (LAUR) has been removed from several Russell indexes, which could impact short-term institutional investment despite recent share price gains. The stock is considered 2% undervalued by analysts, with a fair value of $40.25, driven by expansion into Latin American markets and digital learning. However, its P/E ratio is higher than peers and the consumer services industry, suggesting a less clear bargain for investors.",Simply Wall Street,https://simplywall.st/stocks/us/consumer-services/nasdaq-laur/laureate-education/news/laureate-education-laur-leaves-russell-indexes-is-a-2-underv,2026-07-09 02:40:12,2026-07-09,2026,7,0.251858,0.111387,0.62511,,0,0
ase-for-corebridge-financial-crbg-could-change-fol,NFLX,The Bull Case For Corebridge Financial (CRBG) Could Change Following Max Accumulator+ III Index Strategy Expansion,"Corebridge Financial has enhanced its Max Accumulator+ III index universal life insurance product by adding Nasdaq-100 and S&P 500 High Bonus index crediting strategies. This expansion aims to improve long-term cash value outcomes and provide broader diversification options for customers. While these enhancements align with Corebridge's strategy as a provider of retirement and protection solutions, the article suggests they don't materially change near-term catalysts or risks, particularly regar",Simply Wall Street,https://simplywall.st/stocks/us/diversified-financials/nyse-crbg/corebridge-financial/news/the-bull-case-for-corebridge-financial-crbg-could-change-fol,2026-07-09 04:41:23,2026-07-09,2026,7,0.134167,-0.126679,0.629301,,0,0
-butterfield-son-ntb-joins-russell-indexes-with-va,NFLX,Bank of N.T. Butterfield & Son (NTB) Joins Russell Indexes With Valuation Still In Focus,"Bank of N.T. Butterfield & Son (NTB) has been added to several Russell growth and small-cap indexes, which could lead to increased institutional interest and mechanical buying. The stock has seen strong performance with a 20.14% year-to-date return, and while a common narrative suggests it's slightly undervalued at $61.33 compared to its current price of $59.71, this valuation depends on factors like the CIBC Caribbean acquisition's impact and management of concentrated deposits.",Simply Wall Street,https://simplywall.st/stocks/us/banks/nyse-ntb/bank-of-nt-butterfield-son/news/bank-of-nt-butterfield-son-ntb-joins-russell-indexes-with-va,2026-07-09 05:40:07,2026-07-09,2026,7,0.103808,-0.111208,0.591066,,0,0
logic-lwlg-joined-russell-indexes-is-the-stock-a-b,NFLX,"Lightwave Logic (LWLG) Joined Russell Indexes, Is The Stock A Bargain?","Lightwave Logic (LWLG) has been added to several Russell indexes, including the Russell 2000 and 3000, which could impact its trading dynamics and investor attention. Despite mixed short-term stock performance, a common narrative suggests the stock is significantly undervalued, with a fair value of $74.10 compared to its current $6.84 share price, based on its transition to commercialization and future revenue expectations. However, an alternative view highlights a high P/B ratio (13x) compared ",Simply Wall Street,https://simplywall.st/stocks/us/tech/nasdaq-lwlg/lightwave-logic/news/lightwave-logic-lwlg-joined-russell-indexes-is-the-stock-a-b,2026-07-09 06:11:07,2026-07-09,2026,7,0.077748,0.041233,0.59272,,0,0
osition-in-the-walt-disney-company-dis-2026-07-09/,NFLX,Granite Investment Partners LLC Increases Stock Position in The Walt Disney Company $DIS,"Granite Investment Partners LLC significantly increased its stake in The Walt Disney Company by 69.6% during the first quarter, acquiring an additional 21,753 shares. This brings their total holdings to 53,021 shares, valued at approximately $5.11 million. The article also highlights Disney's stronger-than-expected Q1 earnings, with EPS and revenue both beating analyst estimates, and positive analyst sentiment with a ""Moderate Buy"" consensus.",MarketBeat,https://www.marketbeat.com/instant-alerts/filing-granite-investment-partners-llc-increases-stock-position-in-the-walt-disney-company-dis-2026-07-09/,2026-07-09 11:07:36,2026-07-09,2026,7,0.221717,0.092178,0.554254,,0,0
endation-of-moderate-buy-by-brokerages-2026-07-09/,NFLX,"The Walt Disney Company (NYSE:DIS) Given Consensus Recommendation of ""Moderate Buy"" by Brokerages","The Walt Disney Company (NYSE:DIS) has received a consensus ""Moderate Buy"" rating from 22 research firms, with an average 12-month price target of $133.33. Recent analyst reports have been largely positive, and the company's latest quarterly earnings surpassed expectations, with shares currently trading below the average analyst target. Institutional investors hold a significant portion of the company's stock, indicating strong confidence.",MarketBeat,https://www.marketbeat.com/instant-alerts/the-walt-disney-company-nysedis-given-consensus-recommendation-of-moderate-buy-by-brokerages-2026-07-09/,2026-07-09 08:51:39,2026-07-09,2026,7,0.176584,0.022177,0.647097,,0,0
rticles/intel-stock-crashed-21-week-142500586.html,NFLX,Intel Stock Has Crashed 21% in a Week. Here's What Actually Broke the Rally.,"Intel's stock recently crashed 21% due to three main pressures: delays in its 18A manufacturing process reaching profitable yields, AMD surpassing Intel in data center revenue, and a sector-wide sell-off in AI stocks. The delay in 18A is highlighted as the most significant factor, pushing out the anticipated payoff for a stock already priced for success. Despite the dip, Intel is still considered overvalued given its unprofitability and high P/E ratio, making the crash more of a warning than an ",Yahoo Finance,https://finance.yahoo.com/markets/stocks/articles/intel-stock-crashed-21-week-142500586.html,2026-07-09 10:25:00,2026-07-09,2026,7,-0.064682,0.128907,0.599788,,0,0
l-split-versant-content-plus-pipes-media-broadband,NFLX,Pipes dream: Why Comcast gave up on NBC,"Comcast is splitting into two separate companies: Comcast (broadband) and NBCUniversal (entertainment). This move signals the failure of the ""content plus pipes"" business model, which has historically resulted in disaster for other companies like AT&T and Verizon. The article discusses why this model consistently fails, the challenges each new company will face, and the broader implications for the media and telecom industries.",The Verge,https://www.theverge.com/podcast/962994/comcast-nbc-universal-split-versant-content-plus-pipes-media-broadband,2026-07-09 13:46:09,2026-07-09,2026,7,-0.089468,0.221823,0.808906,Bullish,0,0
netflix-heads-q2-earnings-jefferies-185800505.html,NFLX,Netflix heads into Q2 earnings as Jefferies sees limited upside catalyst,"Jefferies has reiterated its 'Buy' rating on Netflix (NFLX) with a $110 price target ahead of its Q2 earnings report. Despite a positive long-term outlook, the brokerage sees limited near-term upside due to concerns around subscriber growth, potential M&A, and AI's impact. Jefferies forecasts 12% constant-currency revenue growth for Q2 and Q3, in line with expectations, and expects investors to focus on subscriber trends, engagement, operating margins, and management's outlook.",Yahoo! Finance Canada,https://ca.finance.yahoo.com/news/netflix-heads-q2-earnings-jefferies-185800505.html,2026-07-09 19:11:57,2026-07-09,2026,7,-0.201967,-0.21984,1.0,Bearish,0,0
NK+PLC+Filed+by%3A+BARCLAYS+BANK+PLC/26753057.html,NFLX,Form FWP BARCLAYS BANK PLC Filed by: BARCLAYS BANK PLC,"Barclays Bank PLC has filed an FWP form detailing market-linked securities auto-callable with a contingent coupon and contingent downside principal at risk. These securities are linked to the performance of Amazon, Alphabet (Class A), and Netflix common stocks, with maturity due July 20, 2028. The term sheet outlines various features including monthly contingent coupon payments, an automatic call feature, and significant risks such as potential principal loss if the securities are not automatica",StreetInsider,https://www.streetinsider.com/SEC+Filings/Form+FWP+BARCLAYS+BANK+PLC+Filed+by%3A+BARCLAYS+BANK+PLC/26753057.html,2026-07-09 19:44:03,2026-07-09,2026,7,0.134769,0.101642,0.612848,,0,0
isa-bowen-as-new-ceo-effective-friday-93CH-4784917,NFLX,"FuboTV names Alisa Bowen as new CEO, effective Friday","FuboTV has appointed Alisa Bowen as its new CEO, effective Friday, succeeding co-founder David Gandler. Bowen, previously president of Disney+, brings extensive experience from her leadership roles at Disney's streaming division and other major media companies. The transition occurs as FuboTV, valued at $1.01 billion, faces stock volatility but analysts anticipate continued sales growth, especially following its combination with Hulu + Live TV and recent content expansion deals.",Investing.com,https://www.investing.com/news/company-news/fubotv-names-alisa-bowen-as-new-ceo-effective-friday-93CH-4784917,2026-07-09 20:40:01,2026-07-09,2026,7,0.105718,-0.115326,0.627341,,0,0
216203/why-cohu-stock-raced-nearly-6-higher-today/,NFLX,Why Cohu Stock Raced Nearly 6% Higher Today,"Cohu's stock surged nearly 6% today after Baird analyst Quinn Fredrickson initiated coverage with an ""outperform"" rating and a $65 price target, citing the company's strong position in the artificial intelligence market. Fredrickson believes Cohu can generate significant revenue from AI-related activities like software analytics, power management, and hardware testing, and that it is well-suited to weather semiconductor sector downturns. The article also includes a disclaimer about Motley Fool's",The Globe and Mail,https://www.theglobeandmail.com/investing/markets/stocks/NFLX/pressreleases/3216203/why-cohu-stock-raced-nearly-6-higher-today/,2026-07-09 23:10:37,2026-07-09,2026,7,0.372496,0.325547,0.562787,Bullish,0,0
s/ani-pharmaceuticals-cfo-sells-240-215646356.html,NFLX,"ANI Pharmaceuticals CFO Sells $240,000 in Stock After a 42% Cortrophin Surge","Stephen Carey, CFO of ANI Pharmaceuticals, sold 2,850 shares of common stock worth $239,742 as part of a pre-scheduled Rule 10b5-1 plan. This sale represented a modest 1.6% reduction of his direct holdings and is not considered a signal of a negative outlook on the company. The company reported strong Q1 revenue growth, largely driven by a 42.1% surge in Cortrophin Gel sales, and raised its full-year guidance.",Yahoo Finance,https://finance.yahoo.com/markets/stocks/articles/ani-pharmaceuticals-cfo-sells-240-215646356.html,2026-07-09 22:17:05,2026-07-09,2026,7,0.053611,0.042482,0.600766,,0,0
6b1d50eacad70b7d1f1acda044af52c4913b04d01590f7cd000fd0ebc7d38a67,NFLX,Why July 16 Could Be a Turning Point for the Netflix Stock Price,"Netflix's stock price has declined 19% year-to-date following the company's withdrawal from Warner Bros. Discovery asset acquisition. The July 16 earnings report will be critical, with investors watching whether ad revenue is on track to reach $3 billion and if content costs stabilize in the second half of the year. Strong performance on these metrics could reverse the stock's downward trend.",The Motley Fool,https://www.fool.com/investing/2026/07/08/why-july-16-could-be-a-turning-point-for-the-netfl/?source=iedfolrf0000001,2026-07-08T09:22:00Z,2026-07-08,2026,7,0.0,0.0,1.0,,0,0
oups-russell-growth-index-exit-could-be-a-game-cha,NFLX,Everest Group’s Russell Growth Index Exit Could Be A Game Changer For Everest Group (EG),"Everest Group (EG) was removed from several Russell Growth indexes in June 2026, which may impact how institutional funds perceive and trade the stock, especially around its upcoming Q2 earnings. Despite this, the core business drivers, primarily catastrophe loss exposure and risk transfer initiatives like Annapurna Re Ltd., remain the key investment factors. Investors should consider diverse fair value estimates and note the company's property catastrophe exposure.",Simply Wall Street,https://simplywall.st/stocks/us/insurance/nyse-eg/everest-group/news/everest-groups-russell-growth-index-exit-could-be-a-game-cha,2026-07-08 17:38:23,2026-07-08,2026,7,0.085889,0.147362,0.600989,,0,0
b6f735243850a14e20ea19f6fed2c3e9703b8d061462d9f04da0295c392d54bb,NFLX,Why Netflix Stock Dropped 24% in the First Half of 2026,"Netflix stock fell 24% in H1 2026 amid investor concerns about future growth opportunities, failed acquisition attempts, and founder Reed Hastings' departure. Despite strong fundamentals including 16% YoY revenue growth, 32.3% operating margins, and 300+ million subscribers, uncertainty about the company's next strategic direction has weighed on the stock, which now trades at 25x trailing earnings.",The Motley Fool,https://www.fool.com/investing/2026/07/08/why-netflix-dropped-24-in-the-first-half-of-2026/?source=iedfolrf0000001,2026-07-08T09:30:09Z,2026-07-08,2026,7,0.0,0.0,1.0,,0,0
atural-resources-stock-leads-reliable-dividend-ide,NFLX,Canadian Natural Resources Stock Leads Reliable Dividend Ideas For Income Focused Investors,"This article identifies several dividend powerhouse stocks, focusing on Canadian Natural Resources (TSX:CNQ), Manulife Financial (TSX:MFC), and IGM Financial (TSX:IGM), for income-focused investors amidst market volatility. It highlights their dividend yields, operational strengths, and potential risks. The piece suggests these companies offer reliable cash income and disciplined investment opportunities.",Simply Wall Street,https://simplywall.st/stocks/ca/energy/tsx-cnq/canadian-natural-resources-shares/news/canadian-natural-resources-stock-leads-reliable-dividend-ide,2026-07-08 17:40:58,2026-07-08,2026,7,0.066337,-0.137648,0.556125,,0,0
obal-rely-is-up-77-after-russell-2000-defensive-ad,NFLX,Remitly Global (RELY) Is Up 7.7% After Russell 2000 Defensive Additions And Analyst Reaffirmations - Has The Bull Case Changed?,"Remitly Global (RELY) was recently added to the Russell 2000 Defensive and Growth-Defensive indices, and analysts reaffirmed positive ratings due to strong revenue and improved GAAP profitability. This highlights Remitly's growing recognition in defensive growth portfolios, though the investment narrative remains focused on scaling digital remittance services while managing competitive and regulatory risks. Key developments include the expansion of Remitly Business with Bulk Payments and Send by",Simply Wall Street,https://simplywall.st/stocks/us/diversified-financials/nasdaq-rely/remitly-global/news/remitly-global-rely-is-up-77-after-russell-2000-defensive-ad,2026-07-08 20:12:09,2026-07-08,2026,7,0.24366,-0.067663,0.564538,,0,0
icles/netflix-stock-slumps-ahead-q2-170422617.html,NFLX,Netflix Stock Slumps Ahead of Q2 Earnings. Staying on the Sidelines May Be the Smartest Move.,"Netflix (NFLX) stock has experienced a near 24% decline in the last three months, raising investor concerns before its Q2 2026 earnings report on July 16. The company's reaffirmed, rather than raised, full-year revenue guidance and projected lower operating margins point to moderating growth and increased content amortization expenses. While user engagement and the growing ad-supported tier are positive factors, analysts suggest caution, recommending investors stay on the sidelines until clearer",Yahoo Finance,https://finance.yahoo.com/markets/stocks/articles/netflix-stock-slumps-ahead-q2-170422617.html,2026-07-08 21:56:19,2026-07-08,2026,7,-0.291654,-0.28904,1.0,Bearish,0,0
om-russell-defensive-indices-could-be-a-game-chang,NFLX,Removal From Russell Defensive Indices Could Be A Game Changer For Marriott Vacations Worldwide (VAC),"Marriott Vacations Worldwide (VAC) was recently removed from the Russell 2000 Defensive and Value-Defensive Indices, which may lead to technical selling by index-tracking funds. This change, however, is not expected to materially alter the company's turnaround narrative, which is centered on new leadership and capitalizing on strong leisure demand. While the index removal raises questions about long-term growth risks, the company's investment narrative projects significant revenue and earnings g",Simply Wall Street,https://simplywall.st/stocks/us/consumer-services/nyse-vac/marriott-vacations-worldwide/news/removal-from-russell-defensive-indices-could-be-a-game-chang,2026-07-08 22:40:07,2026-07-08,2026,7,0.090535,0.038272,0.58414,,0,0
t-financial-tfcs-index-additions-and-ubs-downgrade,NFLX,What Truist Financial (TFC)'s Index Additions and UBS Downgrade Decision Means For Shareholders,"Truist Financial (TFC) was recently added to two Russell 1000 defensive indices while simultaneously being downgraded by UBS Securities due to concerns over leadership changes and the Federal Reserve's interest rate policy. This creates a tension for investors, as the index inclusions highlight TFC's defensive value, but the downgrade points to near-term earnings uncertainty. The article emphasizes that despite these new concerns, the bank's fundamental long-term thesis remains intact, though it",Simply Wall Street,https://simplywall.st/stocks/us/banks/nyse-tfc/truist-financial/news/what-truist-financial-tfcs-index-additions-and-ubs-downgrade,2026-07-08 19:39:51,2026-07-08,2026,7,0.058474,0.130357,0.55876,,0,0
0b01b2a11acca74808405eea38d61658b0ea1a09e46c8aa53c86635d9bf10b33,NFLX,3 Unstoppable Stocks to Buy Before the Next Market Rally -- Including Netflix (NFLX) Stock,"The article recommends three tech stocks as attractive buying opportunities: Netflix, which has fallen 47% but maintains strong long-term growth; Microsoft, down 24% with robust cloud and AI revenue growth; and Nvidia, up 27% but still reasonably valued with exceptional revenue growth driven by AI demand.",The Motley Fool,https://www.fool.com/investing/2026/07/06/3-unstoppable-stocks-buy-next-market-rally/?source=iedfolrf0000001,2026-07-06T14:27:00Z,2026-07-06,2026,7,0.0,0.0,1.0,,0,0
1b6287ce25c056eeafbb055fc8d0c1b77c7401183c62fd8f4c4ff72079f52e20,NFLX,Q2 Earnings Season Is About to Kick Off. These 5 Reports Will Set the Market's Tone.,"Q2 earnings season begins with five key reports that will determine whether the market's rally is supported by actual earnings growth. Delta Air Lines (July 10) will signal consumer spending on travel, JPMorgan Chase (July 14) will reveal credit quality and economic health, Netflix (July 16) will show if pricing power holds amid competition, Taiwan Semiconductor (July 16) will indicate AI chip demand trends, and Tesla (July 22) will demonstrate EV demand sustainability. Together, these reports w",The Motley Fool,https://www.fool.com/investing/2026/07/06/q2-earnings-season-is-about-to-kick-off-these-5-re/?source=iedfolrf0000001,2026-07-06T04:02:00Z,2026-07-06,2026,7,0.0,0.0,1.0,,0,0
842dd4e5eb232217e83e9e980ba9b4c67c6e04370dd345e4b9c09426b7ef5712,NFLX,My 12 Top Ranked Stocks to Buy Right Now in July (2026),"An investment analyst presents 12 top-ranked stocks to buy in July 2026, offering opportunities across semiconductor, growth, and dividend stock categories despite market volatility earlier in the year.",The Motley Fool,https://www.fool.com/investing/2026/07/02/my-12-top-ranked-stocks-to-buy-right-now-in-july-2/?source=iedfolrf0000001,2026-07-02T23:27:30Z,2026-07-02,2026,7,0.0,0.0,1.0,,0,0
18195f71690e219b637be54a26f2fba00f40dcd3193faebeda1fc5ca47d6ca4b,NFLX,Should You Buy Netflix Stock Before the Huge Investor Update?,"Netflix is scheduled to report quarterly financial results that could significantly impact shareholders. The streaming pioneer is currently out of favor with investors, with the stock down 46% as of the article date in July 2026.",The Motley Fool,https://www.fool.com/investing/2026/07/02/should-you-buy-netflix-stock-before-the-huge-inves/?source=iedfolrf0000001,2026-07-02T05:13:15Z,2026-07-02,2026,7,0.0,0.0,1.0,,0,0
2da3b45fb4637d0c3577a02af4619ba2d2698a5131de001bc6b01da59f2ef250,NFLX,Should You Buy Netflix Stock Right Now?,"Netflix stock has fallen 44% over the past year and now trades at 24x trailing earnings, down from 50+ times previously. Despite the sell-off driven by market drama rather than fundamentals, the company demonstrates strong operational efficiency with 48.5% return on equity, double-digit revenue growth (16% YoY), and impressive profitability metrics that outpace entertainment sector rivals. Analysts view the current valuation as attractive for long-term investors.",The Motley Fool,https://www.fool.com/investing/2026/06/30/should-you-buy-netflix-stock-right-now/?source=iedfolrf0000001,2026-06-30T20:17:00Z,2026-06-30,2026,6,0.0,0.0,1.0,,0,0
28098fdef61256048f17fbe19280e4d1d05d1105fb08619a56595c38b2ad233a,NFLX,"France Licensing Day Breaks Records, Moves to New Paris Location in Biggest Edition Yet","France Licensing Day 2026 achieved record attendance with 550+ attendees and 55 exhibitors at its new Paris venue on June 30. The event facilitated 500+ meetings between major brands including Paramount, Netflix, Warner Bros. Discovery, and Mattel with French retailers and licensees. The 8th annual Licensing International France Awards recognized excellence across 17 categories, with winners including Mattel's Barbie collaboration and Netflix's LEGO One Piece line.",GlobeNewswire Inc.,https://www.globenewswire.com/news-release/2026/06/30/3320083/0/en/France-Licensing-Day-Breaks-Records-Moves-to-New-Paris-Location-in-Biggest-Edition-Yet.html,2026-06-30T19:41:00Z,2026-06-30,2026,6,0.0,0.0,1.0,,0,0
ea52768adb26bcebeb50140791250b6c1c5c2b10171974c73ae1fa7089d89b5b,NFLX,Should You Buy Netflix Stock Before July 16?,"Netflix stock has declined over 20% in 2026 following co-founder Reed Hastings' departure announcement, raising concerns about the company's future direction and potential acquisition rumors. Despite growth slowing to 16% (below its 10-year 20% average), the stock trades at a reasonable 24x earnings. The author suggests Netflix remains a solid long-term buy for patient investors ahead of its July 16 earnings report, arguing the market may have overreacted to leadership changes.",The Motley Fool,https://www.fool.com/investing/2026/06/29/should-you-buy-netflix-stock-before-july-16/?source=iedfolrf0000001,2026-06-29T19:16:53Z,2026-06-29,2026,6,0.0,0.0,1.0,,0,0
3d265aa737075498204b93ccba93dc5b4f3770e0d5740cb0b9a1a8b58ad04283,NFLX,Revealed! 3 Undervalued Stocks I Just Bought,"The author identifies three undervalued stocks purchased at attractive prices in a volatile market. The stocks mentioned are Netflix, Mastercard, and Eli Lilly, which the author believes present good investment opportunities despite recent market volatility.",The Motley Fool,https://www.fool.com/investing/2026/06/26/revealed-3-undervalued-stocks-i-just-bought/?source=iedfolrf0000001,2026-06-27T00:20:00Z,2026-06-27,2026,6,0.0,0.0,1.0,,0,0
89eeab405fda16f0c91ea3dc4bc0890f3c3944c381696c368aa01b778be887c0,NFLX,"Vietnam Tech Summit 2026 to Bring AI Leaders, Founders, Investors, and Vietnamese Tech Talent to Silicon Valley","Vietnam Tech Summit 2026, the largest Vietnamese-led tech summit in the United States, will take place August 7-8 at the Computer History Museum in Mountain View, California. The fifth annual summit has grown from 100 attendees in 2022 to over 900 in 2025, featuring company tours, keynotes on AI, recruiting opportunities, mentorship, and the Vietnam AI Stars startup competition. The event aims to help Vietnamese and Vietnam-connected tech talent build careers in the AI era.",GlobeNewswire Inc.,https://www.globenewswire.com/news-release/2026/06/27/3318523/0/en/Vietnam-Tech-Summit-2026-to-Bring-AI-Leaders-Founders-Investors-and-Vietnamese-Tech-Talent-to-Silicon-Valley.html,2026-06-27T01:20:00Z,2026-06-27,2026,6,0.0,0.0,1.0,,0,0
610f7e6c760c096c59501a460f62d07ec578a88f7d683bc1a856fa943c3d70e8,NFLX,"Ranking the FAANG Stocks From Most to Least Attractive, Based on Future Cash Flow","Based on 2027 cash-flow-per-share estimates, Meta Platforms and Amazon emerge as the most attractive FAANG stocks, trading at historically low valuations despite heavy AI investments. Apple is ranked as the least attractive, with stagnant hardware sales being masked by massive share buybacks exceeding $853 billion since 2013.",The Motley Fool,https://www.fool.com/investing/2026/06/26/ranking-faang-stocks-from-most-to-least-attractive/?source=iedfolrf0000001,2026-06-26T11:06:00Z,2026-06-26,2026,6,0.0,0.0,1.0,,0,0
60619904090a7c8fe1e216448b0bde0322b62de5f86f0a0833f6707075632dae,NFLX,2 Excellent Stocks to Buy on the Dip,"Netflix and Shopify have experienced significant stock declines due to company-specific concerns and broader industry headwinds, but both companies maintain strong financial performance and competitive advantages. Netflix benefits from its dominant streaming position, growing user base of 325+ million subscribers, and AI-powered innovations, while Shopify shows accelerating revenue growth of 34% year-over-year and improving profitability metrics despite a steep valuation. Both stocks are positio",The Motley Fool,https://www.fool.com/investing/2026/06/26/2-excellent-stocks-to-buy-on-the-dip/?source=iedfolrf0000001,2026-06-26T05:15:00Z,2026-06-26,2026,6,0.0,0.0,1.0,,0,0
792c3236a6183a0aec556d9309c78eb6aec59d25b2d8f0715cc16ab5a11f405f,NFLX,"Meet the Growth Stock That's Cheaper Than 6 ""Magnificent Seven"" Stocks. Here's Why It's a No-Brainer Buy Before the End of June.","Netflix stock has fallen 22.3% year-to-date and now trades at a cheaper valuation than six of the Magnificent Seven stocks. Despite concerns about acquisition attempts and price hikes, the article argues Netflix remains an excellent buy due to its strong content pipeline, international revenue diversification, and low forward P/E ratio of 20.2x compared to the S&P 500's 22.4x. The company is positioned as a non-AI growth stock offering portfolio diversification.",The Motley Fool,https://www.fool.com/investing/2026/06/25/meet-the-growth-stock-thats-cheaper-than-six-magni/?source=iedfolrf0000001,2026-06-25T08:05:00Z,2026-06-25,2026,6,0.0,0.0,1.0,,0,0
c521f5b1fdc7966a5ad0bd4f9dc6d790ec6f3e214c082b0f5f361534f4c43867,NFLX,Netflix Stock Is Trading Near a 52-Week Low. Is It Finally a Buy?,"Netflix stock has fallen 46% from its mid-2025 peak to around $72, hitting a 52-week low. While the company faces headwinds including slowing revenue growth and failed acquisition attempts, its advertising business is booming with revenue expected to double to $3 billion in 2026. At 23x forward earnings, the stock offers a reasonable entry point for long-term investors, though it's not yet a bargain and the bottom may not be in.",The Motley Fool,https://www.fool.com/investing/2026/06/24/netflix-stock-is-trading-near-a-52-week-low-is-it/?source=iedfolrf0000001,2026-06-24T23:16:00Z,2026-06-24,2026,6,0.0,0.0,1.0,,0,0
8cfdc58a4d2dc0fbd93c61d914a863c2229a46116847f8f46a7ccc89be83724d,NFLX,This Could Be the Real Reason Netflix Stock Continues to Struggle,"Netflix stock has declined over 40% in the past 12 months amid investor concerns about potential acquisitions and leadership changes. The company denied rumors of acquiring Lionsgate Studios, and co-founder Reed Hastings stepped down as chairman in April. Despite these headwinds, Netflix maintains solid fundamentals with consistent profitability, double-digit growth, and a P/E ratio in line with the S&P 500 average, potentially making it an attractive buy at current valuations.",The Motley Fool,https://www.fool.com/investing/2026/06/23/this-could-be-the-real-reason-netflix-stock-contin/?source=iedfolrf0000001,2026-06-23T11:30:00Z,2026-06-23,2026,6,0.0,0.0,1.0,,0,0
cd5cb5a6dc8ae6a994f040815b75fb3d3a003a0cf5055df28bdba4383e77ce0c,NFLX,2 Wide-Moat Stocks That Are Drop-Dead Bargains Right Now,"Despite the S&P 500 trading at expensive valuations, Netflix and Microsoft present attractive buying opportunities. Netflix has fallen 41% over the past year and now trades at a P/E ratio of 28, similar to the broader market despite faster growth and stronger profitability. Microsoft has declined roughly a third from its peak and trades at a P/E of 21, its cheapest since before the pandemic, with strong fundamentals in cloud infrastructure and software businesses remaining intact despite AI disr",The Motley Fool,https://www.fool.com/investing/2026/06/22/2-wide-moat-stocks-that-are-drop-dead-bargains-rig/?source=iedfolrf0000001,2026-06-23T03:30:00Z,2026-06-23,2026,6,0.0,0.0,1.0,,0,0
9b53b08d134d6fecf5bcb109cd9ecd72a11988aa70edef909e6eb9a2116a8f47,NFLX,"After Missing Out on Roku, Netflix Claims It Won't Buy Lionsgate. Here's Why the Market Hates That Answer.","Netflix's stock has fallen 17.5% year-to-date after losing bidding wars for Warner Bros. Discovery and Roku, and denying interest in acquiring Lionsgate. However, the article argues the market is overreacting, as Netflix's business model has shifted to prioritizing original content rather than legacy libraries, with strong financial performance including 47% revenue growth and 215% net income growth over three years.",The Motley Fool,https://www.fool.com/investing/2026/06/22/netflix-claims-it-wont-buy-lionsgate-heres-why-the/?source=iedfolrf0000001,2026-06-22T19:05:00Z,2026-06-22,2026,6,0.0,0.0,1.0,,0,0
7338dee79231f0a02cd5c552792122752772742590d1a59e9b4193c50cd4fdaf,NFLX,Netflix Finally Makes an Acquisition That Wall Street Actually Likes,"Netflix is acquiring Radford Studio Center in California for approximately $400 million, a significant discount from its $1.85 billion sale price five years ago. The deal signals Netflix's commitment to ramping up original content production. Despite this positive move, Netflix stock has declined 37% over the past year amid disappointing earnings results and failed bids for other major acquisitions like Warner Bros. Discovery and Roku.",The Motley Fool,https://www.fool.com/investing/2026/06/21/netflix-finally-makes-an-acquisition-that-wall-str/?source=iedfolrf0000001,2026-06-21T13:33:00Z,2026-06-21,2026,6,0.0,0.0,1.0,,0,0
990cd9ca47a2d3b503de2326a438b4be0ee12c740aeae58d03ead52c0006fb25,NFLX,3 Reasons Why Netflix Is Down 31% Since Completing Its 10-For-1 Stock Split,"Netflix stock has declined 31% since its November 2025 stock split, driven by three main factors: failed acquisition attempts (losing Paramount and Roku deals to competitors), increased competition from major streaming services, and a valuation correction from elevated P/E ratios. The stock now trades at approximately 25x earnings, potentially presenting a buying opportunity despite ongoing competitive pressures.",The Motley Fool,https://www.fool.com/investing/2026/06/21/3-reasons-why-netflix-is-down-31-since-completing/?source=iedfolrf0000001,2026-06-21T08:05:00Z,2026-06-21,2026,6,0.0,0.0,1.0,,0,0
b9cfb3232f68d6a2c4a5b5ad73d470a02f85692647c9922544c857ce4ca70a21,NFLX,Is Netflix Stock Cheap or Overvalued? Here's What Investors Need to Know.,"Netflix stock has declined 42% from its June 2025 peak but remains up 715% over the past decade. Trading at a P/E ratio of 24.9 (in line with the S&P 500), the stock appears fairly valued. However, growth headwinds include intense competition from YouTube and Instagram, slowing subscriber growth with 325+ million users, and rising content costs. The analyst concludes Netflix is neither cheap nor expensive at current levels.",The Motley Fool,https://www.fool.com/investing/2026/06/20/netflix-stock-cheap-overvalued-investors-need-know/?source=iedfolrf0000001,2026-06-20T21:29:00Z,2026-06-20,2026,6,0.0,0.0,1.0,,0,0
7dcec58e3a070fb5db15a860733a11f1721e0ea880b1192216530ad61dd498b5,NFLX,The Netflix-Lionsgate Rumor Exposed a Bigger Shift in Media Acquisitions,"A failed Netflix-Lionsgate acquisition rumor revealed a fundamental shift in media industry strategy. Rather than acquiring content-heavy studios burdened with debt, major tech companies are now prioritizing distribution infrastructure and advertising technology. Recent mega-mergers like Paramount-Skydance and Fox's $22 billion Roku acquisition demonstrate that control of digital distribution platforms and viewer data yields higher margins than traditional content production.",Investing.com,https://www.investing.com/analysis/the-netflixlionsgate-rumor-exposed-a-bigger-shift-in-media-acquisitions-200682484,2026-06-19T14:33:00Z,2026-06-19,2026,6,0.0,0.0,1.0,,0,0
5dfe4fdd6c465b1bb889d05cfc76f248cc7a9023ecfa187fe1c63d72076ae7e9,NFLX,"Is Netflix Better Off Without Roku or Warner Bros., or Are Cracks Forming Beneath the Surface?","Netflix walked away from bidding wars for both Warner Bros. Discovery and Roku, with the latter acquisition going to Fox for $22 billion. Rather than signaling weakness, the article argues Netflix's disciplined approach to acquisitions—prioritizing original content and avoiding overpayment—demonstrates strong business acumen and strategic focus on profitability over growth.",The Motley Fool,https://www.fool.com/investing/2026/06/19/is-netflix-better-off-without-roku-or-warner-bros/?source=iedfolrf0000001,2026-06-19T23:29:00Z,2026-06-19,2026,6,0.0,0.0,1.0,,0,0
7f47b2f0abc34015b996876360e4be0590e87f339ec8a57feeeea8eb5a7fc65a,NFLX,Here's What Fox Buying Roku Means for Netflix Investors,"Fox's $22 billion acquisition of Roku highlights Netflix's disciplined approach to M&A after walking away from the deal. Netflix has learned to balance growth ambitions with financial caution, avoiding strategically difficult acquisitions that could strain partnerships with Sony and Amazon. The company is now exploring smaller opportunities like an $8 billion Lionsgate deal instead.",The Motley Fool,https://www.fool.com/investing/2026/06/17/what-fox-buying-roku-means-for-netflix-investors/?source=iedfolrf0000001,2026-06-17T18:19:00Z,2026-06-17,2026,6,0.0,0.0,1.0,,0,0
e1e184667569e3e48b96d4aa4d3ae05d034d3bccb3a7bdcd4140cb376cfab55e,NFLX,"Buy, Sell, or Hold: Where 5 of Wall Street's Hottest Stocks Stand Right Now",The article evaluates five hot tech stocks: Nvidia and ServiceNow are recommended as buys due to compelling valuations and strong growth prospects; Figma is also a buy candidate after a significant decline made it more attractive; IonQ is rated a sell due to an unjustifiably high valuation relative to its business; Netflix is rated a hold as the company faces uncertainty despite its market leadership.,The Motley Fool,https://www.fool.com/investing/2026/06/17/buy-sell-or-hold-where-5-of-wall-streets-hottest-s/?source=iedfolrf0000001,2026-06-17T10:15:00Z,2026-06-17,2026,6,0.0,0.0,1.0,,0,0
e8b87913c492cf3ed9a5166d53d45e3a632b21805a60fe5d8a6a09743baace86,NFLX,"Fox Is Buying Roku. Is It a Better Buy than Netflix, Disney, and Paramount Skydance?","Fox Corp announced a $22 billion acquisition of Roku, combining a major media network with a leading streaming distribution platform. The deal positions Fox to capitalize on the declining cable TV market by controlling a key distribution gateway, while avoiding regulatory complications that larger media consolidations face. The pairing of Fox's content (including sports and ad-supported services like Tubi) with Roku's 100+ million household reach offers significant synergy opportunities in an in",The Motley Fool,https://www.fool.com/investing/2026/06/17/fox-is-buying-roku-is-it-a-better-buy-than-netflix/?source=iedfolrf0000001,2026-06-17T07:25:00Z,2026-06-17,2026,6,0.0,0.0,1.0,,0,0
f1fda43f7ca61b72509c73fad047b6e0dca987a4695325202bed66b684f78f43,NFLX,"Stock Market Today, June 16: Netflix Falls After Missing Out on Another Media Acquisition","Netflix stock fell 3.59% on June 16, 2026, as investors reacted to reports of failed media acquisitions and a defamation lawsuit. The company missed out on acquiring Roku to Fox and had previously declined to bid on Warner Bros. Discovery. Concerns about Netflix's strategic direction and streaming competition weighed on the stock, while broader markets also declined.",The Motley Fool,https://www.fool.com/coverage/stock-market-today/2026/06/16/stock-market-today-june-16-netflix-falls-after-missing-out-on-another-media-acquisition/?source=iedfolrf0000001,2026-06-16T21:05:19Z,2026-06-16,2026,6,0.0,0.0,1.0,,0,0
70f72bfad74d9d64cbc92d54344834773db0f8ade9ced24715c3c67fd3853d04,NFLX,Plot Twist: How the $110B Paramount-Warner Deal Rewrites Media,"The DOJ's approval of Paramount Skydance's $110.9 billion acquisition of Warner Bros. Discovery without requiring asset spin-offs signals a major shift in media consolidation policy. This decision removes the regulatory ceiling that has suppressed legacy media valuations and creates a 14% merger arbitrage spread in WBD stock. The deal reflects the streaming industry's need for premium content libraries and positions legacy studios for defensive consolidation, though both companies face margin co",Investing.com,https://www.investing.com/analysis/plot-twist-how-the-110b-paramountwarner-deal-rewrites-media-200682255,2026-06-16T19:45:00Z,2026-06-16,2026,6,0.0,0.0,1.0,,0,0
1329ce17cfb48c44993322129d7125ede950d7a3a5bf106d275ac59b81a16601,NFLX,Netflix Flexes 'M&A Muscle' As Bidding Contests Spook Wall Street,"Netflix shares fell 3.47% after losing a bidding contest for Roku to Fox Corp's $22 billion offer. The streaming giant's M&A activity, including failed pursuits of Roku and Warner Bros. Discovery, has drawn scrutiny from Wall Street. Netflix's stock remains in a longer-term downtrend, trading significantly below key moving averages, with weak technical momentum and down 35.43% over the past 12 months.",Benzinga,https://www.benzinga.com/m-a/26/06/53230620/netflix-hidden-bidding-contests-are-spooking-wall-street?utm_source=benzinga_taxonomy&utm_medium=rss_feed_free&utm_content=taxonomy_rss&utm_campaign=channel,2026-06-16T16:36:37Z,2026-06-16,2026,6,0.0,0.0,1.0,,0,0
11a45514fb71d0351af7cab160cbdfba1919da1c498916ccdbb1145de4589b1b,NFLX,3 of the Best Growth Stocks to Buy for Less Than $100 Today,"The article recommends three growth stocks trading below $100: Netflix (down 16% YTD but with solid 16% revenue growth), Robinhood Markets (down 15% YTD with impressive revenue growth from $1.4B to $4.6B), and Uber Technologies (down 10% YTD with $52B in annual revenue and strong profitability). All three are positioned as long-term buys despite recent market headwinds.",The Motley Fool,https://www.fool.com/investing/2026/06/16/3-of-the-best-growth-stocks-to-buy-for-less-than-1/?source=iedfolrf0000001,2026-06-16T15:35:09Z,2026-06-16,2026,6,0.0,0.0,1.0,,0,0
407e1f55b684f3828635221e8a2f3af91e99972b0ef0846d7f3bd87943c749d6,NFLX,Fox Stock Is Down 15% After Announcing a $22 Billion Roku Deal. Is This a Buying Opportunity?,"Fox Corp. announced its acquisition of Roku for $22 billion ($160 per share), a 28% premium to Roku's pre-announcement price. Fox's stock fell 15% due to shareholder dilution concerns and worries about integrating Roku's hardware business with Fox's media operations. The deal is expected to make Fox the third-largest U.S. media provider and deliver $400 million in cost synergies, though analysts caution about execution risks from combining different business models.",The Motley Fool,https://www.fool.com/investing/2026/06/15/fox-stock-is-down-15-after-announcing-a-usd22-billion-roku-deal-is-this-a-buying-opportunity/?source=iedfolrf0000001,2026-06-15T17:17:45Z,2026-06-15,2026,6,0.0,0.0,1.0,,0,0
8bea7be64a7ad19a5f79332f5afe903ac155b05752fc4391167c24a22a60b3f9,NFLX,Roku Is Worth More As A Takeover Target — Here Are The Companies That Might Buy It,"Roku shares experienced volatility following takeover speculation. Needham analyst Laura Martin raised the price target from $140 to $170, arguing Roku is worth more to potential acquirers than its fundamental valuation suggests. The analyst identified multiple categories of companies that could benefit from acquiring Roku's connected TV platform and data, including tech/advertising firms, entertainment companies, retailers, AI companies, and data analytics firms.",Benzinga,https://www.benzinga.com/analyst-stock-ratings/price-target/26/06/53204539/roku-is-worth-more-as-a-takeover-target-here-are-the-companies-that-might-want?utm_source=benzinga_taxonomy&utm_medium=rss_feed_free&utm_content=taxonomy_rss&utm_campaign=channel,2026-06-15T17:07:50Z,2026-06-15,2026,6,0.0,0.0,1.0,,0,0
2df631faf4718c3c50080fbd6f46f6588c90707cfb485e7864c0cbf860367716,NFLX,Roku For Sale? JPMorgan Sees Comcast As The Most Logical Buyer,"JPMorgan analyst Cory Carpenter identifies Comcast as the most logical buyer for Roku, which is reportedly exploring a potential sale. While Amazon, Netflix, Disney, Fox, and AppLovin are also potential suitors, Comcast's combination of content, advertising operations, and distribution capabilities makes it the strongest strategic fit to acquire Roku's 100+ million household footprint and advertising platform.",Benzinga,https://www.benzinga.com/m-a/26/06/53201232/roku-for-sale-jpmorgan-sees-comcast-as-the-most-logical-buyer?utm_source=benzinga_taxonomy&utm_medium=rss_feed_free&utm_content=taxonomy_rss&utm_campaign=channel,2026-06-15T15:41:46Z,2026-06-15,2026,6,0.0,0.0,1.0,,0,0
d8ac513e1df89f8ad5fa34ae7ab9e5ea7f7d23a27ec99650e4eee438386d5fb5,NFLX,5 Potential Buyers of Roku That Actually Make Sense,"Roku stock surged 20% after reports of potential acquisition talks. The article identifies five strategic buyers that make sense: Comcast (needs a pivot from declining cable business), Microsoft (could strengthen Xbox streaming presence), Netflix (seeking a transformative deal after missing Warner Bros. Discovery), The Trade Desk (facing revenue deceleration), and Disney (could leverage streaming assets). Roku is in a strong negotiating position with $2B+ cash, no debt, and accelerating growth.",The Motley Fool,https://www.fool.com/investing/2026/06/15/5-potential-buyers-of-roku-that-actually-make-sens/?source=iedfolrf0000001,2026-06-15T09:18:00Z,2026-06-15,2026,6,0.0,0.0,1.0,,0,0
c262cd6afa2b39dc46c80eb69420cac91cfef474059c6806fffbdcf1ab57d731,NFLX,Roku Stock Skyrocketed on Friday. Investors Should Be Paying Attention.,"Roku stock surged over 20% on Friday following reports of acquisition discussions with a major U.S. media company. The streaming pioneer has demonstrated strong fundamentals with 22% revenue growth in Q1 2026, profitability since Q2 2025, and its Howdy subscription service gaining over 1 million subscribers. With a PEG ratio of 0.19 and reach to over 100 million households, Roku presents an attractive investment opportunity regardless of acquisition outcome.",The Motley Fool,https://www.fool.com/investing/2026/06/13/roku-stock-skyrocketed-on-friday-investors-should-be-paying-attention/?source=iedfolrf0000001,2026-06-13T07:02:01Z,2026-06-13,2026,6,0.0,0.0,1.0,,0,0
a31885970c1328934c14193839f56ac22b576a7d13680c2e61c797fc526c961c,NFLX,The $4.7 Billion US-Canada Bridge That Trump Tried To Stop Was Finally Ready— Then The Opening Got Delayed,"The opening of the $4.7 billion Gordie Howe International Bridge connecting Detroit and Windsor, Ontario has been delayed at the request of the Trump administration. The delay comes amid volatile trade relations between the U.S. and Canada, with Trump previously citing issues over alcoholic beverages, dairy tariffs, and trade negotiations. Canadian Prime Minister Mark Carney confirmed the delay but did not specify the outstanding issues that need resolution.",Benzinga,https://www.benzinga.com/news/politics/26/06/53162078/the-4-7-billion-us-canada-bridge-that-trump-tried-to-stop-was-finally-ready-then-the-opening-got-de?utm_source=benzinga_taxonomy&utm_medium=rss_feed_free&utm_content=taxonomy_rss&utm_campaign=channel,2026-06-12T11:12:22Z,2026-06-12,2026,6,0.0,0.0,1.0,,0,0
cd9684fd391cd812df02cbfcdc9c2b4a65be3532ed5a5e47c47d4b43278942a0,NFLX,Denver Teen with Down Syndrome Stars in Award-Winning Film Debuting on Netflix During Father’s Day Weekend,"Jeremiah Daniels, a Denver teenager with Down syndrome, stars in the award-winning film 'Color Book,' which debuts on Netflix on June 19, 2026. The film, which won 30 festival awards including Best U.S. Feature Film at the 2024 Denver Film Festival, tells the story of a single father raising his son with Down syndrome. Jeremiah and his father will also appear at the 6th International Conference of the Trisomy 21 Research Society in Denver during the same week.",GlobeNewswire Inc.,https://www.globenewswire.com/news-release/2026/06/11/3310749/0/en/Denver-Teen-with-Down-Syndrome-Stars-in-Award-Winning-Film-Debuting-on-Netflix-During-Father-s-Day-Weekend.html,2026-06-11T17:57:00Z,2026-06-11,2026,6,0.0,0.0,1.0,,0,0
812bee9ea4b3668e10899aab5c9380a7f2dca6e72e49d2dfc59b0f78465ee779,NFLX,4 Top Stocks I'm Buying In June,"Neil Rozenbaum discusses four interesting companies worth attention during uncertain market times. Three major AI and cybersecurity names recently sold off after earnings, with the next market move potentially deciding whether the bull run continues.",The Motley Fool,https://www.fool.com/investing/2026/06/11/4-top-stocks-im-buying-in-june/?source=iedfolrf0000001,2026-06-11T12:15:00Z,2026-06-11,2026,6,0.0,0.0,1.0,,0,0
d38e60181f79d89886289cc0bc5d1c094c3e4a6a8691249646827b34e7bc735d,NFLX,S&P 500 Rebound Faces a Key Test as Downside Risks Persist,"Global equities rebounded Thursday as oil prices retreated, but investors remain cautious. The semiconductor sector faces pressure as AI optimism is reassessed amid valuation concerns. Inflation data keeps Fed rate hike expectations elevated, while geopolitical tensions in the Middle East continue to influence energy markets. The S&P 500 remains in a short-term bearish trend despite today's gains, with key technical support levels at 7,354 and 7,256.",Investing.com,https://www.investing.com/analysis/sp-500-rebound-faces-a-key-test-as-downside-risks-persist-200681974,2026-06-11T11:28:00Z,2026-06-11,2026,6,0.0,0.0,1.0,,0,0
85161e09bc697aa2d1595c8c3ae29258bad17fabaf5b5a6469040ede235696fd,NFLX,Is The Trade Desk Still Investable as the Internet Closes?,"The Trade Desk faces significant structural challenges as digital advertising shifts from the open web to closed, proprietary platforms like those run by major tech companies. Investors remain cautious about the company's ability to adapt and reignite growth, with questions about leadership's strategic direction and the company's valuation in this changing landscape.",The Motley Fool,https://www.fool.com/investing/2026/06/09/is-the-trade-desk-still-investable-as-the-internet/?source=iedfolrf0000001,2026-06-10T00:31:33Z,2026-06-10,2026,6,0.0,0.0,1.0,,0,0
a127042c2ad6e07b239a2d83dabd6aaeed044866e583739bed17d75174186195,NFLX,Paramount Accuses Netflix Of Waging 'Scorched-Earth Campaign' To Derail Warner Bros. Discovery Deal: Report,"Paramount has accused Netflix of orchestrating a 'scorched-earth campaign' to undermine its proposed $110 billion acquisition of Warner Bros. Discovery. In a letter to the DOJ, Paramount countered union concerns about job losses, arguing the merger would create more jobs and boost competition. Netflix previously withdrew from bidding for Warner Bros. in February, while the deal also faces opposition from Senator Elizabeth Warren over national security concerns.",Benzinga,https://www.benzinga.com/m-a/26/06/53082468/paramount-accuses-netflix-of-waging-scorched-earth-campaign-to-derail-warner-bros-discovery-deal-report?utm_source=benzinga_taxonomy&utm_medium=rss_feed_free&utm_content=taxonomy_rss&utm_campaign=channel,2026-06-09T12:05:14Z,2026-06-09,2026,6,0.0,0.0,1.0,,0,0
190c63bc072fec584e2a1e6f34397da964e0b838965cf24a8230d10be33193b6,NFLX,Will Netflix Become a Trillion-Dollar Stock by 2030?,"Netflix would need to grow its market cap by 192% over the next four years to reach $1 trillion by 2030, requiring a 30.7% annualized growth rate. However, analysts believe this is unlikely due to the company's elevated valuation (P/E of 26.3), slowing growth prospects (13.3% expected revenue growth in 2026), and increased competition in the streaming market.",The Motley Fool,https://www.fool.com/investing/2026/06/08/will-netflix-become-trillion-dollar-stock-by-2030/?source=iedfolrf0000001,2026-06-08T17:37:00Z,2026-06-08,2026,6,0.0,0.0,1.0,,0,0
4679d6134896f3258e2606d31125d4752a0a6e600a75db203c5e10527b07dbcc,NFLX,"$1,000 and 1 Stock: This Is the Consumer Play for the Long Term","Roku is positioned as an attractive long-term consumer play for investors with $1,000 to deploy. The streaming platform company, which aggregates multiple streaming services, is benefiting from advertising dollars shifting from traditional cable to connected TV. With free cash flow expected to double from $484 million in 2025 to $1 billion by 2028, and earnings projected to grow at 107% CAGR through 2028, Roku offers significant upside potential despite being down 75% from its peak.",The Motley Fool,https://www.fool.com/investing/2026/06/06/1000-1-stock-this-is-the-consumer-play-long-term/?source=iedfolrf0000001,2026-06-06T11:30:00Z,2026-06-06,2026,6,0.0,0.0,1.0,,0,0
4914f7547db1f4467f7574d42e916d387156680942ae7abfee5561ce1229e08c,NFLX,2 Growth Stocks to Invest $500 in Right Now,"The article recommends Nvidia and Netflix as attractive growth stocks for a $500 investment despite market volatility. Nvidia is positioned to benefit from continued AI infrastructure spending and the emerging agentic AI market, while trading at reasonable valuations. Netflix, despite recent declines, has strong competitive advantages and growth opportunities in podcasts and sports streaming.",The Motley Fool,https://www.fool.com/investing/2026/06/05/2-growth-stocks-to-invest-500-in-right-now/?source=iedfolrf0000001,2026-06-05T13:15:00Z,2026-06-05,2026,6,0.0,0.0,1.0,,0,0
be538174d6bd8ae0c9c294e8b1776aa2b786881a7b92103fc23f2b19341ba766,NFLX,"Netflix, Disney+ And Amazon Just Dodged Massive Canadian Streaming Levies That Would Have Cost Billions","Canadian Prime Minister Mark Carney has halted regulations under the Online Streaming Act that would have required U.S. streaming services Netflix, Amazon Prime Video, and Disney+ to invest billions in Canadian television production. The decision, citing affordability concerns for consumers, came after trade discussions between Canadian and U.S. officials, though the government denies it's tied to ongoing trade negotiations with the Trump administration.",Benzinga,https://www.benzinga.com/news/politics/26/06/52994973/netflix-disney-and-amazon-just-dodged-massive-canadian-streaming-levies-that-would-have-cost-billio?utm_source=benzinga_taxonomy&utm_medium=rss_feed_free&utm_content=taxonomy_rss&utm_campaign=channel,2026-06-04T11:06:44Z,2026-06-04,2026,6,0.0,0.0,1.0,,0,0
cb39c39b2aaac360d2b98ae79ab6e63e8fd4331ae4bed70d256125b2c3445511,NFLX,"If You'd Invested $10,000 in Netflix Stock 10 Years Ago, Here's How Much You'd Have Today","A $10,000 investment in Netflix stock 10 years ago would be worth $83,500 today, representing a 735% gain that significantly outperforms the S&P 500. Netflix's growth was driven by massive content and technology investments, subscriber expansion from 71 million to over 325 million, and 565% revenue growth. However, the stock currently trades 36% below its peak and maintains a P/E ratio of 27.7, which analysts suggest is not in bargain territory.",The Motley Fool,https://www.fool.com/investing/2026/06/03/invested-10000-netflix-stock-10-years-ago-how-much/?source=iedfolrf0000001,2026-06-03T11:25:00Z,2026-06-03,2026,6,0.0,0.0,1.0,,0,0
7127da02f0e1a57902c9c13ffe368d550a9363774851d6669f7f87a6170ebc3a,NFLX,Brand Licensing Europe Exhibitor Numbers at Record High as Visitor Registration Opens,"Brand Licensing Europe (BLE) announces record growth for its October 2026 event at Excel London, with exhibitor numbers up 16% year-on-year and 222 confirmed exhibitors. The event follows a successful 2025 edition that attracted over 11,000 visitors. New exhibitors include Tate Modern, ATP Tour, and Del Monte Europe, while returning participants span heritage, sports, entertainment, and retail sectors.",GlobeNewswire Inc.,https://www.globenewswire.com/news-release/2026/06/03/3305797/0/en/Brand-Licensing-Europe-Exhibitor-Numbers-at-Record-High-as-Visitor-Registration-Opens.html,2026-06-03T07:00:00Z,2026-06-03,2026,6,0.0,0.0,1.0,,0,0
