Date,Close,High,Low,Open,Volume,ticker
2023-06-08,16.467456817626953,17.038032236760884,14.28024877701504,17.038032236760884,75500,LANDP
2023-06-09,16.16632080078125,16.522931429718096,15.950770360607605,16.150471103603987,41800,LANDP
2023-06-12,15.682917594909668,16.237643409002406,15.358004839163604,16.063301269403606,74900,LANDP
2023-06-13,15.437246322631836,15.80970652727406,15.223280015051389,15.46102086064405,187300,LANDP
2023-06-14,15.215357780456545,15.453097131725269,14.993466610831783,15.453097131725269,58900,LANDP
2023-06-15,15.722543716430664,16.443688488247407,15.159891420726762,15.215365374452478,83500,LANDP
2023-06-16,15.999899864196776,16.17424195883547,15.770083842095346,15.849330798389287,84100,LANDP
2023-06-20,16.507078170776367,16.641797544693812,15.9048034115872,16.00782490949995,47100,LANDP
2023-06-21,16.464292526245117,16.578408564503583,16.25349723768746,16.324819383721316,35500,LANDP
2023-06-22,16.16632080078125,16.526893098257254,16.10292352358251,16.522931429718096,45000,LANDP
2023-06-23,16.150466918945312,16.364433240867783,15.999899369304988,16.166316612015848,53400,LANDP
2023-06-26,16.09066390991211,16.40960639398199,15.955113164077694,16.34581789716801,43500,LANDP
2023-06-27,16.110599517822266,16.33784616081333,15.947141379515744,15.947141379515744,39500,LANDP
2023-06-28,16.050796508789062,16.170401281181835,15.947140762998233,16.162427528299794,34100,LANDP
2023-06-29,15.97904109954834,16.02688211194577,15.923224810773243,15.987013334249276,12500,LANDP
2023-06-30,16.162431716918945,16.26608748957297,15.883356377074373,16.074721933323673,24000,LANDP
2023-07-03,16.130535125732422,16.208675787441944,16.06674661319676,16.146482634075863,4000,LANDP
2023-07-05,16.06674575805664,16.202296530085103,15.923221232280852,15.923221232280852,10800,LANDP
2023-07-06,15.779702186584473,15.99179831029526,15.612256357553342,15.979041517769188,33400,LANDP
2023-07-07,15.78767204284668,15.89930308566136,15.65610889492268,15.763752300044956,18700,LANDP
2023-07-10,15.931197166442873,15.987011929475177,15.819567640378263,15.819567640378263,16800,LANDP
2023-07-11,15.947138786315918,16.058768271152076,15.89132404389784,15.99497977684032,19200,LANDP
2023-07-12,16.042827606201172,16.146483373504253,15.899303066213692,15.971065336207433,7100,LANDP
2023-07-13,15.97106647491455,16.066748494502704,15.835515679799434,15.97106647491455,15900,LANDP
2023-07-14,15.939169883728027,16.05877315684576,15.853055466249735,16.02687966040549,8600,LANDP
2023-07-17,16.01093101501465,16.018904768768124,15.88335399663509,16.018904768768124,6500,LANDP
2023-07-18,16.01890754699707,16.074722312113572,15.867409241082076,16.066748556977174,26300,LANDP
2023-07-19,16.21824836730957,16.24615575245653,15.915251727373375,16.058776291465424,87000,LANDP
2023-07-20,16.166095733642578,16.31050775451828,16.061799013144707,16.31050775451828,7500,LANDP
2023-07-21,16.214235305786133,16.35062428965053,16.08586938335405,16.1628895489103,6400,LANDP
2023-07-24,16.13400650024414,16.35062302114123,16.0778466048174,16.230280169477872,39600,LANDP
2023-07-25,16.06982421875,16.182144014319586,16.005641259818457,16.182144014319586,25600,LANDP
2023-07-26,16.15005111694336,16.166097238588268,16.045754386736224,16.045754386736224,17100,LANDP
2023-07-27,16.190168380737305,16.314522012931327,16.166099195356573,16.302488185362247,12200,LANDP
2023-07-28,16.182146072387695,16.20621525888909,16.101916980959007,16.134009229627537,5600,LANDP
2023-07-31,16.262372970581055,16.342602051189594,16.125983992619265,16.222257665155567,18700,LANDP
2023-08-01,16.182146072387695,16.214236790813583,16.04575707603172,16.19016913455483,9500,LANDP
2023-08-02,15.989594459533691,16.23830322356735,15.965525277114027,16.08586812872758,17500,LANDP
2023-08-03,15.9815673828125,16.02649528784563,15.821109267486758,15.949475147650556,17900,LANDP
2023-08-04,15.91739273071289,16.021689488811212,15.88530047884092,15.957506515310062,15700,LANDP
2023-08-07,15.837153434753418,15.957496241306746,15.80666642720078,15.9254055403387,11700,LANDP
2023-08-08,15.772976875305176,15.981571871722078,15.732863100327569,15.780999936349184,17800,LANDP
2023-08-09,15.973546981811523,16.045752992698045,15.540312446734648,15.716815178767115,92700,LANDP
2023-08-10,15.885297775268556,16.222258711361768,15.612519801752974,15.949480737846187,43200,LANDP
2023-08-11,15.997614860534668,16.00563792000729,15.724836959434118,15.885293558160123,14100,LANDP
2023-08-14,15.96552276611328,16.08586559879974,15.65263109508006,16.0457518313183,9000,LANDP
2023-08-15,15.805066108703612,15.96552270829038,15.76495081112532,15.77297387064098,23300,LANDP
2023-08-16,15.885297775268556,16.001629873141308,15.772977973318326,15.772977973318326,15500,LANDP
2023-08-17,15.84518337249756,15.885297148685376,15.797046535023687,15.805069596309744,24600,LANDP
2023-08-18,15.789020538330078,15.885294195379156,15.69274535103881,15.84518042664907,11200,LANDP
2023-08-21,15.724844932556152,15.724844932556152,15.644615827392736,15.724844932556152,5700,LANDP
2023-08-22,15.728870391845703,15.745019499409093,15.543160275057694,15.6642755016558,8700,LANDP
2023-08-23,15.736952781677246,15.736952781677244,15.54316801461446,15.575466245823804,11100,LANDP
2023-08-24,15.68850040435791,15.72887163639711,15.543161504914735,15.615830954636325,22400,LANDP
2023-08-25,15.906511306762695,15.906511306762695,15.43012329992636,15.623908016934765,25900,LANDP
2023-08-28,15.462421417236328,15.631984022889664,15.34130615037776,15.62390946642387,27200,LANDP
2023-08-29,15.615837097167969,15.668320951514623,15.527018503668156,15.527018503668156,5800,LANDP
2023-08-30,15.575464248657228,15.664281292965487,15.567389691890252,15.567389691890252,9800,LANDP
2023-08-31,15.478571891784668,15.720802446810309,15.438200645968498,15.454348220256382,21500,LANDP
2023-09-01,15.543166160583496,15.583537404715155,15.422050888124266,15.56738983110104,24900,LANDP
2023-09-05,15.486645698547363,15.583537299836962,15.422050784332884,15.583537299836962,6400,LANDP
2023-09-06,15.405901908874512,15.510868068571291,15.31708332293275,15.438200136513064,14700,LANDP
2023-09-07,15.37360668182373,15.559316888195475,15.26863897209055,15.405903372466277,21800,LANDP
2023-09-08,15.478571891784668,15.559315923481318,15.349382057095754,15.418013482996104,13400,LANDP
2023-09-11,15.502792358398438,15.607758499859264,15.36633498844177,15.502792358398438,16900,LANDP
2023-09-12,15.36553192138672,15.535093010167497,15.292862443319418,15.502796319951134,10000,LANDP
2023-09-13,15.260560035705566,15.405898952055976,15.187890577530364,15.405898952055976,47700,LANDP
2023-09-14,15.30901050567627,15.413978217365408,15.195969776224366,15.300937487913504,14300,LANDP
2023-09-15,15.228266716003418,15.341307435868185,15.1394481275015,15.276712518793415,18900,LANDP
2023-09-18,15.163667678833008,15.276708367983671,15.058700004566916,15.139444013987628,11300,LANDP
2023-09-19,15.179817199707031,15.300933999437015,14.98764800345166,15.171744183784844,15300,LANDP
2023-09-20,15.257038116455078,15.38709265620251,15.126983576707646,15.240780911393546,17500,LANDP
2023-09-21,15.15137004852295,15.22452593162024,15.110728580301185,15.135114391457824,9000,LANDP
2023-09-22,15.257038116455078,15.281422373674967,14.956286024306388,14.980671831898682,7600,LANDP
2023-09-25,15.192007064819336,15.281418569655644,15.078208208089094,15.12697981113292,7200,LANDP
2023-09-26,14.75307559967041,15.20013943624976,14.75307559967041,14.980671819222028,17900,LANDP
2023-09-27,14.92377471923828,15.37896565577376,14.71243568253938,15.37896565577376,15500,LANDP
2023-09-28,14.75307559967041,14.956286011650366,14.655535470128578,14.875001536783904,31600,LANDP
2023-09-29,14.688051223754885,14.956288958402885,14.647409753500495,14.948160354277466,14800,LANDP
2023-10-02,14.874999046325684,14.874999046325684,14.70755420341093,14.736815927299832,17200,LANDP
2023-10-03,14.0377779006958,14.875003941141989,12.928248282802157,14.875003941141989,46000,LANDP
2023-10-04,14.123128890991213,14.273504217740497,14.021523647171133,14.25724855701275,12700,LANDP
2023-10-05,14.07029151916504,14.866877683826369,13.907724084821734,14.866877683826369,14700,LANDP
2023-10-06,14.175960540771484,14.269437155888856,13.826438340540603,13.932107085777275,10100,LANDP
2023-10-09,14.159704208374023,14.447450279795996,13.98087957062995,14.135318396256457,3400,LANDP
2023-10-10,13.875208854675291,14.232859669869462,13.842695989860903,14.175960993664797,23300,LANDP
2023-10-11,13.956491470336914,14.224729158161637,13.909346194788192,13.919913533343886,16900,LANDP
2023-10-12,13.875208854675291,14.208473858479184,13.867080250878534,14.021520622271664,17300,LANDP
2023-10-13,14.021520614624023,14.062162083213003,13.899594658484432,13.96462193845039,9300,LANDP
2023-10-16,14.192214965820312,14.390549464092828,14.05403336879988,14.05403336879988,9900,LANDP
2023-10-17,14.265372276306152,14.452327059500153,14.07029043983524,14.395426833953428,26500,LANDP
2023-10-18,14.346656799316406,14.346656799316406,13.915851657391872,13.915851657391872,27100,LANDP
2023-10-19,14.088783264160156,14.637271722267789,13.90868315904673,14.637271722267789,21000,LANDP
2023-10-20,13.9168701171875,14.39168091755196,13.884123790954405,14.121529971852022,16200,LANDP
2023-10-23,13.63035011291504,14.37203776198868,13.63035011291504,13.957805666699691,22100,LANDP
2023-10-24,13.92505931854248,14.088786296218474,13.91687273544402,13.91687273544402,7200,LANDP
2023-10-25,13.613973617553713,14.1993009600134,13.556669104825774,14.065044449989257,23200,LANDP
2023-10-26,13.720394134521484,14.027383855892676,13.71220755457993,13.753138892857235,10400,LANDP
2023-10-27,13.74496078491211,14.465363006231025,13.74496078491211,14.465363006231025,14000,LANDP
2023-10-30,13.9168701171875,14.121529971852022,13.835005863035535,13.957801463548094,8200,LANDP
2023-10-31,13.76951789855957,14.121533178341409,13.76951789855957,13.990550966529254,9500,LANDP
2023-11-01,14.019206047058104,14.121536018204514,13.961901513045149,13.998740365115111,10200,LANDP
2023-11-02,14.432615280151367,14.48992136303555,13.916873025642536,14.096973173270948,41600,LANDP
2023-11-03,14.571781158447266,14.760069413117504,14.416240791735092,14.735509668222049,15200,LANDP
2023-11-06,14.694581031799316,14.760072135502416,14.59225108467378,14.7355123860771,25400,LANDP
2023-11-07,14.686392784118652,14.981101936665064,14.612715105624323,14.612715105624323,10100,LANDP
2023-11-08,14.71913719177246,14.825561196521187,14.539037071761124,14.80918803249356,5800,LANDP
2023-11-09,14.548860549926758,14.776442229126946,14.309817967786442,14.760070625948847,10900,LANDP
2023-11-10,14.678210258483888,14.782996353778191,14.358941271060184,14.67411618553001,13200,LANDP
2023-11-13,14.776444435119627,14.776444435119627,14.57997111477247,14.768259413024088,7000,LANDP
2023-11-14,14.735513687133787,14.85012273837573,14.57178513270426,14.85012273837573,24700,LANDP
2023-11-15,14.776444435119627,14.93198639926448,14.450626842485496,14.46536206826108,23400,LANDP
2023-11-16,14.891057968139648,14.981107281759511,14.7437025585762,14.751889143711,16700,LANDP
2023-11-17,15.051791191101074,15.23066437882602,14.919902677209055,14.919902677209055,13400,LANDP
2023-11-20,14.944631576538086,15.24138153451246,14.944631576538086,15.05179198235558,11900,LANDP
2023-11-21,14.87868595123291,15.076520286557669,14.86220106681838,14.919902092856836,15100,LANDP
2023-11-22,15.167196273803713,15.216654083322087,14.862204614165718,14.944633772617877,6700,LANDP
2023-11-24,15.224895477294922,15.224895477294922,15.08476372369837,15.086412998452072,6800,LANDP
2023-11-27,15.31556797027588,15.604074679319655,15.191922687038568,15.241380485886475,31700,LANDP
2023-11-28,15.422725677490234,15.610667500605286,15.249622607964502,15.40624079389371,20500,LANDP
2023-11-29,15.43921184539795,15.653531050505592,15.406240506584814,15.406240506584814,19100,LANDP
2023-11-30,15.7442045211792,15.867849789507606,15.430968164363357,15.65353059069542,16800,LANDP
2023-12-01,16.073930740356445,16.073930740356445,15.828287829764752,15.847247416157469,28600,LANDP
2023-12-04,16.03271484375,16.073929418493062,15.645290923330124,15.991498696771693,23000,LANDP
2023-12-05,15.975008010864258,16.03271060136532,15.867849201546232,15.90906376538359,6900,LANDP
2023-12-06,15.78541660308838,15.991492541959598,15.702985913092965,15.946155583850386,14600,LANDP
2023-12-07,15.587590217590332,15.917311539174351,15.587590217590332,15.744208434930972,8200,LANDP
2023-12-08,15.550493240356444,15.824162745151447,15.496913045405686,15.824162745151447,5300,LANDP
2023-12-11,15.57934284210205,15.807675366471235,15.57934284210205,15.661773543620711,7100,LANDP
2023-12-12,15.69475269317627,15.744210504857383,15.49691830198085,15.72772404355185,15700,LANDP
2023-12-13,15.723602294921877,15.744209584231058,15.49691739581468,15.505160625985432,27100,LANDP
2023-12-14,15.76893711090088,15.876097526864896,15.571104310931156,15.579347540792645,35000,LANDP
2023-12-15,15.79797649383545,15.947325775404146,15.648625629690732,15.68181383140288,17200,LANDP
2023-12-18,15.739068984985352,15.856060946119143,15.739068984985352,15.789682943740589,10800,LANDP
2023-12-19,15.764782905578612,15.864350651841864,15.723297267804714,15.806268543352513,12700,LANDP
2023-12-20,15.72330093383789,15.93902819965174,15.449491545992306,15.93902819965174,27800,LANDP
2023-12-21,15.515870094299316,15.731597367938791,15.474382862771677,15.582248082167478,19100,LANDP
2023-12-22,15.524162292480469,15.59883770902188,15.49097409767078,15.50756898636347,36900,LANDP
2023-12-26,15.50757122039795,15.681812829045516,15.41464077987666,15.524164528905391,45800,LANDP
2023-12-27,15.582247734069824,15.764786800985442,15.449491761299187,15.499274855444169,27300,LANDP
2023-12-28,15.6652193069458,15.9307328397551,15.34992426168784,15.565653116896364,29700,LANDP
2023-12-29,15.764782905578612,15.905836289615763,15.1424888435163,15.63202696561137,76300,LANDP
2024-01-02,15.756494522094728,15.7813868686185,15.499279938321942,15.764791970935985,14900,LANDP
2024-01-03,15.557357788085938,15.72330357085603,15.449494137088768,15.648628126867116,17600,LANDP
2024-01-04,15.549055099487305,15.65692029670205,15.507569459066705,15.557352544086571,14100,LANDP
2024-01-05,15.557357788085938,15.665221439083108,15.457790001908627,15.532465445897545,17400,LANDP
2024-01-08,15.822866439819336,15.86186427610481,15.557354509404318,15.598840155065687,14400,LANDP
2024-01-09,15.922440528869627,15.943183359938669,15.6818192572544,15.76479216410712,7800,LANDP
2024-01-10,15.922440528869627,15.972223639950634,15.773089613050049,15.947331293121849,5800,LANDP
2024-01-11,15.68181324005127,15.93902772828109,15.598840365035723,15.847758990082356,19800,LANDP
2024-01-12,15.598843574523926,15.773086806165,15.582250262167484,15.773086806165,18300,LANDP
2024-01-16,15.831164360046388,15.847759251838784,15.557354975775771,15.59884062268078,23300,LANDP
2024-01-17,15.690112113952637,15.81457064651641,15.598841784870352,15.615436677899153,12600,LANDP
2024-01-18,15.825358390808104,15.872652097812724,15.681815564789732,15.831166445442925,19200,LANDP
2024-01-19,15.773083686828612,16.138163390267856,15.69177093334572,15.797976024304916,49000,LANDP
2024-01-22,15.860783576965332,16.09046812071611,15.710444139440806,15.710444139440806,9600,LANDP
2024-01-23,15.885839462280272,15.952656807937608,15.660330323292577,15.910894971244783,17000,LANDP
2024-01-24,15.935949325561523,16.05705624151251,15.752202054948611,15.885836723221804,12700,LANDP
2024-01-25,16.02950096130371,16.06123932971678,15.869139601088635,15.869139601088635,18300,LANDP
2024-01-26,16.18651580810547,16.25583901935886,15.935951174288013,15.935951174288013,5500,LANDP
2024-01-29,16.18651580810547,16.244982376177227,15.994416149308678,16.244982376177227,13600,LANDP
2024-01-30,16.194869995117188,16.478844128320127,16.119700277913395,16.22827946634166,29200,LANDP
2024-01-31,16.057058334350586,16.22827787495763,16.01947347943435,16.21992550797057,17900,LANDP
2024-02-01,15.994413375854492,16.11969567103909,15.90254054234622,16.11969567103909,19200,LANDP
2024-02-02,16.07793617248535,16.19486610759987,15.994414107524602,15.994414107524602,22600,LANDP
2024-02-05,16.194869995117188,16.32015391915769,16.119700277913395,16.32015391915769,24500,LANDP
2024-02-06,16.50389862060547,16.53730649349311,16.128050094050664,16.128050094050664,24900,LANDP
2024-02-07,16.495546340942383,16.662590485412842,16.45378610135028,16.52060344052826,24100,LANDP
2024-02-08,16.34520721435547,16.61247657572473,16.320151707384007,16.412024554697783,23900,LANDP
2024-02-09,16.428730010986328,16.57071706459322,16.320152425546294,16.320152425546294,18300,LANDP
2024-02-12,16.579065322875977,16.70434761135096,16.4287259394857,16.595770052819503,30400,LANDP
2024-02-13,16.528953552246094,16.704348446267513,16.32849996900617,16.32849996900617,34300,LANDP
2024-02-14,16.7043514251709,16.7043514251709,16.57071674121362,16.57071674121362,22400,LANDP
2024-02-15,16.888097763061523,16.913154862281782,16.712702847672713,16.712702847672713,20500,LANDP
2024-02-16,16.913162231445312,16.913162231445312,16.763657515811055,16.796232236905688,17100,LANDP
2024-02-20,16.89214515686035,17.060225238239887,16.808104314697715,16.808104314697715,24100,LANDP
2024-02-21,16.850128173828125,17.001401407192336,16.791300050396742,16.791300050396742,19800,LANDP
2024-02-22,16.791296005249023,17.00980155603037,16.69885252053266,16.89214533751186,10400,LANDP
2024-02-23,16.81650733947754,16.956854846442823,16.777007553436167,16.79129460777375,12600,LANDP
2024-02-26,16.616491317749023,16.967781683878425,16.616491317749023,16.74087189186761,20200,LANDP
2024-02-27,16.70725440979004,16.88458027610418,16.62321517345903,16.749275630901227,16200,LANDP
2024-02-28,16.62321662902832,16.875337565989035,16.62321662902832,16.665236250873164,11200,LANDP
2024-02-29,16.740873336791992,16.892146544522436,16.640865543905306,16.83331843105968,9000,LANDP
2024-03-01,16.80810546875,16.875337826507167,16.72406462081708,16.72406462081708,11100,LANDP
2024-03-04,16.80810546875,16.892146316682922,16.682044998323544,16.80810546875,19900,LANDP
2024-03-05,16.732467651367188,16.866932357121307,16.732467651367188,16.866932357121307,15400,LANDP
2024-03-06,16.850128173828125,16.866936667078846,16.6904522967847,16.73247192696536,6700,LANDP
2024-03-07,16.732467651367188,16.866932357121307,16.70389354073165,16.816508493199944,14500,LANDP
2024-03-08,17.06022834777832,17.06022834777832,16.682046893534583,16.79970313223983,32800,LANDP
2024-03-11,16.766090393066406,17.01905134614504,16.66524102760831,17.01905134614504,22500,LANDP
2024-03-12,16.749282836914062,16.83752503479331,16.690454704994565,16.690454704994565,13300,LANDP
2024-03-13,16.715662002563477,16.900552206599315,16.715662002563477,16.757683232092532,12600,LANDP
2024-03-14,16.728267669677734,16.808105594189623,16.682045122822373,16.766085971382495,18600,LANDP
2024-03-15,16.648427963256836,16.800541112072032,16.648427963256836,16.698853433618375,18900,LANDP
2024-03-18,16.682043075561523,16.803902210871556,16.64002185496548,16.71649999556658,13100,LANDP
2024-03-19,16.766923904418945,16.816507822799547,16.631619260494766,16.698851610691566,26800,LANDP
2024-03-20,17.007110595703125,17.091679718386473,16.64514804031951,16.86334082886777,22100,LANDP
2024-03-21,16.702648162841797,17.11704278445495,16.62653470039736,16.837960626509282,35900,LANDP
2024-03-22,16.837963104248047,17.040931829616515,16.71110785252426,16.728022316234643,31200,LANDP
2024-03-25,16.837963104248047,16.909001916169203,16.832043203254617,16.87179203166881,8600,LANDP
2024-03-26,16.74493408203125,17.06545718028457,16.65190776375517,16.863333707281075,22600,LANDP
2024-03-27,16.829509735107422,16.93945216140689,16.499685682313842,16.829509735107422,24600,LANDP
2024-03-28,16.93099021911621,16.93944745056056,16.655290603627883,16.804134973554895,34200,LANDP
2024-04-01,16.905622482299805,17.049392224405555,16.829508994534862,16.91407971572395,43500,LANDP
2024-04-02,16.871797561645508,17.040937415031255,16.829511388509644,16.88025318322011,11200,LANDP
2024-04-03,17.320011138916016,17.66674952186796,16.91407375590668,16.91407375590668,42800,LANDP
2024-04-04,17.5145263671875,17.5145263671875,16.99864810354696,17.14241782591776,35100,LANDP
2024-04-05,17.210079193115234,17.522988814724044,17.184707488774276,17.522988814724044,11500,LANDP
2024-04-08,17.201614379882812,17.26504280626448,17.04093021595398,17.12550091344557,24100,LANDP
2024-04-09,17.05784797668457,17.20161770630669,17.05784797668457,17.159333155909913,15700,LANDP
2024-04-10,16.770305633544922,17.35384168437577,16.322082056377468,17.040930580871713,41300,LANDP
2024-04-11,16.415109634399414,17.007102903752603,16.364367861128308,17.007102903752603,14700,LANDP
2024-04-12,16.53350830078125,16.639221273581775,16.364368512131584,16.372825743521858,4900,LANDP
2024-04-15,16.273880004882812,16.77876533118665,16.161401877716145,16.601166675239753,15800,LANDP
2024-04-16,16.169857025146484,16.313626732640248,16.169857025146484,16.313626732640248,14400,LANDP
2024-04-17,16.313629150390625,16.474311731422485,16.163092667645056,16.474311731422485,19400,LANDP
2024-04-18,16.445573806762695,16.77159064588174,16.33491589646381,16.385988653249935,12800,LANDP
2024-04-19,16.27532196044922,16.411516987434336,16.26680956831605,16.407259979581355,9100,LANDP
2024-04-22,16.266815185546875,16.403010259562656,16.224253210183598,16.266815185546875,17400,LANDP
2024-04-23,16.351930618286133,16.513662825387524,16.300857887886206,16.424285141294447,24000,LANDP
2024-04-24,16.479612350463867,16.481313854524792,16.343417341251154,16.351928108700946,16700,LANDP
2024-04-25,16.47110366821289,16.540902692596706,16.368956576516776,16.420030934151303,6600,LANDP
2024-04-26,16.47110366821289,16.717956569154676,16.38598136239495,16.717956569154676,5500,LANDP
2024-04-29,16.5136661529541,16.72647113333643,16.385983489439337,16.64134881646887,15700,LANDP
2024-04-30,16.326396942138672,16.592828520731064,16.300859762215943,16.581762247073915,15700,LANDP
2024-05-01,16.300853729248047,16.556220563244693,16.300853729248047,16.318729261506295,5000,LANDP
2024-05-02,16.22425079345703,16.498344029104178,16.215738399652363,16.300860714125943,18200,LANDP
2024-05-03,16.47110366821289,16.598786315153326,16.27532350133269,16.27532350133269,7000,LANDP
2024-05-06,16.556224822998047,16.573247984119785,16.385980223198025,16.547712430650762,12700,LANDP
2024-05-07,16.479612350463867,16.72646519582219,16.479612350463867,16.479612350463867,15900,LANDP
2024-05-08,16.385982513427734,16.72647013704409,16.317884988704463,16.317884988704463,19700,LANDP
2024-05-09,16.47110366821289,16.683908620971266,16.258298715454515,16.54771358109174,21500,LANDP
2024-05-10,16.42854118347168,16.51366348659507,16.411518021705316,16.47110314681982,9100,LANDP
2024-05-13,16.581758499145508,16.581758499145508,16.368953585274834,16.428538701386998,14000,LANDP
2024-05-14,16.496641159057617,16.67539818460668,16.454080812941385,16.454080812941385,8500,LANDP
2024-05-15,16.598787307739258,16.64134765140681,16.49664020993488,16.49664020993488,13600,LANDP
2024-05-16,16.65447235107422,16.769270727017172,16.564516399896554,16.603068483530542,10300,LANDP
2024-05-17,16.594507217407227,16.654476778101515,16.46599914843607,16.46599914843607,18000,LANDP
2024-05-20,16.87721824645996,17.32270701211054,16.79154676435683,16.87721824645996,41600,LANDP
2024-05-21,16.94575309753418,17.159930960391577,16.817245072581812,16.963743959579926,18200,LANDP
2024-05-22,17.06569480895996,17.13423167027917,16.808681987524842,16.94575571016326,22300,LANDP
2024-05-23,16.911483764648438,17.005722546696635,16.84294691426268,16.954320317419167,9600,LANDP
2024-05-24,16.9603214263916,17.1170985092027,16.860085665804192,16.920055220327324,32600,LANDP
2024-05-28,16.924335479736328,17.14108371807793,16.88578339569853,17.13423052261934,32100,LANDP
2024-05-29,16.842947006225586,16.885781925182787,16.70587330470564,16.885781925182787,29600,LANDP
2024-05-30,16.988588333129883,17.20276619997925,16.782977777040184,16.782977777040184,28000,LANDP
2024-05-31,17.24131965637207,17.348408598337112,16.937187453362764,17.048559234025475,32300,LANDP
2024-06-03,17.348411560058594,17.348411560058594,17.134233639564044,17.17706857004381,12200,LANDP
2024-06-04,17.416946411132812,17.441790471846623,17.177066579716847,17.441790471846623,15400,LANDP
2024-06-05,17.622556686401367,17.76048828152121,17.408378794473208,17.429796256856495,23300,LANDP
2024-06-06,17.725364685058594,17.82816916908815,17.562589012289354,17.682528121673105,13000,LANDP
2024-06-07,18.085180282592773,18.157999975728615,17.802465553037564,17.85386778548919,22900,LANDP
2024-06-10,17.93097496032715,17.982377201404987,17.785333915566788,17.896705710243403,12000,LANDP
2024-06-11,18.008075714111328,18.13658210938989,17.94810617191783,17.958385964559227,13200,LANDP
2024-06-12,18.128013610839844,18.13658092117012,17.845298906130093,17.862433526790653,21800,LANDP
2024-06-13,17.948104858398438,18.162282712870745,17.77676192120165,18.076611244272353,13700,LANDP
2024-06-14,17.85386848449707,17.990942199099738,17.79389893861435,17.862435795915683,3300,LANDP
2024-06-17,17.36554527282715,17.99094437561763,17.159934676048678,17.828168707066762,7500,LANDP
2024-06-18,17.430192947387695,17.60259908022851,17.343991525154024,17.464674831630553,73400,LANDP
2024-06-20,17.662940979003906,17.757764517803196,17.32675082389626,17.456054603230985,15300,LANDP
2024-06-21,17.67156219482422,17.756040514091872,17.628461481292064,17.628461481292064,9800,LANDP
2024-06-24,17.869829177856445,17.999132970382746,17.757766329450167,17.757766329450167,7800,LANDP
2024-06-25,17.89137840270996,17.981892531513626,17.757765204709905,17.783624975065102,9800,LANDP
2024-06-26,17.999135971069336,18.10258000884798,17.876729522296475,17.990517141759383,19000,LANDP
2024-06-27,18.016368865966797,18.2232552048727,18.016368865966797,18.102571918224207,12500,LANDP
2024-06-28,18.145675659179688,18.309461321461825,18.05947423668179,18.1715370724411,7500,LANDP
2024-07-01,18.10258102416992,18.162922697847183,17.91379708329935,18.10258102416992,4500,LANDP
2024-07-02,17.878450393676758,18.249122486742873,17.85258897642087,18.059477026093997,12800,LANDP
2024-07-03,17.930173873901367,17.990517188538348,17.912934571049437,17.912934571049437,6300,LANDP
2024-07-05,18.042236328125,18.068096101547727,17.427609625344132,17.79224755712517,6400,LANDP
2024-07-08,17.852588653564453,18.068095527571867,17.697425085396166,17.973273621055743,27000,LANDP
2024-07-09,18.0982723236084,18.10258173867517,17.878454338893853,17.878454338893853,13900,LANDP
2024-07-10,17.912931442260742,18.083612842086588,17.69742457447497,17.96465263015699,4400,LANDP
2024-07-11,18.10258102416992,18.30171019149219,18.0163779285507,18.0163779285507,24200,LANDP
2024-07-12,18.0853328704834,18.274979934122207,18.059473103032023,18.18187950990002,12000,LANDP
2024-07-15,18.28359603881836,18.300836977343913,18.050849945468972,18.06808923980813,7000,LANDP
2024-07-16,18.369802474975582,18.369802474975582,18.119815396998614,18.201707403817732,8200,LANDP
2024-07-17,18.2663631439209,18.53359120794213,18.188780537561996,18.300843388865427,14000,LANDP
2024-07-18,18.24911880493164,18.524967289926607,18.231877863572787,18.28359904346268,4200,LANDP
2024-07-19,18.23188209533691,18.39997720213526,18.102578293506426,18.23188209533691,6500,LANDP
2024-07-22,18.259624481201172,18.544917985399103,17.8199783111119,18.46167244006754,25100,LANDP
2024-07-23,18.236217498779297,18.3229314247934,18.14950191880307,18.253559291604844,10300,LANDP
2024-07-24,17.950057983398438,18.296918663655536,17.941386259646734,18.296918663655536,11100,LANDP
2024-07-25,18.097471237182617,18.29691589136597,17.984740499453288,18.04544090255588,11400,LANDP
2024-07-26,18.210206985473633,18.374966464166,18.00209053268658,18.00209053268658,13200,LANDP
2024-07-29,18.106142044067383,18.383632211507507,18.00208467849409,18.383632211507507,11900,LANDP
2024-07-30,18.201526641845703,18.201526641845703,18.080125848691125,18.16684140978515,9000,LANDP
2024-07-31,18.348947525024418,18.400976214062467,18.08880242587194,18.08880242587194,20200,LANDP
2024-08-01,18.314258575439453,18.37495897602046,18.08012704123113,18.340272087710243,6600,LANDP
2024-08-02,18.38363265991211,18.557062158085134,18.210201507777033,18.318595564370945,14200,LANDP
2024-08-05,18.149503707885746,18.444335716490617,17.793971283502618,18.27090453944224,24500,LANDP
2024-08-06,18.08012580871582,18.210198323088385,18.08012580871582,18.210198323088385,4100,LANDP
2024-08-07,18.210206985473633,18.34027956172022,18.13216310893317,18.25356395956831,6100,LANDP
2024-08-08,18.210206985473633,18.34027956172022,17.863346230828547,18.210206985473633,15000,LANDP
2024-08-09,18.23187828063965,18.34027232708098,18.08012727720654,18.08012727720654,20200,LANDP
2024-08-12,18.210206985473633,18.331607836108777,18.123491383321724,18.13216310893317,12600,LANDP
2024-08-13,18.291711807250977,18.29691517130126,18.179849403941063,18.24488649268402,13000,LANDP
2024-08-14,18.4443302154541,18.539715845815813,18.270899090131696,18.270899090131696,41100,LANDP
2024-08-15,18.305587768554688,18.51370414693519,18.21020047489456,18.461675465830552,17000,LANDP
2024-08-16,18.32293128967285,18.383633352982052,18.21020219430855,18.305589496975188,23300,LANDP
2024-08-19,18.29692268371582,18.37496656066615,18.132163204158186,18.15817838112914,49500,LANDP
2024-08-20,18.288244247436523,18.37495981822474,18.210200399123323,18.296915969911534,24800,LANDP
2024-08-21,18.36239242553711,18.40600955943946,18.318776955458286,18.38856270587852,10300,LANDP
2024-08-22,18.266435623168945,18.39728367978321,18.161756179583545,18.39728367978321,19800,LANDP
2024-08-23,18.36239242553711,18.467071883079225,18.275161485379467,18.39728613265899,28500,LANDP
2024-08-26,18.414731979370117,18.48451772597472,18.31703060306491,18.379838274156093,17900,LANDP
2024-08-27,18.353670120239254,18.414732442074666,18.275160945358454,18.310052987625767,22800,LANDP
2024-08-28,18.344945907592773,18.449623693732494,18.23154303148076,18.353669333741653,26100,LANDP
2024-08-29,18.31005096435547,18.449622445648952,18.19664975973825,18.37983670500221,21800,LANDP
2024-08-30,18.187925338745117,18.624086609871743,18.187925338745117,18.310049962237148,33400,LANDP
2024-09-03,18.28388214111328,18.45834733851048,18.18792777998591,18.18792777998591,15000,LANDP
2024-09-04,18.55430030822754,18.631064117253853,18.283879130408287,18.283879130408287,3700,LANDP
2024-09-05,18.467069625854492,18.6589800000971,18.31005129064539,18.371113606821524,30200,LANDP
2024-09-06,18.440900802612305,18.510686550004632,18.37111505521998,18.510686550004632,5100,LANDP
2024-09-09,18.558666229248047,18.702600282065852,18.38856355869872,18.48451959391059,22700,LANDP
2024-09-10,18.42345428466797,18.69387382832876,18.40600743312254,18.6589801252379,19500,LANDP
2024-09-11,18.580474853515625,18.58919828111768,18.292608397942523,18.467073622336272,52600,LANDP
2024-09-12,18.94248390197754,18.999185332387597,18.580469252820567,18.580469252820567,45600,LANDP
2024-09-13,19.618539810180664,19.740664471237626,19.130039502129115,19.156208121599192,53200,LANDP
2024-09-16,19.417903900146484,19.627261152784023,19.016634584723544,19.627261152784023,58900,LANDP
2024-09-17,19.365564346313477,19.609813634197053,19.295778597800528,19.609813634197053,24100,LANDP
2024-09-18,19.321943283081055,19.43185544027003,19.191095239214675,19.278327823066643,39600,LANDP
2024-09-19,19.33067321777344,19.400458975591896,19.208548557547065,19.23471717683917,26500,LANDP
2024-09-20,19.387693405151367,19.475420857769823,19.29996595253291,19.392079024814397,14700,LANDP
2024-09-23,19.431554794311523,19.607009685999685,19.343827348467443,19.42278188240093,68200,LANDP
2024-09-24,19.475421905517575,19.54560353673561,19.3947121093227,19.431557340217513,45000,LANDP
2024-09-25,19.4491024017334,19.585080038924794,19.40962513114635,19.585080038924794,30700,LANDP
2024-09-26,19.475421905517575,19.553497987206168,19.38769444817952,19.38769444817952,10400,LANDP
2024-09-27,19.4534912109375,19.56315012796254,19.38769686467984,19.56315012796254,12600,LANDP
2024-09-30,19.12451171875,19.45699892644102,18.94905848061498,19.387694085845595,36900,LANDP
2024-10-01,19.05432891845703,19.28241961995823,18.861329866384605,19.10696639260019,37200,LANDP
2024-10-02,19.431554794311523,19.431554794311523,18.966602175883043,19.063100860375865,16700,LANDP
2024-10-03,19.15083122253418,19.38769486040456,19.124512482794547,19.38769486040456,11300,LANDP
2024-10-04,19.19469451904297,19.26136732250871,19.142058711719223,19.26136732250871,4900,LANDP
2024-10-07,19.080652236938477,19.1683797083125,18.861334395134584,19.1683797083125,22300,LANDP
2024-10-08,19.045557022094727,19.11310828352248,18.861330872551857,18.861330872551857,19600,LANDP
2024-10-09,18.984149932861328,19.036787414324433,18.878878316459467,18.99292284643851,9100,LANDP
2024-10-10,19.12451171875,19.27364789145889,18.94905848061498,18.94905848061498,6200,LANDP
2024-10-11,18.91396713256836,19.1245120256665,18.87010424064619,19.1245120256665,24500,LANDP
2024-10-14,18.96660423278809,19.124511644518073,18.89729939246167,18.913966755616055,15500,LANDP
2024-10-15,18.957828521728516,19.1245088217183,18.957828521728516,19.01046431786941,15900,LANDP
2024-10-16,19.00169563293457,19.089423094857526,18.88765110371824,19.089423094857526,9000,LANDP
2024-10-17,18.953441619873047,19.03678344484709,18.87887437990872,18.957828912377902,21100,LANDP
2024-10-18,18.91396713256836,19.019240415748467,18.90519421953151,18.927127338754666,16900,LANDP
2024-10-21,18.83939743041992,18.984146293539204,18.782374339730826,18.913964671637945,31000,LANDP
2024-10-22,18.72468376159668,18.96293415512659,18.459962224158,18.79527628378423,67700,LANDP
2024-10-23,18.56585693359375,18.79528143124183,18.548208377448837,18.557032655521297,19400,LANDP
2024-10-24,18.530553817749023,18.722918978064367,18.415841606089607,18.530553817749023,32300,LANDP
2024-10-25,18.38937187194824,18.70703910080674,18.309955064733614,18.70703910080674,31300,LANDP
2024-10-28,18.601150512695312,18.689391601584195,18.530557978195965,18.67174304719466,27800,LANDP
2024-10-29,18.96293830871582,18.971762586304425,18.574678510111717,18.601151342877515,45900,LANDP
2024-10-30,18.946168899536133,19.033526365899384,18.812924527290335,19.015877814876628,42800,LANDP
2024-10-31,18.998233795166016,19.016764271600497,18.84822445509982,18.989409518331687,31300,LANDP
2024-11-01,18.959402084350582,19.05999679284561,18.901163219754338,18.97175573189954,15600,LANDP
2024-11-04,18.959402084350582,19.05999679284561,18.795273610007406,19.01587542084345,14300,LANDP
2024-11-05,19.2276611328125,19.2276611328125,18.91881815674546,18.936465028446772,16700,LANDP
2024-11-06,19.148242950439453,19.23648235181377,18.7696893882759,19.06000186600644,20400,LANDP
2024-11-07,19.01588249206543,19.141184542253026,18.94970293404012,19.112947863506538,18700,LANDP
2024-11-08,19.06000328063965,19.1244189909367,18.927642485695664,19.121771539409583,12100,LANDP
2024-11-11,18.971755981445312,19.139413831142303,18.927636291921072,18.936458883379306,14100,LANDP
2024-11-12,18.896757125854492,19.22765993319724,18.83940016799198,19.22765993319724,37300,LANDP
2024-11-13,18.829692840576172,19.095296320083666,18.786455064842393,18.971759817987156,57900,LANDP
2024-11-14,18.795276641845703,19.00705589550136,18.764392517991443,18.857046572612735,24100,LANDP
2024-11-15,19.148242950439453,19.21883548137412,18.883519697140414,19.21883548137412,100500,LANDP
2024-11-18,19.07765007019043,19.165889469949068,18.90116790455582,18.90116790455582,14900,LANDP
2024-11-19,19.218833923339844,19.218833923339844,19.0458811425827,19.077648872916107,25400,LANDP
2024-11-20,19.43627166748047,19.4628973070243,19.152271616774907,19.232146842632577,38900,LANDP
2024-11-21,19.516143798828125,19.60311850433044,19.42295661436136,19.42295661436136,21500,LANDP
2024-11-22,19.65282440185547,19.658149869118283,19.14339927676377,19.569399416759072,38300,LANDP
2024-11-25,19.76375961303711,19.79127226681197,19.266759510843567,19.65814745103543,27100,LANDP
2024-11-26,19.511714935302734,19.701639127249425,19.511714935302734,19.613777372846,10200,LANDP
2024-11-27,19.267642974853516,19.791268620849195,19.081268605655172,19.596019039864228,23300,LANDP
2024-11-29,19.29427146911621,19.78417206002252,19.08127143299701,19.365271481155947,8300,LANDP
2024-12-02,19.50816345214844,19.516149960325,19.27652424509452,19.27652424509452,22600,LANDP
2024-12-03,19.30314826965332,19.51614832328903,19.099023429849172,19.391898715195023,13700,LANDP
2024-12-04,19.49839782714844,19.587148272378453,19.20552254283115,19.20552254283115,23600,LANDP
2024-12-05,19.19575881958008,19.47532210779771,19.19575881958008,19.27652105826385,6600,LANDP
2024-12-06,19.17002296447754,19.707847705475743,19.107898161996612,19.436272601616903,13800,LANDP
2024-12-09,19.49839782714844,19.591586725665625,19.30314820186156,19.591586725665625,78200,LANDP
2024-12-10,19.16913795471191,19.49839944227874,18.92152403965967,19.38302503886456,51500,LANDP
2024-12-11,18.9836483001709,19.325336432434945,18.779523450072595,19.17002441448494,19500,LANDP
2024-12-12,19.07062339782715,19.205522244283923,18.77064693146827,19.081272638557714,17700,LANDP
2024-12-13,18.779521942138672,18.90377154652184,18.655272337755505,18.761771515005677,16100,LANDP
2024-12-16,18.78839874267578,19.028024450889617,18.779523528359636,18.815024385624223,16200,LANDP
2024-12-17,18.921520233154297,18.941933391756923,18.602019345245346,18.903769807654076,43000,LANDP
2024-12-18,18.948148727416992,19.019148747345795,18.673023861789623,18.673023861789623,126400,LANDP
2024-12-19,19.04577255249023,19.241023875395168,18.743135033316378,18.94814858381176,73300,LANDP
2024-12-20,19.09486961364746,19.121651250681687,18.523541645117223,18.969892046204382,48700,LANDP
2024-12-23,19.014524459838867,19.157356437358125,18.75564213909452,19.0680877284272,18900,LANDP
2024-12-24,18.92526054382324,19.04131091643866,18.88062447536199,18.898478902746493,9100,LANDP
2024-12-26,18.96989631652832,19.005605173945728,18.746721065745636,19.005605173945728,11700,LANDP
2024-12-27,18.541399002075195,18.919011800787036,18.39856698735417,18.76903699344561,23000,LANDP
2024-12-30,18.300369262695312,18.6574492980144,18.19592273513866,18.49676285644783,31900,LANDP
2024-12-31,18.478904724121097,18.73957315875784,18.07718873776095,18.09504315997505,19700,LANDP
2025-01-02,18.69315528869629,18.92525770176356,18.452125663277393,18.76457128481763,21800,LANDP
2025-01-03,18.603883743286133,18.74671572689477,18.52354053966983,18.74671572689477,5400,LANDP
2025-01-06,18.389636993408203,18.724399796555105,18.300366572030697,18.568176133471553,23900,LANDP
2025-01-07,18.255735397338867,18.562824406402463,18.21109932751767,18.32715140636082,22000,LANDP
2025-01-08,18.309295654296875,18.550325305824092,18.11290206936275,18.11290206936275,12800,LANDP
2025-01-10,17.996845245361328,18.40481010253711,17.996845245361328,18.09504286323713,10100,LANDP
2025-01-13,17.854019165039062,17.94328960140265,17.74689430086437,17.89865353187488,28800,LANDP
2025-01-14,17.87187385559082,18.273588271094773,17.87187385559082,18.273588271094773,5200,LANDP
2025-01-15,18.256628036499023,18.256628036499023,17.970070080403513,18.08612216197097,12000,LANDP
2025-01-16,18.300369262695312,18.6842309391728,18.166464462287145,18.27358762153691,14000,LANDP
2025-01-17,18.246803283691406,18.50033064358364,18.179850048284063,18.300364850402374,7100,LANDP
2025-01-21,18.523542404174805,18.570855099118223,18.224488440483768,18.224488440483768,6500,LANDP
2025-01-22,18.291440963745117,18.74671862027481,18.291440963745117,18.52979227756856,16800,LANDP
2025-01-23,18.21109962463379,18.434274869305018,18.1218291862269,18.434274869305018,14300,LANDP
2025-01-24,18.278461456298828,18.377262783836528,18.18864066592803,18.23355020451889,6800,LANDP
2025-01-27,19.9760684967041,20.164692338438385,18.269480236178943,18.40421057273819,151500,LANDP
2025-01-28,19.019481658935547,19.805410681423616,18.796727645239766,19.57187899377661,31300,LANDP
2025-01-29,18.48505401611328,19.041941724847593,18.30541237763392,19.041941724847593,19000,LANDP
2025-01-30,18.65571022033691,18.943135422342888,18.44732643492578,18.943135422342888,8500,LANDP
2025-01-31,18.660200119018555,19.01858390319442,18.549721680222675,18.862296495537173,6300,LANDP
2025-02-03,18.314388275146484,18.77247275242692,18.235346872504294,18.664689177295664,34200,LANDP
2025-02-04,18.17966079711914,18.637745346149384,18.071877205105732,18.55241652637299,35700,LANDP
2025-02-05,18.14373207092285,18.323371947817737,18.06289352670394,18.18864161184928,124600,LANDP
2025-02-06,18.134748458862305,18.30091580364418,18.116783958564525,18.21558699701328,24700,LANDP
2025-02-07,18.089841842651367,18.215591663763316,18.071879050940645,18.14373535735198,25700,LANDP
2025-02-10,18.33684730529785,19.72457173539412,18.125768680981412,19.72457173539412,44200,LANDP
2025-02-11,18.323373794555664,18.503015402745064,17.96409229136621,18.323373794555664,55400,LANDP
2025-02-12,18.1527156829834,18.54792622018947,18.1527156829834,18.32337505114798,21300,LANDP
2025-02-13,18.241634368896484,18.30540611796756,18.14373075444976,18.161693541603483,31900,LANDP
2025-02-14,18.188642501831055,18.278463301268072,18.1706779993058,18.278463301268072,37600,LANDP
2025-02-18,18.188642501831055,18.36828410070509,18.188642501831055,18.233552044954937,31500,LANDP
2025-02-19,18.205814361572266,18.301616228068305,18.166049045219037,18.256427741728636,19200,LANDP
2025-02-20,18.247386932373047,18.256424973036363,18.11181977008332,18.11181977008332,40900,LANDP
2025-02-21,18.21123313903809,18.28353573404044,18.12085446432768,18.220271178892112,20900,LANDP
2025-02-24,18.256427764892575,18.308845995393845,18.18412515235921,18.211237554665313,23000,LANDP
2025-02-25,18.294384002685547,18.364878307627055,18.22931114316491,18.301613745800054,14000,LANDP
2025-02-26,18.256427764892575,18.42181893521662,18.256427764892575,18.355842779732043,33500,LANDP
2025-02-27,18.301612854003903,18.47333217333114,18.301612854003903,18.34680133201268,23100,LANDP
2025-02-28,18.3468074798584,18.43628290280048,18.22027831997113,18.419110103198346,30700,LANDP
2025-03-03,18.29257583618164,18.42814300161604,18.247387355646858,18.346802357589393,23100,LANDP
2025-03-04,18.24286842346191,18.455258085463655,18.157009616441908,18.292576788937225,35500,LANDP
2025-03-05,18.44622039794922,18.473334522500423,18.21575637266951,18.256426697581244,44000,LANDP
2025-03-06,18.49140739440918,18.57274803769028,18.383857639517736,18.455256955078703,30000,LANDP
2025-03-07,18.49140739440918,18.50948347598943,18.391992393377855,18.391992393377855,12100,LANDP
2025-03-10,18.37391471862793,18.60889858730606,18.26545996238038,18.49140579105206,32400,LANDP
2025-03-11,18.274503707885746,18.518525692756644,18.12989847029493,18.382958497994057,36100,LANDP
2025-03-12,18.184125900268555,18.310655046448495,18.12989764576544,18.25642851577571,30100,LANDP
2025-03-13,18.16604804992676,18.256426741484635,18.12085784223274,18.229312616868224,11800,LANDP
2025-03-14,18.229312896728516,18.292577464641234,18.1660483288158,18.229312896728516,59300,LANDP
2025-03-17,18.220273971557617,18.31065266012058,18.21123593031831,18.265462453924048,15800,LANDP
2025-03-18,18.247386932373047,18.461583152220616,18.093743688756692,18.247386932373047,20700,LANDP
2025-03-19,18.288311004638672,18.39743968290452,18.22465231988875,18.37925099167052,41300,LANDP
2025-03-20,18.279216766357425,18.32468676014035,18.188275044222493,18.261028075016625,27300,LANDP
2025-03-21,18.242839813232425,18.27921719677059,18.142805477640703,18.270122850886047,21100,LANDP
2025-03-24,18.170089721679688,18.30650146288875,18.106431024753416,18.24284276596248,37000,LANDP
2025-03-25,18.251937866210938,18.27012656167427,18.17736699012243,18.20646786212208,10500,LANDP
2025-03-26,18.37015914916992,18.452006528578067,18.197370044356155,18.224653082348585,23700,LANDP
2025-03-27,18.424724578857425,18.470194576961383,18.361065887684177,18.361065887684177,42300,LANDP
2025-03-28,18.424724578857425,18.47928892349603,18.351971541149535,18.47928892349603,55200,LANDP
2025-03-31,18.47929000854492,18.57932609173055,18.37016131286,18.42472566070246,33200,LANDP
2025-04-01,18.361064910888672,18.478379026176807,18.24284014679705,18.333781872736186,24200,LANDP
2025-04-02,18.315593719482425,18.45200717968901,18.288312415096467,18.433818487052235,16700,LANDP
2025-04-03,18.181909561157227,18.542946245623625,18.160992392214965,18.21555846739414,24000,LANDP
2025-04-04,17.433462142944336,18.17918116120464,17.369803456200522,18.088239436755288,96000,LANDP
2025-04-07,16.9787540435791,17.41527220830098,16.82779103460631,17.151543134244886,56600,LANDP
2025-04-08,16.842344284057617,17.051509045384392,16.605896483813314,17.051509045384392,65700,LANDP
2025-04-09,17.26067352294922,17.26067352294922,16.56042448003411,16.796872276391255,62300,LANDP
2025-04-10,16.815061569213867,17.25157979289204,16.80596722273275,17.25157979289204,28900,LANDP
2025-04-11,17.0696964263916,17.097888377402736,16.82415429870847,17.006037741711324,16600,LANDP
2025-04-14,17.178823471069336,17.22247563200483,16.960564400960774,17.206106505296244,15300,LANDP
2025-04-15,17.27977180480957,17.569875040628055,17.201563547033192,17.201563547033192,17600,LANDP
2025-04-16,17.63353729248047,17.683555341110875,17.28796072809613,17.42437248418022,19900,LANDP
2025-04-17,18.142807006835938,18.179182658870964,17.688100081697886,17.688100081697886,39900,LANDP
2025-04-21,18.19313621520996,18.302954711501513,18.055864403974855,18.29380302468507,16800,LANDP
2025-04-22,18.485984802246097,18.51252347193783,18.165682748371903,18.302954558459195,12600,LANDP
2025-04-23,18.39447021484375,18.53174202891977,18.385318527837907,18.48598533939637,22300,LANDP
2025-04-24,18.39447021484375,18.52259034191393,18.356034176722694,18.39447021484375,15700,LANDP
2025-04-25,18.284656524658203,18.531746902276733,18.17483974272082,18.43199645504121,11100,LANDP
2025-04-28,18.321258544921875,18.522590423418904,18.20228835882822,18.20228835882822,8200,LANDP
2025-04-29,18.403621673583984,18.47683342321685,18.257198174318255,18.47683342321685,28900,LANDP
2025-04-30,18.348712921142575,18.504288118907382,18.248047848828357,18.504288118907382,13600,LANDP
2025-05-01,18.302959442138672,18.440231288853465,18.302959442138672,18.302959442138672,19600,LANDP
2025-05-02,18.485984802246097,18.531741490439934,18.302954558459195,18.531741490439934,32500,LANDP
2025-05-05,18.72300720214844,18.85204371720724,18.503371954893332,18.522589973571687,28100,LANDP
2025-05-06,18.623254776000977,19.0213435096526,18.55004303480636,18.714769888870645,22900,LANDP
2025-05-07,18.925254821777344,18.952708135808173,18.60403813087429,18.71477126851428,15300,LANDP
2025-05-08,18.888648986816406,18.97101242389311,18.49971189156981,18.797135608291896,51400,LANDP
2025-05-09,18.51344108581543,18.888651574792945,18.47866536882933,18.888651574792945,11300,LANDP
2025-05-12,18.567432403564453,18.916104173134624,18.48598535649699,18.568348794119956,14500,LANDP
2025-05-13,18.385318756103516,18.897801016252835,18.36701538186458,18.568349007481192,24000,LANDP
2025-05-14,18.421924591064453,18.53174309595196,18.35786452384087,18.47683471626117,11900,LANDP
2025-05-15,18.531742095947266,18.531742095947266,18.348711846180027,18.440226971063645,18000,LANDP
2025-05-16,18.51344108581543,18.61410791059195,18.48598776669896,18.53174446223044,8900,LANDP
2025-05-19,18.444805145263672,18.547301255392103,18.330411666493628,18.44022842862953,23200,LANDP
2025-05-20,18.367019653320312,18.531746568768146,18.30295957409199,18.30295957409199,31500,LANDP
2025-05-21,18.23348617553711,18.42687255577775,18.23348617553711,18.364251769151476,27800,LANDP
2025-05-22,18.32557678222656,18.371621999745884,18.233488103633373,18.34491524665104,20600,LANDP
2025-05-23,18.380828857421875,18.404772721261676,18.343994440712336,18.343994440712336,6700,LANDP
2025-05-27,18.22428321838379,18.41766788811507,18.21507417366625,18.343997286820436,25900,LANDP
2025-05-28,18.1966495513916,18.40200608117452,18.095351852311573,18.169022427157486,23200,LANDP
2025-05-29,18.08614730834961,18.371622393755523,17.957224209421447,18.371622393755523,12100,LANDP
2025-05-30,17.874345779418945,18.187446260623815,17.81909326992562,18.141402795453644,19600,LANDP
2025-06-02,17.82830047607422,18.159817255298982,17.819091432700553,17.93880548366733,36000,LANDP
2025-06-03,17.773046493530273,17.984850981543065,17.727003032387966,17.984850981543065,17400,LANDP
2025-06-04,18.076940536499023,18.339393923858548,17.795150438315588,18.14140385051013,26200,LANDP
2025-06-05,17.99405860900879,18.18744323832252,17.968272235321642,18.18744323832252,5400,LANDP
2025-06-06,17.973796844482422,18.200334364420716,17.95722127111039,18.169023972248436,12800,LANDP
2025-06-09,17.964590072631836,18.12298280808251,17.957223540523337,18.030894130944592,14900,LANDP
2025-06-10,17.89460563659668,18.05391877516397,17.77304905495914,18.02353050797744,11400,LANDP
2025-06-11,17.865135192871094,18.03089446348736,17.782255557562962,17.883553279927447,15300,LANDP
2025-06-12,17.957223892211914,17.994060066366682,17.865135213270456,17.924993118049223,14300,LANDP
2025-06-13,18.021682739257812,18.049309865732845,17.93419947342134,18.003264654941127,17500,LANDP
2025-06-16,17.938804626464844,18.030893299355615,17.865134039441294,18.012475213488393,10300,LANDP
2025-06-17,17.984851837158203,18.055759543526733,17.957224705291207,18.021686256535325,3100,LANDP
2025-06-18,17.99405860900879,18.06128304059575,17.945250506562196,18.049311109320524,32000,LANDP
2025-06-20,18.00796127319336,18.16551941741664,17.952353036336312,18.16551941741664,14900,LANDP
2025-06-23,17.94122886657715,18.072836371694347,17.934741210009832,17.96161813928762,13100,LANDP
2025-06-24,17.97088623046875,18.04503112848949,17.850401434092728,17.989422896912387,48100,LANDP
2025-06-25,17.976444244384766,18.058931157307303,17.90600633918757,17.97088289193407,11600,LANDP
2025-06-26,17.84113311767578,18.119176043576996,17.804059784753587,17.97088624739584,17300,LANDP
2025-06-27,17.93381690979004,17.98942514832663,17.84113533372637,17.95235357855358,23700,LANDP
2025-06-30,17.84113311767578,17.980154580626387,17.794793219276848,17.97088624739584,29000,LANDP
2025-07-01,17.876352310180664,17.94308324965933,17.794793451542628,17.81332835049184,17600,LANDP
2025-07-02,17.93381690979004,17.968107802473156,17.84113533372637,17.84113533372637,25000,LANDP
2025-07-03,17.943084716796875,18.051520513593022,17.88747471214072,17.961619617261615,13100,LANDP
2025-07-07,18.04503631591797,18.063572987690364,17.915283149019825,18.00796474012749,18100,LANDP
2025-07-08,18.211856842041016,18.211856842041016,18.054298719257044,18.089517676950106,21700,LANDP
2025-07-09,18.3110294342041,18.340687044108844,18.16552029406648,18.16552029406648,15000,LANDP
2025-07-10,18.19332695007324,18.304545217816212,18.07469648815327,18.267471872650425,11800,LANDP
2025-07-11,18.485267639160156,18.536242589120853,18.397221123253217,18.536242589120853,38400,LANDP
2025-07-14,18.258201599121097,18.58258446472532,18.258201599121097,18.536244560425867,27300,LANDP
2025-07-15,18.490827560424805,18.54180250643687,18.25819824306444,18.350878034627776,27100,LANDP
2025-07-16,18.554780960083008,18.619657532262725,18.350881141513604,18.619657532262725,11800,LANDP
2025-07-17,18.554780960083008,18.564049294359258,18.406491147171085,18.406491147171085,19600,LANDP
2025-07-18,18.489904403686523,18.543658267679024,18.397222828598956,18.46209940083405,11700,LANDP
2025-07-21,18.401302337646484,18.52254861307008,18.172802615263773,18.466587972612977,13200,LANDP
2025-07-22,18.359329223632812,18.419952349711146,18.280054333214817,18.33601318403339,17100,LANDP
2025-07-23,18.61581039428711,18.671771027544416,18.33601434360019,18.33601434360019,89400,LANDP
2025-07-24,18.779027938842773,18.839651074240447,18.63446562486373,18.6717727170777,26600,LANDP
2025-07-25,18.802343368530273,18.886282544372825,18.65311856234353,18.709077419938556,39700,LANDP
2025-07-28,18.60648536682129,18.82099579054747,18.46658556283474,18.802342246162613,24900,LANDP
2025-07-29,18.597158432006836,18.63446374155044,18.373321238045556,18.485238945576253,25700,LANDP
2025-07-30,18.52720832824707,18.615809993982705,18.475911971647538,18.485238743656534,9900,LANDP
2025-07-31,18.513221740722656,18.60648769541927,18.298711290150536,18.597160922059597,39000,LANDP
2025-08-01,18.447935104370117,18.606486685074863,18.410628012957226,18.559852820808747,21500,LANDP
2025-08-04,18.409696578979492,18.56918030944717,18.336016315828893,18.51322144907081,19100,LANDP
2025-08-05,18.46658515930176,18.485238703279,18.410626306269897,18.437672699806992,14400,LANDP
2025-08-06,18.46005630493164,18.510420517093923,18.4012992433422,18.41808672109635,12900,LANDP
2025-08-07,18.46658515930176,18.55052432829948,18.429279850247138,18.55052432829948,16400,LANDP
2025-08-08,18.365863800048828,18.471254752853756,18.26140676994156,18.466590476066607,45200,LANDP
2025-08-11,18.10284996032715,18.373321011507965,17.974142997243867,18.32668715152858,51100,LANDP
2025-08-12,18.031967163085938,18.252073992075164,17.981604731091675,17.981604731091675,60100,LANDP
2025-08-13,18.018911361694336,18.046891678567743,17.90699365200054,18.000257817112065,24200,LANDP
2025-08-14,17.981605529785156,18.04689115502926,17.953625213723452,18.00958406694699,18800,LANDP
2025-08-15,18.00025749206543,18.046891352679005,17.96295218247446,18.028237808433573,20200,LANDP
2025-08-18,17.962955474853516,18.000260791282074,17.953628701021323,17.953628701021323,31400,LANDP
2025-08-19,17.981605529785156,18.00025729492642,17.96295198574402,17.990932301805724,101500,LANDP
2025-08-20,18.01446533203125,18.06140173107182,17.929978381351145,18.0172818024551,16600,LANDP
2025-08-21,17.9581356048584,18.070785444805587,17.87552691590277,18.05201017306298,15400,LANDP
2025-08-22,18.12710952758789,18.146823025828233,17.920586909283074,17.920586909283074,20700,LANDP
2025-08-25,18.02385139465332,18.117724184529955,18.02385139465332,18.10833833794925,4600,LANDP
2025-08-26,17.922466278076172,18.13650011422967,17.873653428260912,18.06140080530877,34500,LANDP
2025-08-27,18.005077362060547,18.04732083662152,17.920590412938605,18.005077362060547,16100,LANDP
2025-08-28,18.061399459838867,18.07923650677728,17.976912519783053,18.061399459838867,17300,LANDP
2025-08-29,18.14588737487793,18.164662649345495,18.042625155815045,18.127112100410365,17000,LANDP
2025-09-02,18.155271530151367,18.21159555224308,18.08017223719296,18.164659165584716,13000,LANDP
2025-09-03,18.089563369750977,18.211599072960023,18.080175732502784,18.117724490986827,18200,LANDP
2025-09-04,18.169353485107425,18.21159695255144,18.080173627396057,18.10833653586157,10700,LANDP
2025-09-05,18.211597442626953,18.418121862581316,18.13649814187316,18.17404868750434,27900,LANDP
2025-09-08,18.211597442626953,18.300779093246724,18.145885778280952,18.230372715442545,26000,LANDP
2025-09-09,18.455669403076172,18.587092723118776,18.14588458404114,18.258534423012264,74600,LANDP
2025-09-10,18.56831932067871,18.63309275454785,18.465057117060265,18.474444752889983,10400,LANDP
2025-09-11,18.68566131591797,18.79361643776651,18.549543287736096,18.62370435439134,31300,LANDP
2025-09-12,18.756065368652344,18.774840639013355,18.63402969232242,18.680966077716626,27400,LANDP
2025-09-15,18.84994125366211,18.960712849859217,18.756066685773156,18.756066685773156,25000,LANDP
2025-09-16,18.812395095825195,18.951327828197684,18.782353940790713,18.868719128124617,16700,LANDP
2025-09-17,18.813329696655273,18.960711811197907,18.78422856429876,18.89687660718792,15000,LANDP
2025-09-18,18.5401554107666,18.96259004772159,18.493219024664207,18.812391463583896,44200,LANDP
2025-09-19,18.66219139099121,18.718517203835766,18.380569488801985,18.53076807537069,31000,LANDP
2025-09-22,18.70470428466797,18.893641419599184,18.440194457969938,18.563002334388585,24100,LANDP
2025-09-23,18.449642181396484,18.610238211512247,18.445861925013233,18.53749620462556,14100,LANDP
2025-09-24,18.426023483276367,18.61023800547644,18.33627933284923,18.58189689394456,38300,LANDP
2025-09-25,18.353282928466797,18.515769081871635,18.24181041447731,18.421300513741244,13900,LANDP
2025-09-26,18.3646183013916,18.383510571703525,18.2512556703306,18.307936084942153,23100,LANDP
2025-09-29,18.33627700805664,18.33627700805664,18.241808450099143,18.270149558037755,56500,LANDP
2025-09-30,18.409019470214844,18.44019487297047,18.28904588235908,18.32683222909288,20500,LANDP
2025-10-01,18.35516929626465,18.421296739857283,18.244640968066843,18.421296739857283,23500,LANDP
2025-10-02,18.38351249694824,18.421300645205303,18.24181054466043,18.39295953401251,20900,LANDP
2025-10-03,18.326833724975582,18.468535690010075,18.326833724975582,18.392961188535796,19900,LANDP
2025-10-06,18.307937622070312,18.43074729951728,18.25125720269989,18.43074729951728,37400,LANDP
2025-10-07,18.23236083984375,18.307935323461756,18.22291560599959,18.241807875525726,15200,LANDP
2025-10-08,18.27959632873535,18.32682970610969,18.222915915518577,18.298490400420228,16800,LANDP
2025-10-09,18.23236083984375,18.34761359406119,18.22291560599959,18.32682939482571,32800,LANDP
2025-10-10,18.251258850097656,18.32683335002575,18.23236477465608,18.32683335002575,13200,LANDP
2025-10-13,18.270151138305664,18.374066741230827,18.236143247308135,18.270151138305664,14100,LANDP
2025-10-14,18.326833724975582,18.374068914545912,18.23236514767318,18.364621876631848,10100,LANDP
2025-10-15,18.345726013183594,18.364620087170675,18.251257445086267,18.317384902202978,16100,LANDP
2025-10-16,18.27959632873535,18.374064885321875,18.185127772148828,18.28904336457779,13900,LANDP
2025-10-17,18.185129165649418,18.26070365634223,17.868661548947617,18.213470275348463,29300,LANDP
2025-10-20,18.307937622070312,18.343835641433788,18.11900229022289,18.185129746461392,40800,LANDP
2025-10-21,18.317384719848633,18.326831756748124,18.24653464585952,18.30793768294914,20000,LANDP
2025-10-22,18.307937622070312,18.32683169580647,18.185129746461392,18.185129746461392,24400,LANDP
2025-10-23,18.29376792907715,18.336278693974755,18.194576744928742,18.326831657126615,26600,LANDP
2025-10-24,18.426881790161133,18.426881790161133,18.17967030698256,18.236718971289587,19000,LANDP
2025-10-27,18.49344253540039,18.54098279149925,18.33180312570195,18.42688363789966,34100,LANDP
2025-10-28,18.740652084350582,18.921308303021835,18.426881711681748,18.493440602224876,101000,LANDP
2025-10-29,18.712127685546875,18.873767069938975,18.63606219957084,18.74065110932274,114300,LANDP
2025-10-30,18.645572662353516,18.731146570179636,18.645572662353516,18.693112916237165,19000,LANDP
2025-10-31,18.721635818481445,18.816718127918012,18.636061921342957,18.759667654129547,23700,LANDP
2025-11-03,18.76917839050293,18.797703630929274,18.71593272587597,18.797703630929274,15100,LANDP
2025-11-04,18.72924041748047,18.80720830434755,18.693109178876707,18.80720830434755,17400,LANDP
2025-11-05,18.797700881958008,18.826224304668656,18.71307728388296,18.797700881958008,16300,LANDP
2025-11-06,18.693111419677734,18.826225570730465,18.637963351294047,18.81671897155038,9100,LANDP
2025-11-07,18.594226837158203,18.66458691784124,18.594226837158203,18.66458691784124,17000,LANDP
2025-11-10,18.693111419677734,18.712128245126493,18.54098044317624,18.588520693253848,19600,LANDP
2025-11-11,18.73114967346191,18.816723595465493,18.55049341439384,18.55049341439384,15400,LANDP
2025-11-12,18.674097061157227,18.795802221145053,18.54098289251954,18.550491306500025,25500,LANDP
2025-11-13,18.7786865234375,18.816720176771096,18.645572363858737,18.645572363858737,14900,LANDP
2025-11-14,18.579015731811523,18.80721221667925,18.550490491123888,18.64557281320489,13800,LANDP
2025-11-17,18.51681327819824,18.65078446714273,18.507243646813556,18.65078446714273,19100,LANDP
2025-11-18,18.44025993347168,18.57423113608286,18.40198140402806,18.56466150372195,20300,LANDP
2025-11-19,18.25843811035156,18.430687819211,18.181882886994092,18.334993333709033,65200,LANDP
2025-11-20,18.268007278442383,18.43164376762347,18.1818824261954,18.27662049375526,17800,LANDP
2025-11-21,18.277578353881836,18.32255361459372,18.16274460006956,18.269921553480614,25500,LANDP
2025-11-24,18.24886703491211,18.50724157775135,18.172311817613856,18.306282991580712,46200,LANDP
2025-11-25,17.990493774414062,18.35508886694932,17.83738332890402,18.31585392742802,54700,LANDP
2025-11-26,18.17231178283691,18.258436630285175,17.885230174822947,17.99049245764388,58000,LANDP
2025-11-28,18.277578353881836,18.286189744654884,18.18188386324171,18.18188386324171,9400,LANDP
2025-12-01,18.134035110473633,18.31585261068296,18.03834063260431,18.27757591466744,22500,LANDP
2025-12-02,18.181882858276367,18.289059805763443,18.105327635039817,18.143604334047843,13300,LANDP
2025-12-03,18.210594177246097,18.363704644114755,17.99049628405425,18.09576041448423,19000,LANDP
2025-12-04,18.105327606201172,18.30532796688131,18.00006348996089,18.16274356723201,21200,LANDP
2025-12-05,18.181882858276367,18.268007712570057,18.105327635039817,18.105327635039817,11900,LANDP
2025-12-08,17.966569900512695,18.21059091825354,17.894800408698643,18.181882026395673,24200,LANDP
2025-12-09,18.05748176574707,18.17231369092182,18.009633609240474,18.086188834430487,15700,LANDP
2025-12-10,18.153175354003903,18.181884249371816,18.045998398316723,18.181884249371816,27500,LANDP
2025-12-11,17.990493774414062,18.296716490654624,17.952217075646793,18.181882743911853,37300,LANDP
2025-12-12,17.856523513793945,18.145519814044206,17.751259392607643,18.019203598708877,61300,LANDP
2025-12-15,17.81824493408203,18.009632068068868,17.799105673117232,17.799105673117232,47200,LANDP
2025-12-16,17.799108505249023,17.894803000079207,17.655567675614087,17.799108505249023,44800,LANDP
2025-12-17,17.94264793395996,18.0192031588027,17.78570999681542,17.799107115532387,17400,LANDP
2025-12-18,17.980926513671875,17.980926513671875,17.760828644511708,17.923508725949812,21300,LANDP
2025-12-19,17.990493774414062,18.07661862816602,17.942647444649854,17.980925968637607,27800,LANDP
2025-12-22,18.05311393737793,18.099354894682538,17.88934495209611,18.06274762326953,23000,LANDP
2025-12-23,18.02421188354492,18.091647681059108,17.937512390187607,18.091647681059108,23500,LANDP
2025-12-24,17.9471435546875,18.015542166901724,17.744841682161347,18.01265187766027,45700,LANDP
2025-12-26,17.937511444091797,18.014579085462692,17.8411764330188,17.97604434605849,15100,LANDP
2025-12-29,18.24578285217285,18.274682070623072,18.062746506425217,18.101281247608966,90700,LANDP
2025-12-30,18.18798065185547,18.255416448598748,18.06274641849312,18.245782763349705,42700,LANDP
2025-12-31,18.24578285217285,18.265048385327137,18.159081521947,18.25541653746879,26600,LANDP
2026-01-02,18.26504898071289,18.30358372315276,18.20724870449074,18.30358372315276,28000,LANDP
2026-01-05,18.399919509887695,18.409553195899804,18.25927100149882,18.303584487204336,33500,LANDP
2026-01-06,18.40955352783203,18.476987493694924,18.36138509690299,18.40955352783203,21600,LANDP
2026-01-07,18.46735382080078,18.54442147290495,18.438452762222553,18.438452762222553,46600,LANDP
2026-01-08,18.59258460998535,18.66002040079793,18.44808301883325,18.49625144084223,41900,LANDP
2026-01-09,18.737091064453125,18.756356598930513,18.554054706135044,18.554054706135044,43800,LANDP
2026-01-12,18.62148666381836,18.679286935897625,18.563686391739097,18.611852978898895,40000,LANDP
2026-01-13,18.573320388793945,18.727455675220657,18.544419333549857,18.544419333549857,22800,LANDP
2026-01-14,18.64075469970703,18.727456029642592,18.40955176569139,18.40955176569139,48500,LANDP
2026-01-15,18.611852645874023,18.7081876559074,18.58776935272505,18.611852645874023,44000,LANDP
2026-01-16,18.62630271911621,18.746721025303735,18.534785467891204,18.611853110353717,31400,LANDP
2026-01-20,18.708189010620117,18.708189010620117,18.496253443149826,18.582954774714405,19700,LANDP
2026-01-21,18.92975616455078,18.92975616455078,18.62148561425312,18.698553251827537,23600,LANDP
2026-01-22,19.035724639892575,19.06462569269504,18.794888045517578,18.850762679294046,40900,LANDP
2026-01-23,18.992097854614254,19.08613745624364,18.91453959184996,19.040571075416377,30900,LANDP
2026-01-26,18.931989669799805,19.00179266026279,18.924234398348855,19.00179266026279,18800,LANDP
2026-01-27,18.904844284057617,18.992097559453285,18.85637106400883,18.992097559453285,14300,LANDP
2026-01-28,18.992097854614254,18.992097854614254,18.866064521912996,18.992097854614254,10500,LANDP
2026-01-29,18.982402801513672,19.001792829448505,18.943624594778846,19.001792829448505,16700,LANDP
2026-01-30,18.996946334838867,19.001794766884345,18.943626526283815,18.943626526283815,23500,LANDP
2026-02-02,19.05996322631836,19.05996322631836,18.9436267437816,19.00179498504998,37100,LANDP
2026-02-03,19.040573120117188,19.14721643629572,18.963014849024177,19.108436376181693,48700,LANDP
2026-02-04,19.108436584472656,19.224774916947837,19.04057332766841,19.04057332766841,31000,LANDP
2026-02-05,19.142372131347656,19.185998779600116,19.079355450730713,19.132677115165414,14300,LANDP
2026-02-06,19.11812973022461,19.185994829528028,18.963013201515132,19.14721477278322,38900,LANDP
2026-02-09,19.127824783325195,19.166604840148903,19.00663987945344,19.127824783325195,31900,LANDP
2026-02-10,19.0308780670166,19.137521382981788,18.924236600186457,19.0308780670166,47500,LANDP
2026-02-11,19.152061462402344,19.19568810191676,19.001793364513144,19.01148837875356,27800,LANDP
2026-02-12,19.18405532836914,19.195688236057993,19.118129970727583,19.118129970727583,11800,LANDP
2026-02-13,19.23447036743164,19.282943595064648,19.15691209373777,19.195690306017152,15700,LANDP
2026-02-17,19.23447036743164,19.273248579711023,19.205385321370773,19.244165382785265,28600,LANDP
2026-02-18,19.26861572265625,19.317396283939576,19.141785146804125,19.141785146804125,20700,LANDP
2026-02-19,19.26861572265625,19.35544713146843,19.185688396302773,19.29788517594173,16300,LANDP
2026-02-20,19.28812789916992,19.32715197442167,19.229588995003713,19.277396324997166,13300,LANDP
2026-02-23,19.31739616394043,19.34666561704408,19.288128571695896,19.34666561704408,10800,LANDP
2026-02-24,19.29788589477539,19.317397003500016,19.29788589477539,19.307642379567305,19500,LANDP
2026-02-25,19.385692596435547,19.39544722046859,19.278373123479856,19.317397202189692,40900,LANDP
2026-02-26,19.30764389038086,19.36618094285364,19.26861794815944,19.36618094285364,14100,LANDP
2026-02-27,19.2100772857666,19.385690271043437,19.20910033479311,19.385690271043437,15300,LANDP
2026-03-02,19.26861572265625,19.317396283939576,19.229589784942284,19.288128691513233,20600,LANDP
2026-03-03,19.258859634399418,19.29203130996683,19.19056610285425,19.21983555674182,13700,LANDP
2026-03-04,19.247154235839844,19.30764332800556,19.13203031484297,19.13203031484297,13400,LANDP
2026-03-05,19.27837181091309,19.35544673371288,19.18080882949223,19.30764126359707,18200,LANDP
2026-03-06,19.28812789916992,19.307640867225324,19.18080843572426,19.28812789916992,17500,LANDP
2026-03-09,19.27837181091309,19.32227505950952,19.22958938977311,19.26861532668509,29500,LANDP
2026-03-10,19.361299514770508,19.455935366690586,19.30764164175424,19.30764164175424,30300,LANDP
2026-03-11,19.414958953857425,19.492033876996523,19.366178393361793,19.366178393361793,11400,LANDP
2026-03-12,19.45398330688477,19.46373979036128,19.33690736602552,19.46373979036128,17800,LANDP
2026-03-13,19.47447204589844,19.49300806255166,19.346664526997053,19.346664526997053,17700,LANDP
2026-03-16,19.41008186340332,19.481302524619867,19.366178614113167,19.45398511269347,23500,LANDP
2026-03-17,19.571060180664062,19.60032963527184,19.46374256882064,19.4930101625692,28600,LANDP
2026-03-18,19.47544860839844,19.5788658560024,19.464717033644824,19.502766020810967,5000,LANDP
2026-03-19,19.405202865600582,19.551548271792235,19.34666581963941,19.434472319010744,22300,LANDP
2026-03-20,19.2100772857666,19.561301395461275,19.044220784211703,19.561301395461275,34300,LANDP
2026-03-23,19.24149703979492,19.445723956290845,19.10698129539712,19.10698129539712,23900,LANDP
2026-03-24,19.475177764892575,19.578274411760553,19.185531077435694,19.185531077435694,17000,LANDP
2026-03-25,19.34263038635254,19.53900113719354,19.34263038635254,19.440814825398977,15200,LANDP
2026-03-26,19.38190269470215,19.50954545466324,19.34262929584737,19.34262929584737,7900,LANDP
2026-03-27,19.401540756225582,19.48008942840674,19.362265483760975,19.362265483760975,10600,LANDP
2026-03-30,19.56551170349121,19.696098430336093,19.53900108101572,19.53900108101572,41700,LANDP
2026-03-31,19.686279296875,19.84337664368138,19.578276041413172,19.72555456995064,25100,LANDP
2026-04-01,19.538999557495117,19.74519098286826,19.440813253638765,19.74519098286826,23300,LANDP
2026-04-02,19.57827377319336,19.66664125462774,19.46044984036489,19.656822437496377,20100,LANDP
2026-04-06,19.58809280395508,19.66664146911476,19.4899065043185,19.66664146911476,28900,LANDP
2026-04-07,19.597909927368164,19.75009878683169,19.53899889614754,19.53899889614754,26500,LANDP
2026-04-08,19.460451126098633,19.617548465083942,19.362264821045812,19.59791082952378,25600,LANDP
2026-04-09,19.475177764892575,19.548817959405714,19.077525958215883,19.4408128401859,33200,LANDP
2026-04-10,19.61754989624023,19.686279752966847,19.460452545794222,19.558638858010013,17800,LANDP
2026-04-13,19.70591735839844,19.774647215014973,19.568457645165367,19.6077310463399,39400,LANDP
2026-04-14,19.764827728271484,19.764827728271484,19.460451856654505,19.666643292280767,36200,LANDP
2026-04-15,19.78446578979492,19.78446578979492,19.656824896614772,19.76482815307548,15200,LANDP
2026-04-16,19.74519157409668,19.813921427029705,19.637186449345904,19.686278666370058,18000,LANDP
2026-04-17,19.69609832763672,19.85319567613796,19.69609832763672,19.71770047716062,18700,LANDP
2026-04-20,19.823740005493164,19.833558823328985,19.56845636000599,19.597910940765424,13800,LANDP
2026-04-21,19.804101943969727,19.92192588271791,19.705915640470906,19.705915640470906,27900,LANDP
2026-04-22,19.804101943969727,19.92192588271791,19.784464308720366,19.907196719906903,11800,LANDP
2026-04-23,20.540496826171875,20.540496826171875,19.73537249215789,19.823739979817763,95300,LANDP
2026-04-24,20.535558700561523,20.920785011606423,20.39727083495153,20.496047343528613,71500,LANDP
2026-04-27,20.25898551940918,20.55037519308884,20.25898551940918,20.446660703475384,16800,LANDP
2026-04-28,20.3488712310791,20.652115063188056,20.199720187902543,20.199720187902543,38900,LANDP
2026-04-29,20.466413497924805,20.545434326719683,20.396283289521485,20.49604701522482,31300,LANDP
2026-04-30,20.466413497924805,20.877322561260232,20.37751483002992,20.584945683119702,37900,LANDP
2026-05-01,20.436782836914062,20.644211815867152,20.30639836899919,20.446660676484008,20900,LANDP
2026-05-04,20.4466609954834,20.525681829270553,20.298495283627854,20.496048310098388,17800,LANDP
2026-05-05,20.426904678344727,20.634333654058477,20.347883847024455,20.471354013712705,15700,LANDP
2026-05-06,20.41208839416504,20.46641368370043,20.367639059814127,20.367639059814127,18400,LANDP
2026-05-07,20.436782836914062,20.446660676484008,20.347884164789807,20.446660676484008,13000,LANDP
2026-05-08,20.525680541992188,20.525680541992188,20.41702619584718,20.446659713160862,6600,LANDP
2026-05-11,20.60964012145996,20.64421161762015,20.4466604801341,20.51580347245448,20400,LANDP
2026-05-12,20.510862350463867,20.639272371744873,20.46641301755969,20.584945199972537,19200,LANDP
2026-05-13,20.328128814697266,20.572105615607832,20.268863660323536,20.4664148029044,16700,LANDP
2026-05-14,20.41702651977539,20.456535992815308,20.308372171906516,20.407148680514112,11200,LANDP
2026-05-15,20.466413497924805,20.584945683119702,20.347883196735072,20.347883196735072,34100,LANDP
2026-05-18,20.229351043701172,20.594823554961746,20.224413066145903,20.387392701542183,26800,LANDP
2026-05-19,20.229351043701172,20.229351043701172,20.10094290320729,20.229351043701172,17800,LANDP
2026-05-20,20.36351776123047,20.36351776123047,20.234321067780662,20.284011666282552,10400,LANDP
2026-05-21,20.33072280883789,20.433085746995683,20.27407355406769,20.363518149536542,15600,LANDP
2026-05-22,20.284011840820312,20.433085533183537,20.204505745188268,20.204505745188268,29200,LANDP
2026-05-26,20.31382751464844,20.452962709323984,20.254196520723323,20.27407351869836,18000,LANDP
2026-05-27,20.31084632873535,20.37842546988678,20.284012570295488,20.32277139050034,11000,LANDP
2026-05-28,20.214445114135746,20.452963411297898,20.164754513067557,20.403272810229712,72600,LANDP
2026-05-29,20.284011840820312,20.353579437551495,20.134938148457085,20.134938148457085,23800,LANDP
2026-06-01,20.30388832092285,20.49271600407488,20.27407282498049,20.284011323627944,36600,LANDP
2026-06-02,20.27407455444336,20.422154974445142,20.27407455444336,20.40327315230664,18300,LANDP
2026-06-03,20.2939510345459,20.34861183258469,20.214444936191725,20.234321934673996,18000,LANDP
2026-06-04,20.390352249145508,20.42314759039399,20.26413539480009,20.284012393143048,22100,LANDP
2026-06-05,20.40327262878418,20.42314773168975,20.274074034235973,20.31382803119693,8400,LANDP
2026-06-08,20.36351776123047,20.40327175649184,20.17469007488861,20.40327175649184,26900,LANDP
2026-06-09,20.2939510345459,20.430104493442148,20.234321934673996,20.363518633658938,21100,LANDP
2026-06-10,20.30388832092285,20.49271600407488,20.284011323627944,20.49271600407488,15300,LANDP
2026-06-11,20.323766708374023,20.38339580876261,20.26612417050593,20.38339580876261,10900,LANDP
2026-06-12,20.264135360717773,20.41321095246436,20.23432175882837,20.29395085818207,16200,LANDP
2026-06-15,20.36351776123047,20.472839352624415,20.274073167467208,20.373456260045813,34400,LANDP
2026-06-16,20.323766708374023,20.393334308089862,20.293951210392265,20.323766708374023,33700,LANDP
2026-06-17,20.373456954956055,20.472840050924475,20.373456954956055,20.398302255054436,19700,LANDP
2026-06-18,20.24922752380371,20.388362713702357,20.174689731743843,20.388362713702357,45600,LANDP
2026-06-22,20.125,20.36848848837393,20.125,20.293950693106947,35300,LANDP
2026-06-23,20.149999618530273,20.420000076293945,20.06999969482422,20.25,21900,LANDP
2026-06-24,20.15999984741211,20.38999938964844,20.09000015258789,20.25,17700,LANDP
2026-06-25,20.219999313354492,20.409000396728516,20.219999313354492,20.280000686645508,26200,LANDP
2026-06-26,,,,,14328,LANDP
