year,post_count,date_min,date_max
2008,29072,2008-01-25,2008-12-31
2009,31644,2009-01-01,2009-12-31
2010,52379,2010-01-01,2010-12-31
2011,59286,2011-01-01,2011-12-31
2012,44199,2012-01-01,2012-12-31
2013,107237,2013-01-01,2013-12-31
2014,54691,2014-01-01,2014-12-31
2015,33153,2015-01-01,2015-12-31
2016,39828,2016-01-01,2016-12-31
2017,45015,2017-01-01,2017-12-31
2018,47354,2018-01-01,2018-12-27
2019,46194,2019-01-01,2019-12-31
2020,41959,2020-01-01,2020-12-31
2021,56068,2021-01-01,2021-12-30
2022,39464,2022-01-01,2022-12-30
2023,43856,2023-01-01,2023-12-31
2024,21202,2024-01-01,2024-12-29
2025,21958,2025-01-01,2025-12-29
2026,11501,2026-01-01,2026-07-04
