ticker,entry_date,exit_date,entry_price,exit_price,return_pct,trade_cost,portfolio_val,strategy,trigger_source,trigger_sentiment
CRM,2015-01-07,2015-02-06,55.96,58.16,3.93,10.4,10797.63,Position Trader,hn,0.85785
SHIP,2015-02-06,2015-03-10,6345.72,6867.28,8.22,11.14,12044.97,Position Trader,reddit_technology,0.75435
TSLA,2015-03-12,2015-04-13,12.74,13.99,9.79,11.34,12441.59,Position Trader,reddit_wallstreetbets,0.95535
CAR,2015-04-13,2015-05-12,52.15,48.45,-7.11,9.17,8507.31,Position Trader,hn,0.71505
FIVE,2015-05-13,2015-06-12,33.86,39.03,15.27,10.96,12622.55,Position Trader,reddit_stocks,0.7734749999999999
RDIB,2015-06-12,2015-07-14,14.67,14.05,-4.23,9.32,8915.9,Position Trader,hn,0.7900499999999999
CENT,2015-07-14,2015-08-12,7.98,8.36,4.81,7.88,8250.06,Position Trader,reddit_wallstreetbets,0.6417
SBUX,2015-08-14,2015-09-15,45.67,45.52,-0.33,9.76,9721.2,Position Trader,reddit_wallstreetbets,1.041
BIDU,2015-09-22,2015-10-21,136.12,149.63,9.93,9.14,10043.37,Position Trader,hn,0.7659
RDIB,2015-10-21,2015-11-19,17.81,16.54,-7.13,7.86,7287.24,Position Trader,hn,0.6606000000000001
TWIN,2015-11-20,2015-12-22,11.27,10.49,-6.93,7.66,7116.53,Position Trader,hn,1.0776
NDAQ,2015-12-23,2016-01-26,16.35,16.5,0.95,7.81,7881.01,Position Trader,reddit_wallstreetbets,1.1946
HCSG,2016-01-29,2016-03-01,28.81,29.39,2.0,6.74,6872.91,Position Trader,hn,0.95535
CRM,2016-03-01,2016-03-31,68.83,72.57,5.44,7.45,7843.33,Position Trader,hn,0.4394249999999999
AMZN,2016-03-31,2016-04-29,29.68,32.98,11.11,7.18,7967.6,Position Trader,hn,0.67615
HCSG,2016-04-29,2016-05-31,31.0,32.09,3.54,10.92,11299.26,Position Trader,hn,0.49365
ADBE,2016-06-03,2016-07-05,98.7,94.73,-4.02,9.03,8659.08,Position Trader,reddit_SecurityAnalysis,0.6606000000000001
SHOP,2016-07-06,2016-08-04,3.07,3.68,20.23,10.55,12678.27,Position Trader,reddit_technology,0.97305
NDAQ,2016-08-05,2016-09-06,20.24,20.33,0.45,9.49,9526.64,Position Trader,reddit_investing,1.254
META,2016-09-06,2016-10-05,128.6,127.35,-0.97,9.3,9200.36,Position Trader,hn|reddit_investing,1.0803
FIVE,2016-10-07,2016-11-07,40.52,36.91,-8.91,8.38,7628.68,Position Trader,hn,0.6606000000000001
TILE,2016-11-08,2016-12-08,15.07,16.79,11.42,10.95,12188.96,Position Trader,hn,0.63225
LBTYA,2016-12-14,2017-01-17,15.48,17.87,15.44,11.65,13433.28,Position Trader,hn,1.09035
JYNT,2017-01-17,2017-02-15,3.38,4.0,18.34,12.32,14569.69,Position Trader,reddit_SecurityAnalysis,0.51
TILE,2017-02-21,2017-03-22,16.6,16.79,1.16,10.76,10877.23,Position Trader,hn,0.7659
DSGR,2017-03-27,2017-04-26,11.27,11.77,4.43,11.51,12010.99,Position Trader,hn,0.74085
RDIB,2017-04-26,2017-05-25,18.0,18.0,0.0,10.81,10801.6,Position Trader,reddit_investing,0.6606000000000001
MSFT,2017-05-25,2017-06-26,63.09,63.92,1.31,11.58,11721.41,Position Trader,reddit_SecurityAnalysis,0.6606000000000001
LEE,2017-06-28,2017-07-28,20.0,18.5,-7.5,14.06,12994.55,Position Trader,hn,1.0776
MTCH,2017-07-31,2017-08-29,16.77,18.15,8.27,16.6,17956.85,Position Trader,hn,0.8788499999999999
FEED,2017-08-31,2017-10-02,13200.0,15444.0,17.0,16.4,19167.78,Position Trader,hn,0.650925
GEN,2017-10-02,2017-10-31,15.97,15.84,-0.85,14.75,14612.51,Position Trader,reddit_technology,1.2051
MTCH,2017-11-01,2017-12-01,24.62,26.1,6.01,17.63,18667.56,Position Trader,reddit_investing,0.6606000000000001
FOSL,2017-12-04,2018-01-04,6.68,8.4,25.75,20.68,25987.07,Position Trader,reddit_technology,1.3767
CALM,2018-01-09,2018-02-08,33.19,31.15,-6.16,18.06,16924.26,Position Trader,reddit_stocks,1.1184
PROP,2018-02-08,2018-03-12,110.59,129.41,17.02,26.88,31428.41,Position Trader,hn,0.5418000000000001
IBKR,2018-03-14,2018-04-13,17.07,16.91,-0.93,18.29,18105.02,Position Trader,reddit_stocks,0.68805
SHOP,2018-04-16,2018-05-15,11.69,14.25,21.86,20.23,24634.34,Position Trader,reddit_investing,0.60285
ACMR,2018-05-15,2018-06-14,3.96,4.47,12.78,17.33,19531.22,Position Trader,reddit_stocks,1.10265
KIDS,2018-06-15,2018-07-17,26.83,29.28,9.13,17.31,18868.05,Position Trader,hn,0.625425
ZG,2018-07-20,2018-08-20,62.74,47.85,-23.73,11.94,9093.9,Position Trader,hn,0.93735
MSFT,2018-08-20,2018-09-19,99.12,103.6,4.52,18.72,19551.0,Position Trader,hn,0.511425
LQDT,2018-09-19,2018-10-18,6.05,5.48,-9.42,16.45,14885.04,Position Trader,reddit_investing,1.1528999999999998
FIVE,2018-10-18,2018-11-16,115.04,119.94,4.26,17.03,17736.09,Position Trader,reddit_investing|reddit_stocks,0.7742249999999999
DSGR,2018-11-19,2018-12-20,15.52,15.77,1.61,13.44,13644.21,Position Trader,reddit_investing,0.5589000000000001
PPLI,2018-12-27,2019-01-29,32.7,36.62,12.0,13.21,14787.11,Position Trader,hn,0.5194
AAPL,2019-01-29,2019-02-28,36.7,41.26,12.42,17.41,19559.82,Position Trader,hn,0.4240199999999999
UAL,2019-03-01,2019-04-01,86.92,80.87,-6.96,14.03,13037.95,Position Trader,hn,0.9186
WING,2019-04-02,2019-05-02,65.25,67.18,2.95,16.25,16713.8,Position Trader,reddit_technology,1.203
DSGR,2019-05-08,2019-06-07,16.52,17.71,7.17,17.77,19031.25,Position Trader,hn,0.9186
HCSG,2019-06-07,2019-07-09,28.82,26.28,-8.81,14.8,13486.15,Position Trader,hn,0.85785
CAR,2019-07-09,2019-08-07,33.26,29.65,-10.85,15.88,14139.32,Position Trader,reddit_stocks|reddit_wallstreetbets,0.8421000000000001
MTCH,2019-08-07,2019-09-06,88.58,78.64,-11.22,13.32,11816.04,Position Trader,reddit_investing,0.7659
PPLI,2019-09-09,2019-10-08,42.36,39.72,-6.22,14.44,13528.85,Position Trader,reddit_SecurityAnalysis,0.5518413793103448
KIDS,2019-10-09,2019-11-07,33.65,35.92,6.75,15.45,16477.03,Position Trader,reddit_technology,0.95535
LQDT,2019-11-07,2019-12-09,6.66,6.58,-1.2,16.81,16592.13,Position Trader,reddit_wallstreetbets,1.10265
HCSG,2019-12-12,2020-01-14,22.28,23.43,5.16,16.73,17581.14,Position Trader,reddit_SecurityAnalysis,0.5418000000000001
PPLI,2020-01-14,2020-02-13,48.36,42.09,-12.97,14.88,12938.74,Position Trader,hn,0.6921375000000001
IBKR,2020-02-13,2020-03-16,13.3,9.62,-27.66,15.95,11526.23,Position Trader,reddit_stocks,0.9978
GEN,2020-03-20,2020-04-21,14.85,16.97,14.27,22.99,26253.13,Position Trader,hn,0.98955
NFLX,2020-04-22,2020-05-21,42.14,43.62,3.52,25.2,26064.47,Position Trader,edgar_8k|hn,0.41754
VS,2020-05-21,2020-06-22,743.81,631.3,-15.13,22.28,18887.35,Position Trader,hn,0.8788499999999999
HCSG,2020-06-22,2020-07-22,22.53,23.46,4.15,32.66,33985.07,Position Trader,hn,1.0644
TILE,2020-07-22,2020-08-20,7.81,7.34,-6.02,26.73,25094.58,Position Trader,hn,0.7569375
CALM,2020-08-27,2020-09-28,32.63,30.33,-7.06,25.33,23518.03,Position Trader,hn,0.95535
CAKE,2020-09-28,2020-10-27,25.07,27.14,8.25,29.59,32006.8,Position Trader,hn,0.6606000000000001
AMD,2020-10-27,2020-11-25,78.88,86.71,9.93,28.18,30944.7,Position Trader,hn,0.7659
GEN,2020-11-25,2020-12-28,16.21,18.74,15.62,39.42,45541.65,Position Trader,reddit_SecurityAnalysis,0.6698999999999999
RARE,2020-12-28,2021-01-28,169.89,140.6,-17.24,40.25,33266.84,Position Trader,hn,0.6606000000000001
TILE,2021-01-29,2021-03-02,9.87,12.3,24.7,67.9,84610.23,Position Trader,hn,1.0212
RDIB,2021-03-02,2021-03-31,22.0,20.41,-7.23,44.16,40924.18,Position Trader,reddit_investing|reddit_wallstreetbets,0.7173022058823528
AGNCN,2021-04-05,2021-05-04,16.26,16.32,0.35,51.17,51298.61,Position Trader,reddit_investing,0.6881999999999999
CSCO,2021-05-04,2021-06-03,43.95,46.22,5.17,55.27,58071.81,Position Trader,reddit_technology,1.3501500000000002
HCSG,2021-06-03,2021-07-02,28.47,29.31,2.93,58.59,60253.48,Position Trader,reddit_technology,0.5726999999999999
PPLI,2021-07-06,2021-08-04,121.82,110.13,-9.6,58.22,52575.39,Position Trader,hn,0.6766000000000001
TILE,2021-08-04,2021-09-02,13.6,14.37,5.64,62.23,65676.83,Position Trader,reddit_wallstreetbets,0.95535
TILE,2021-09-02,2021-10-04,14.37,15.4,7.2,74.84,80156.43,Position Trader,reddit_investing,1.3248
HCSG,2021-10-08,2021-11-08,23.24,18.09,-22.17,53.46,41552.72,Position Trader,reddit_technology,0.93735
TILE,2021-11-08,2021-12-08,16.42,15.62,-4.91,70.7,67161.11,Position Trader,hn,0.4039875
ROCK,2021-12-08,2022-01-07,73.84,63.58,-13.89,67.73,58247.26,Position Trader,hn,0.64005
EVER,2022-01-07,2022-02-08,15.04,16.43,9.24,91.29,99633.81,Position Trader,hn,0.8119982142857144
LCID,2022-02-08,2022-03-10,274.3,242.1,-11.74,52.67,46430.89,Position Trader,hn,0.4772999999999999
DSGR,2022-03-10,2022-04-08,19.0,17.78,-6.39,47.78,44672.97,Position Trader,reddit_investing,1.0644
DSGR,2022-04-08,2022-05-10,17.78,21.39,20.24,75.4,90588.1,Position Trader,hn,0.74085
ADBE,2022-06-02,2022-07-05,441.28,376.49,-14.68,32.24,27475.58,Position Trader,reddit_technology,0.7659
ADV,2022-07-05,2022-08-03,105.75,108.5,2.6,36.44,37353.11,Position Trader,reddit_technology,1.0776
PLTR,2022-08-04,2022-09-02,11.32,7.4,-34.63,29.22,19071.05,Position Trader,reddit_investing,1.0449
ADV,2022-09-02,2022-10-04,86.25,62.75,-27.25,28.83,20945.75,Position Trader,reddit_stocks|reddit_wallstreetbets,0.8646461538461538
WASH,2022-10-05,2022-11-03,37.47,36.05,-3.78,35.6,34223.06,Position Trader,reddit_stocks,0.60285
FEED,2022-11-07,2022-12-07,880.0,858.0,-2.5,30.4,29610.51,Position Trader,hn,0.55305
ADV,2022-12-07,2023-01-09,53.5,53.75,0.47,32.37,32493.13,Position Trader,hn,0.9252
ADV,2023-01-09,2023-02-08,53.75,64.25,19.53,41.19,49196.85,Position Trader,reddit_investing,0.5524517769607843
CETY,2023-02-08,2023-03-10,80.25,62.1,-22.62,35.68,27577.36,Position Trader,reddit_technology,0.8788499999999999
AMD,2023-03-10,2023-04-11,82.67,94.03,13.74,35.21,40008.95,Position Trader,reddit_investing,0.95535
PYPL,2023-04-11,2023-05-10,72.95,62.84,-13.86,24.9,21419.21,Position Trader,reddit_investing|reddit_stocks,0.6606000000000001
BAND,2023-05-10,2023-06-09,11.32,12.31,8.75,28.63,31108.61,Position Trader,reddit_technology,1.2111
TSM,2023-06-14,2023-07-17,102.51,100.43,-2.03,24.36,23840.04,Position Trader,hn,0.6606000000000001
CETY,2023-07-20,2023-08-18,21.0,20.7,-1.43,31.51,31025.7,Position Trader,hn,0.8991
BIRD,2023-08-18,2023-09-19,26.6,25.2,-5.26,27.83,26337.39,Position Trader,reddit_technology,0.81165
CETY,2023-09-19,2023-10-18,28.35,22.2,-21.69,22.42,17537.52,Position Trader,reddit_technology,1.2264
NDAQ,2023-10-18,2023-11-16,50.04,51.6,3.12,27.59,28426.37,Position Trader,reddit_investing|reddit_stocks,0.93735
CETY,2023-11-16,2023-12-18,26.1,21.3,-18.39,25.72,20962.0,Position Trader,reddit_stocks,1.15755
TILE,2023-12-21,2024-01-24,12.45,12.14,-2.47,29.88,29111.28,Position Trader,hn,0.5727
HCSG,2024-01-25,2024-02-26,9.62,12.46,29.52,47.93,62034.1,Position Trader,reddit_SecurityAnalysis,0.8991
EYE,2024-02-26,2024-03-26,19.96,21.83,9.37,40.0,43705.1,Position Trader,reddit_SecurityAnalysis,0.8361000000000001
MSFT,2024-03-26,2024-04-25,414.38,392.16,-5.36,39.74,37570.34,Position Trader,reddit_SecurityAnalysis,0.9729
FIVE,2024-04-29,2024-05-29,147.22,131.7,-10.54,34.5,30830.69,Position Trader,hn,0.63225
STEP,2024-05-29,2024-06-28,40.44,43.33,7.14,46.32,49580.59,Position Trader,reddit_investing,0.782475
INTJ,2024-06-28,2024-07-30,20.14,20.0,-0.7,39.71,39391.24,Position Trader,hn,0.77655
NVO,2024-07-30,2024-08-28,120.86,126.24,4.45,37.83,39471.39,Position Trader,hn,0.95535
GOOGL,2024-08-28,2024-09-27,161.6,162.91,0.81,37.46,37723.3,Position Trader,hn,1.0362
BIRD,2024-09-30,2024-10-29,11.8,11.14,-5.59,37.15,35039.45,Position Trader,hn,0.4269375
CAR,2024-10-29,2024-11-27,87.1,108.84,24.96,46.79,58420.2,Position Trader,hn,0.63225
RDIB,2024-11-27,2024-12-30,6.36,7.94,24.77,45.81,57118.62,Position Trader,reddit_technology,0.93735
SIRI,2024-12-30,2025-01-31,21.24,22.37,5.31,39.26,41304.84,Position Trader,hn,0.71505
SOGP,2025-02-03,2025-03-05,1.76,2.0,13.43,47.78,54151.41,Position Trader,reddit_technology,0.839175
CETY,2025-03-05,2025-04-03,7.2,7.2,0.0,43.82,43780.74,Position Trader,reddit_stocks,0.8788499999999999
PETS,2025-04-03,2025-05-05,3.61,3.6,-0.28,43.24,43078.56,Position Trader,reddit_technology,0.8991
FGL,2025-05-05,2025-06-04,131.0,102.0,-22.14,39.15,30445.78,Position Trader,reddit_investing,1.13865
PRE,2025-06-04,2025-07-07,9.0,8.01,-11.03,49.96,44393.58,Position Trader,reddit_investing,0.5727
FGL,2025-07-07,2025-08-05,81.0,123.0,51.85,96.73,146796.59,Position Trader,hn,1.1145
ADBE,2025-08-05,2025-09-04,338.74,344.31,1.64,57.7,58595.53,Position Trader,reddit_stocks,0.7659
AGNCN,2025-09-04,2025-10-03,24.04,24.53,2.03,67.5,68800.98,Position Trader,reddit_investing,1.05045
GTLB,2025-10-03,2025-11-03,46.91,51.04,8.8,83.02,90245.02,Position Trader,reddit_stocks,0.95535
WMT,2025-11-03,2025-12-03,100.98,113.73,12.62,108.75,122360.63,Position Trader,reddit_investing,0.564825
BOOM,2025-12-03,2026-01-05,6.36,7.01,10.22,93.57,103037.96,Position Trader,reddit_stocks,1.00575
FIVE,2026-01-05,2026-02-04,196.64,192.93,-1.89,87.2,85465.27,Position Trader,reddit_technology,0.4439999999999999
FIGR,2026-02-04,2026-03-06,42.95,30.48,-29.03,65.05,46095.92,Position Trader,reddit_wallstreetbets,0.6417
JACK,2026-03-06,2026-04-07,14.49,10.96,-24.36,57.88,43724.37,Position Trader,hn,0.51
INTJ,2026-04-07,2026-05-06,9.5,10.0,5.26,75.95,79867.98,Position Trader,hn,1.2603
IPST,2026-05-06,2026-06-05,5.55,3.56,-35.86,73.17,46859.7,Position Trader,reddit_investing,0.60285
CARE,2015-03-30,2015-04-29,,,-5.93,,9387.15,Opt Stop Global,reddit_investing,1.27785
HCSG,2015-06-26,2015-07-28,,,3.04,,9653.52,Opt Stop Global,hn,1.1145
CARE,2016-02-26,2016-03-29,,,1.35,,9764.76,Opt Stop Global,reddit_investing,1.3977
NSPR,2016-05-13,2016-06-14,,,-4.65,,9291.05,Opt Stop Global,hn,1.1259
CARE,2016-10-13,2016-11-11,,,-4.92,,8814.96,Opt Stop Global,hn,1.35015
SHOP,2016-11-21,2016-12-21,,,-9.11,,7994.18,Opt Stop Global,hn,1.308
PYPL,2017-04-18,2017-05-17,,,13.83,,9083.91,Opt Stop Global,reddit_investing,1.16745
JACK,2017-05-18,2017-06-19,,,2.26,,9270.62,Opt Stop Global,reddit_investing,1.28325
MTCH,2017-09-15,2017-10-16,,,8.79,,10066.95,Opt Stop Global,reddit_stocks,1.4352
BPOPM,2018-03-13,2018-04-12,,,1.78,,10226.12,Opt Stop Global,hn,1.1859
DSGR,2018-07-30,2018-08-28,,,18.6,,12107.3,Opt Stop Global,hn,1.33275
NFLX,2018-11-14,2018-12-17,,,-8.35,,11072.63,Opt Stop Global,hn,1.15995
HAPN,2020-01-13,2020-02-12,,,10.59,,12222.77,Opt Stop Global,reddit_stocks,1.1616
CALM,2020-09-21,2020-10-20,,,0.0,,12198.33,Opt Stop Global,hn,1.24065
BPOPM,2020-11-17,2020-12-17,,,-0.99,,12052.69,Opt Stop Global,reddit_investing,1.4742
EVER,2020-12-31,2021-02-02,,,27.44,,15336.22,Opt Stop Global,hn,1.38015
BPOPM,2022-02-15,2022-03-17,,,1.85,,15589.8,Opt Stop Global,hn,1.2276
FIVE,2022-04-14,2022-05-16,,,-21.47,,12212.12,Opt Stop Global,reddit_investing,1.293
NDAQ,2022-08-11,2022-09-12,,,3.09,,12564.72,Opt Stop Global,reddit_stocks,1.254
FORM,2023-02-17,2023-03-21,,,-6.81,,11683.9,Opt Stop Global,reddit_technology,1.2331500000000002
SEAT,2023-03-16,2023-04-17,,,7.11,,12491.54,Opt Stop Global,reddit_investing,1.3095
MTCH,2023-04-20,2023-05-19,,,-8.03,,11463.48,Opt Stop Global,reddit_investing,1.2891
AMD,2023-09-18,2023-10-17,,,2.71,,11750.74,Opt Stop Global,reddit_technology,1.3968
CHEF,2023-11-28,2023-12-28,,,13.64,,13330.61,Opt Stop Global,reddit_stocks,1.2937500000000002
JYNT,2024-01-12,2024-02-13,,,10.5,,14703.29,Opt Stop Global,reddit_technology,1.4005499999999995
XFOR,2024-02-14,2024-03-15,,,-1.8,,14409.38,Opt Stop Global,reddit_investing,1.2474
PRE,2024-03-18,2024-04-17,,,-30.92,,9925.03,Opt Stop Global,reddit_technology,1.3677
NFLX,2024-05-21,2024-06-21,,,5.46,,10446.89,Opt Stop Global,reddit_technology,1.4535
CETY,2024-07-15,2024-08-13,,,-16.0,,8754.49,Opt Stop Global,reddit_stocks,1.2603
HCSG,2024-08-14,2024-09-13,,,6.6,,9315.03,Opt Stop Global,hn,1.2264
HCSG,2024-09-18,2024-10-17,,,-7.89,,8561.42,Opt Stop Global,reddit_investing,1.1946
GEN,2024-10-22,2024-11-20,,,9.06,,9319.58,Opt Stop Global,hn,1.1859
CETY,2024-11-15,2024-12-17,,,-5.21,,8815.27,Opt Stop Global,reddit_technology,1.3468500000000003
EVER,2025-04-10,2025-05-12,,,13.95,,10027.19,Opt Stop Global,reddit_technology,1.34985
BOLT,2025-05-21,2025-06-23,,,-11.67,,8836.77,Opt Stop Global,hn,1.2111
INTJ,2025-07-28,2025-08-26,,,-55.28,,3933.73,Opt Stop Global,hn,1.13235
EVER,2025-10-17,2025-11-17,,,28.02,,5028.11,Opt Stop Global,reddit_technology,1.205475
NSPR,2025-11-14,2025-12-16,,,-8.06,,4612.95,Opt Stop Global,hn,1.329
COIN,2026-03-12,2026-04-13,,,-9.68,,4157.3,Opt Stop Global,reddit_investing,1.3365
PLTR,2026-05-14,2026-06-15,,,0.73,,4179.45,Opt Stop Global,hn,1.00575
TSLA,2015-07-23,2015-08-21,,,-13.63,,8616.6,Opt Stop Sector,reddit_investing,0.1536061538461538
AMD,2015-08-31,2015-09-30,,,-4.97,,8170.92,Opt Stop Sector,hn,0.65415
NFLX,2015-12-30,2016-02-01,,,-19.38,,6570.94,Opt Stop Sector,hn,0.60285
CRM,2016-11-14,2016-12-14,,,-1.97,,6428.66,Opt Stop Sector,hn,0.6855
TSLA,2017-04-12,2017-05-12,,,9.42,,7021.54,Opt Stop Sector,reddit_stocks,0.4259975409836066
AMZN,2017-05-31,2017-06-29,,,-1.88,,6875.56,Opt Stop Sector,hn,0.5181
NFLX,2017-06-15,2017-07-17,,,6.55,,7312.14,Opt Stop Sector,reddit_investing,0.8728499999999999
AMD,2017-12-22,2018-01-25,,,17.74,,8594.84,Opt Stop Sector,reddit_stocks,0.6125625
PYPL,2018-01-12,2018-02-13,,,-6.92,,7983.24,Opt Stop Sector,hn,0.468675
META,2018-04-26,2018-05-25,,,6.18,,8460.5,Opt Stop Sector,edgar_8k|hn,0.7151249999999999
QCOM,2018-06-13,2018-07-13,,,-1.4,,8325.0,Opt Stop Sector,reddit_investing,0.4439999999999999
PYPL,2018-07-26,2018-08-24,,,1.08,,8398.01,Opt Stop Sector,edgar_8k,0.1841625
AMD,2018-10-15,2018-11-13,,,-25.32,,6254.53,Opt Stop Sector,reddit_stocks,0.60285
AAPL,2019-04-10,2019-05-10,,,-1.34,,6158.44,Opt Stop Sector,reddit_wallstreetbets,0.2375320802005013
INTC,2019-08-13,2019-09-12,,,13.17,,6957.35,Opt Stop Sector,hn|reddit_technology,0.7315618421052632
AMD,2020-02-19,2020-03-19,,,-32.39,,4689.68,Opt Stop Sector,edgar_8k,0.0929721338749463
NFLX,2020-05-14,2020-06-15,,,-3.72,,4505.74,Opt Stop Sector,hn,0.554775
CRM,2020-07-21,2020-08-19,,,7.5,,4834.66,Opt Stop Sector,hn,0.74085
TSLA,2020-09-22,2020-10-21,,,-0.37,,4806.87,Opt Stop Sector,hn,0.7659
PLTR,2020-10-15,2020-11-13,,,59.43,,7654.22,Opt Stop Sector,hn,1.00575
NFLX,2021-04-15,2021-05-14,,,-10.17,,6860.56,Opt Stop Sector,hn,1.13685
CRM,2021-05-27,2021-06-28,,,8.3,,7416.14,Opt Stop Sector,hn,0.6881999999999999
TSM,2021-06-15,2021-07-15,,,-1.23,,7310.09,Opt Stop Sector,hn,0.6881999999999999
COIN,2021-10-13,2021-11-11,,,36.31,,9949.89,Opt Stop Sector,hn|reddit_investing,0.4716191004672897
AMD,2021-12-31,2022-02-01,,,-18.85,,8054.8,Opt Stop Sector,hn,0.71505
AMD,2022-01-13,2022-02-14,,,-13.91,,6917.91,Opt Stop Sector,hn,0.6881999999999999
AMD,2022-02-14,2022-03-16,,,0.96,,6970.67,Opt Stop Sector,hn,0.93735
PLTR,2022-03-11,2022-04-11,,,11.15,,7733.96,Opt Stop Sector,reddit_stocks,0.7389
TSM,2022-07-20,2022-08-18,,,3.13,,7960.63,Opt Stop Sector,hn,0.7759499999999999
CRM,2022-09-22,2022-10-21,,,6.67,,8475.94,Opt Stop Sector,hn,0.8361000000000001
DDOG,2022-10-12,2022-11-10,,,-7.08,,7858.93,Opt Stop Sector,reddit_stocks,1.17675
NFLX,2022-11-21,2022-12-21,,,4.53,,8199.15,Opt Stop Sector,hn,0.63225
TSLA,2023-02-13,2023-03-15,,,-7.29,,7585.0,Opt Stop Sector,hn|reddit_stocks,0.758675
NFLX,2023-06-15,2023-07-18,,,6.63,,8072.86,Opt Stop Sector,hn,0.74085
PYPL,2023-07-13,2023-08-11,,,-14.99,,6846.74,Opt Stop Sector,hn,0.5418000000000001
AMD,2023-09-18,2023-10-17,,,2.71,,7018.31,Opt Stop Sector,reddit_technology,1.3968
AMD,2024-01-11,2024-02-12,,,16.14,,8137.01,Opt Stop Sector,reddit_technology,0.60285
AMD,2024-02-13,2024-03-14,,,9.05,,8856.92,Opt Stop Sector,hn,0.6606000000000001
PLTR,2024-04-11,2024-05-10,,,-9.81,,7970.58,Opt Stop Sector,reddit_wallstreetbets,0.458925
PYPL,2024-06-13,2024-07-16,,,0.44,,7989.61,Opt Stop Sector,reddit_technology,0.81345
DDOG,2024-09-13,2024-10-14,,,18.18,,9425.89,Opt Stop Sector,reddit_SecurityAnalysis,0.10723125
PYPL,2024-11-13,2024-12-13,,,4.25,,9807.56,Opt Stop Sector,reddit_technology,0.2388375
NFLX,2025-02-21,2025-03-24,,,-3.11,,9483.3,Opt Stop Sector,hn,0.2920383333333333
TSM,2025-08-15,2025-09-16,,,10.05,,10417.38,Opt Stop Sector,hn,0.6881999999999999
COIN,2025-09-11,2025-10-10,,,10.21,,11459.67,Opt Stop Sector,reddit_investing,0.660225
PYPL,2026-03-26,2026-04-27,,,10.11,,12595.39,Opt Stop Sector,edgar_8k,0.2386499999999999
PLTR,2026-05-14,2026-06-15,,,0.73,,12662.5,Opt Stop Sector,hn,1.00575
