ticker,signal_days,date_min,date_max,avg_sentiment,total_stories
AAPL,3157,2015-01-01,2026-07-19,0.06244338167967486,39371
COIN,3090,2015-01-01,2026-07-19,0.07772020599524111,30408
PPLI,2869,2015-01-01,2026-07-19,0.10130537300136637,10668
MSFT,2851,2015-01-01,2026-07-19,0.07720411554380065,37087
TSLA,2674,2015-01-01,2026-07-19,0.04295810384602637,26452
META,2563,2015-01-01,2026-07-19,0.07692354290486897,18747
AMZN,2551,2015-01-01,2026-07-19,0.029882862221090142,23702
INTC,2351,2015-01-01,2026-07-19,0.04972843044233266,15802
APPS,2231,2015-01-01,2026-07-19,0.17683850784736838,5674
EVER,2156,2015-01-01,2026-07-19,0.18462802066312559,4468
PSIX,2120,2015-01-01,2026-07-19,0.11572208168851769,5203
AMD,2021,2015-01-01,2026-07-19,0.09013912898802662,18698
NVDA,1854,2015-01-01,2026-07-19,0.09242575115850932,22017
STRD,1795,2015-01-01,2026-07-19,0.18551241446781253,3300
CAR,1772,2015-01-01,2026-07-19,0.05034158687701876,3593
FGL,1689,2015-01-01,2026-07-19,0.07242109695090831,3106
MDB,1546,2015-01-01,2026-07-19,0.012739849711582409,8802
CRWD,1543,2015-01-01,2026-07-19,0.011666723617276773,15463
NFLX,1536,2015-01-01,2026-07-19,0.09563914767720365,17173
GOOGL,1453,2015-01-01,2026-07-19,0.0789279762062263,18196
PANW,1350,2015-01-01,2026-07-19,0.002496760868542292,13988
PLTR,1309,2015-01-01,2026-07-19,0.03081112146734649,12375
PTRN,1264,2015-01-01,2026-07-19,0.07744538015492444,1827
KIDS,1253,2015-01-01,2026-07-19,0.1639408436218357,1908
RDIB,1240,2015-01-01,2026-07-19,0.17385111337219097,1681
DDOG,1213,2015-01-01,2026-07-19,0.008916946687611732,7025
PRE,1194,2015-01-01,2026-07-19,0.12131109407968749,1904
CRM,1148,2015-01-01,2026-07-19,0.10025919221956368,1930
FIVE,1131,2015-01-01,2026-07-19,0.11081703875722568,1573
CARE,1081,2015-01-01,2026-07-19,0.5919853713107622,1619
BPOPM,1076,2015-01-01,2026-07-19,0.591213245366481,1490
TILE,1011,2015-01-01,2026-07-19,0.12038140546327106,1391
STEP,997,2015-01-01,2026-07-19,0.14065464102778394,1412
HAPN,945,2015-01-01,2026-07-19,0.07390111038915273,1349
LAB,940,2015-01-01,2026-07-19,0.09391460477061403,1306
PYPL,927,2015-01-01,2026-07-19,0.08044910330007252,15239
BOT,908,2015-01-01,2026-07-19,0.08795405320558572,1274
FORM,872,2015-01-01,2026-07-19,0.16557572738001525,1123
BULL,858,2015-01-01,2026-07-19,0.16213824485627004,1628
SHOP,853,2015-01-01,2026-07-19,0.14726169593511915,1446
GEN,828,2015-01-01,2026-07-19,0.08900737105237307,1155
OKTA,827,2015-01-01,2026-07-19,0.011934926635433349,2236
MOMO,786,2015-01-01,2026-07-19,0.2822878181476363,1084
SPOT,784,2015-01-01,2026-07-19,0.08982712189791055,1274
SOGP,773,2015-01-01,2026-07-19,0.13219023855664255,976
INCY,734,2015-01-01,2026-07-19,-0.0005354223433242507,2101
NDAQ,726,2015-01-01,2026-07-19,0.12162745228042528,1143
DSGR,713,2015-01-01,2026-07-19,0.17855593301244282,876
ADV,708,2015-01-01,2026-07-19,0.4630819204292727,914
NSPR,693,2015-01-01,2026-07-19,0.5644578000581704,836
BOOM,689,2015-01-01,2026-07-19,0.08367406973477169,915
SHIP,678,2015-01-01,2026-07-19,0.0429050279609883,930
RARE,651,2015-01-01,2026-07-19,0.09650256798150857,815
ABNB,647,2015-01-01,2026-07-19,0.05000792320263152,943
CLIK,625,2015-01-01,2026-07-19,0.24383096154175346,781
HCSG,622,2015-01-01,2026-07-19,0.15744835868333662,776
RAY,619,2015-01-01,2026-07-19,0.10928826767073214,763
EYE,609,2015-01-01,2026-07-19,0.09201041542522097,736
WMT,580,2015-01-01,2026-07-19,0.12020421243390307,815
FEED,555,2015-01-01,2026-07-19,0.1348701009587127,670
FLY,553,2015-01-01,2026-07-19,0.09926627072770038,700
ATGL,550,2015-01-01,2026-07-19,0.11041553339244918,646
MTCH,538,2015-01-01,2026-07-19,0.13608082654256967,696
INTJ,533,2015-01-01,2026-07-19,0.685029399650231,627
RENT,506,2015-01-01,2026-07-19,0.07929811952886265,609
QCOM,495,2015-01-01,2026-07-19,0.06616631125944912,13975
LYFT,485,2015-01-01,2026-07-19,0.061993868384457314,779
JACK,479,2015-01-01,2026-07-19,0.06895684462406883,798
ADBE,472,2015-01-01,2026-07-19,0.13709011961958564,657
PARK,459,2015-01-01,2026-07-19,0.16566526456746297,553
FIGR,448,2015-01-01,2026-07-19,0.21791099071132916,547
TSM,443,2015-01-01,2026-07-19,0.11149172702229364,669
LAKE,417,2015-01-01,2026-07-19,0.08766775209093602,516
BIRD,412,2015-01-01,2026-07-19,0.007136597685676221,522
BAND,404,2015-01-01,2026-07-19,0.12271371311395846,492
PLUG,404,2015-01-01,2026-07-19,0.1543336270700611,560
VS,401,2015-01-01,2026-07-19,0.10700817764412499,441
QUBT,392,2015-01-01,2026-07-19,0.08295950199836033,472
HOOD,390,2015-01-01,2026-07-19,0.12450446504607626,653
QQQ,389,2015-01-01,2026-07-19,0.15188578398730568,575
AGNCN,382,2015-01-01,2026-07-19,0.20172768754939832,466
ROCK,376,2015-01-01,2026-07-19,0.11117861332679158,425
WASH,370,2015-01-01,2026-07-19,0.04503806531531532,513
GTLB,362,2015-01-01,2026-07-19,0.06893585635359116,459
FOSL,360,2015-01-01,2026-07-19,0.13177927728174604,436
DBX,358,2015-01-01,2026-07-19,0.12900856067659838,466
SEED,356,2015-01-01,2026-07-19,0.09498357540207095,400
SBUX,350,2015-01-01,2026-07-19,0.07891728797147643,464
CSCO,347,2015-01-01,2026-07-19,0.07415113629738546,456
EBAY,345,2015-01-01,2026-07-19,0.11186640342362399,464
ULCC,336,2015-01-01,2026-07-19,0.13700568573199481,408
TLS,331,2015-01-01,2026-07-19,0.07655114803625378,382
SBFG,323,2015-01-01,2026-07-19,0.18112658093793665,385
IRON,322,2015-01-01,2026-07-19,0.14166821921812203,356
ICON,311,2015-01-01,2026-07-19,0.267303739833554,347
TOUR,308,2015-01-01,2026-07-19,0.10684774159663867,350
SIRI,304,2015-01-01,2026-07-19,0.12260426726938593,416
EDIT,302,2015-01-01,2026-07-19,0.17089072784166937,349
DASH,301,2015-01-01,2026-07-19,0.11816754272084505,400
MRNA,295,2015-01-01,2026-07-19,0.0497957627276274,465
SKIN,295,2015-01-01,2026-07-19,0.14342029760408218,421
GPRO,293,2015-01-01,2026-07-19,0.1686324752193151,449
ROKU,287,2015-01-01,2026-07-19,0.16551120198427569,518
ARRY,287,2015-01-01,2026-07-19,0.1303202726406385,333
IBKR,284,2015-01-01,2026-07-19,0.10258399312541919,347
GRVY,278,2015-01-01,2026-07-19,0.06101055755395683,302
PFE,278,2015-01-01,2026-07-19,0.09879507192723828,462
ECHO,277,2015-01-01,2026-07-19,0.2139577077830927,364
AIFC,272,2015-01-01,2026-07-19,0.12354902295008913,327
MU,259,2015-01-01,2026-07-19,0.09076493606594378,388
WING,259,2015-01-01,2026-07-19,0.08190722168961438,301
FOX,256,2015-01-01,2026-07-19,0.07556675223214286,315
CETY,253,2015-01-01,2026-07-19,0.8182149450584937,305
LEE,251,2015-01-01,2026-07-19,0.050478530165054075,346
CMCSA,249,2015-01-01,2026-07-19,0.02409573487527273,376
LQDT,246,2015-01-01,2026-07-19,0.08611240359204834,285
CAPS,245,2015-01-01,2026-07-19,0.1000074899420655,305
ATOM,243,2015-01-01,2026-07-19,0.0854874279835391,286
MASK,237,2015-01-01,2026-07-19,0.09100677730683315,290
XFOR,233,2015-01-01,2026-07-19,0.1413037514576646,290
RAIL,230,2015-01-01,2026-07-19,0.08162834782608695,257
JYNT,217,2015-01-01,2026-07-19,0.12610026750590086,247
LITE,215,2015-01-01,2026-07-19,0.10151593023255814,252
AVGO,214,2015-01-01,2026-07-19,0.10460291886928376,316
RIOT,213,2015-01-01,2026-07-19,-0.3009114033726144,309
TXMD,210,2015-01-01,2026-07-19,0.148045013980923,273
TIL,209,2015-01-01,2026-07-19,0.10125145288019513,245
BKNG,207,2015-01-01,2026-07-19,0.12615396208461427,252
NEO,201,2015-01-01,2026-07-19,0.03670055970149254,246
SNOW,195,2015-01-01,2026-07-19,0.09169678205128204,222
IPST,195,2015-01-01,2026-07-19,0.21026334188034188,213
SEAT,191,2015-01-01,2026-07-19,0.11276629699209527,227
SOFI,190,2015-01-01,2026-07-19,0.2077156776953987,332
BYND,187,2015-01-01,2026-07-19,0.060692995630413304,356
OFSSH,185,2015-01-01,2026-07-19,0.09202264181764183,206
ALT,181,2015-01-01,2026-07-19,0.11817881702957427,210
BIDU,180,2015-01-01,2026-07-19,0.05400222397668745,242
OLED,178,2015-01-01,2026-07-19,0.1972371752415457,230
CALM,175,2015-01-01,2026-07-19,0.49164637875457873,192
CGC,174,2015-01-01,2026-07-19,0.2998635043728972,254
PDFS,171,2015-01-01,2026-07-19,0.12146619883040936,182
LCID,171,2015-01-01,2026-07-19,0.14182838751031612,273
BEAM,169,2015-01-01,2026-07-19,0.08239180473372781,187
REPL,167,2015-01-01,2026-07-19,0.0791119760479042,174
TEAM,166,2015-01-01,2026-07-19,0.059060893996152684,209
MAR,161,2015-01-01,2026-07-19,0.059268730848861285,208
OPRA,161,2015-01-01,2026-07-19,0.10072147316451664,205
CRON,159,2015-01-01,2026-07-19,0.09851537920151128,203
GAINZ,156,2015-01-01,2026-07-19,0.18400956196581197,213
DAVE,156,2015-01-01,2026-07-19,0.1260678305988883,192
NVO,153,2015-01-01,2026-07-19,0.10623806333362909,193
PEP,150,2015-01-01,2026-07-19,0.07505280846560847,183
ACB,149,2015-01-01,2026-07-19,0.14884478347265218,276
CLMB,149,2015-01-01,2026-07-19,0.13828687919463087,163
WEN,149,2015-01-01,2026-07-19,0.08059797561566998,364
TGL,148,2015-01-01,2026-07-19,0.4371482094594595,157
FATE,148,2015-01-01,2026-07-19,0.042574807896131425,161
ASML,146,2015-01-01,2026-07-19,0.03791792326976453,185
ALTO,146,2015-01-01,2026-07-19,0.021611725982630496,168
DCX,146,2015-01-01,2026-07-19,0.12427674200913243,173
CENT,145,2015-01-01,2026-07-19,0.12304346769747515,165
TONX,144,2015-01-01,2026-07-19,0.37854421875,157
ON,143,2015-01-01,2026-07-19,0.15720297902097904,162
EML,140,2015-01-01,2026-07-19,0.07925700000000001,157
EZRA,140,2015-01-01,2026-07-19,0.10295535204081634,169
RELY,138,2015-01-01,2026-07-19,0.0996684255599473,149
UAL,137,2015-01-01,2026-07-19,0.41465029664982217,186
ETOR,135,2015-01-01,2026-07-19,0.18389658733424782,190
LBTYA,132,2015-01-01,2026-07-19,0.7334606818181817,144
TWIN,132,2015-01-01,2026-07-19,0.09705295454545455,149
BOLT,131,2015-01-01,2026-07-19,0.09534254378087113,157
AAL,130,2015-01-01,2026-07-19,0.10741859738658777,186
ACMR,124,2015-01-01,2026-07-19,0.18790282258064514,131
MCHPP,124,2015-01-01,2026-07-19,0.04043231261859583,140
FLUX,124,2015-01-01,2026-07-19,0.09713342741935484,144
DKNG,124,2015-01-01,2026-07-19,0.1413147973144731,256
MORN,122,2015-01-01,2026-07-19,0.21314557377049181,137
DUOL,122,2015-01-01,2026-07-19,0.0691188056206089,146
NTGR,121,2015-01-01,2026-07-19,0.1763509601519045,201
WDC,117,2015-01-01,2026-07-19,0.06046955191488728,140
NVAX,116,2015-01-01,2026-07-19,0.1287700935943927,204
XRX,115,2015-01-01,2026-07-19,0.09680373913043477,125
GILD,114,2015-01-01,2026-07-19,0.07795465309193976,147
CAKE,114,2015-01-01,2026-07-19,0.18045189692982458,127
TLRY,114,2015-01-01,2026-07-19,0.15771998276877922,239
PROP,112,2015-01-01,2026-07-19,0.134511875,125
SONO,111,2015-01-01,2026-07-19,0.11156340696658501,152
RKLB,111,2015-01-01,2026-07-19,0.13643605388798938,168
RAND,107,2015-01-01,2026-07-19,0.04347192413413964,127
MRCY,107,2015-01-01,2026-07-19,0.09199300164925783,128
GLAD,107,2015-01-01,2026-07-19,0.6750776835781042,128
ZG,106,2015-01-01,2026-07-19,0.10109679540555704,135
CHEF,105,2015-01-01,2026-07-19,0.10560366666666668,122
PETS,104,2015-01-01,2026-07-19,0.1675945757918552,108
BANR,104,2015-01-01,2026-07-19,0.10223149038461539,119
LULU,102,2015-01-01,2026-07-19,0.19144316356810281,173
DUO,101,2015-01-01,2026-07-19,0.12290575019040366,121
LUNG,101,2015-01-01,2026-07-19,-0.1025995981362842,111
VIVO,101,2015-01-01,2026-07-19,0.12612315755488593,130
LGHL,101,2015-01-01,2026-07-19,0.2215176412347117,117
PSNL,100,2015-01-01,2026-07-19,0.11528827294117647,111
UPWK,99,2015-01-01,2026-07-19,0.14736676767676768,125
SUNE,98,2015-01-01,2026-07-19,0.10555056656412358,213
BLZE,97,2015-01-01,2026-07-19,0.014322835051546393,104
SWIM,97,2015-01-01,2026-07-19,0.10217047537227951,104
FRGT,97,2015-01-01,2026-07-19,0.08294845360824743,104
PROF,97,2015-01-01,2026-07-19,0.10939835051546393,102
TTWO,96,2015-01-01,2026-07-19,0.06957542933209264,140
DOCU,95,2015-01-01,2026-07-19,0.12529731854176726,157
COKE,94,2015-01-01,2026-07-19,0.09569952127659576,101
GRAL,94,2015-01-01,2026-07-19,0.032127446808510644,103
FLEX,94,2015-01-01,2026-07-19,0.13646989361702128,101
STX,94,2015-01-01,2026-07-19,0.08224354609929078,104
OPRX,94,2015-01-01,2026-07-19,0.6486526063829787,102
RICK,92,2015-01-01,2026-07-19,0.07031184782608696,103
HIVE,92,2015-01-01,2026-07-19,0.10461701086956522,106
TOP,91,2015-01-01,2026-07-19,0.3273616483516483,103
FSLR,90,2015-01-01,2026-07-19,0.13233378356719533,120
NEON,90,2015-01-01,2026-07-19,0.08835993333333333,113
PCB,90,2015-01-01,2026-07-19,0.12188244444444443,94
CELH,90,2015-01-01,2026-07-19,0.11512655569621144,153
PM,89,2015-01-01,2026-07-19,0.05455616304087976,100
HSDT,89,2015-01-01,2026-07-19,0.08204881835205993,119
HTZ,89,2015-01-01,2026-07-19,0.06155220469605301,122
HALO,88,2015-01-01,2026-07-19,0.167112601010101,102
ASTS,88,2015-01-01,2026-07-19,0.19207400068064348,145
AXON,88,2015-01-01,2026-07-19,0.16919852272727273,96
AVXL,87,2015-01-01,2026-07-19,0.08448334758823553,190
DJT,86,2015-01-01,2026-07-19,0.16096077054279131,293
TYGO,86,2015-01-01,2026-07-19,0.46827912790697673,97
BZFD,86,2015-01-01,2026-07-19,0.08473411960132891,107
MSTR,85,2015-01-01,2026-07-19,0.15721037530597046,158
FSLY,84,2015-01-01,2026-07-19,0.07106663461538461,119
GRRR,84,2015-01-01,2026-07-19,0.06629934523809525,98
EXPO,83,2015-01-01,2026-07-19,0.14832560240963855,86
UPST,82,2015-01-01,2026-07-19,0.12115609175377468,112
WBD,82,2015-01-01,2026-07-19,0.06229238522238165,108
SNDK,82,2015-01-01,2026-07-19,0.08982934879806746,135
PENG,82,2015-01-01,2026-07-19,0.0354172607879925,91
INDB,81,2015-01-01,2026-07-19,0.13842892883079158,88
ALGN,80,2015-01-01,2026-07-19,0.21786668750000002,87
LEDS,80,2015-01-01,2026-07-19,0.150703875,83
JAZZ,80,2015-01-01,2026-07-19,0.18588618750000002,85
SMCI,80,2015-01-01,2026-07-19,0.13560661296083643,202
WKHS,78,2015-01-01,2026-07-19,0.10523518177716604,168
ENPH,77,2015-01-01,2026-07-19,0.19109938311688313,94
SAIL,77,2015-01-01,2026-07-19,0.09145877005347594,85
GTX,76,2015-01-01,2026-07-19,0.14123211523125997,96
PENN,74,2015-01-01,2026-07-19,0.12202129343629343,83
MAZE,73,2015-01-01,2026-07-19,0.03657876712328768,76
KHC,73,2015-01-01,2026-07-19,0.08022572231421546,92
WATT,73,2015-01-01,2026-07-19,0.09469664383561645,85
CERT,72,2015-01-01,2026-07-19,0.038796527777777784,80
SHOE,70,2015-01-01,2026-07-19,0.24960517647058822,75
PONY,70,2015-01-01,2026-07-19,0.09074614285714286,79
PTON,70,2015-01-01,2026-07-19,0.19138922531939606,120
WDAY,69,2015-01-01,2026-07-19,0.08464998885172799,80
GLUE,68,2015-01-01,2026-07-19,0.07039588235294118,72
FANG,68,2015-01-01,2026-07-19,0.11605742647058824,78
SEIC,68,2015-01-01,2026-07-19,0.32696448529411765,70
GRPN,68,2015-01-01,2026-07-19,0.1170870814479638,79
FLNT,67,2015-01-01,2026-07-19,0.11729910447761194,69
AMAT,67,2015-01-01,2026-07-19,0.11975791810179871,80
INTU,66,2015-01-01,2026-07-19,0.20451893939393936,79
XXII,66,2015-01-01,2026-07-19,0.1237225,82
MARA,66,2015-01-01,2026-07-19,0.027717890442890445,149
DARE,66,2015-01-01,2026-07-19,0.08485125,71
EXE,66,2015-01-01,2026-07-19,0.10699204545454546,70
AUPH,65,2015-01-01,2026-07-19,0.06751869865070827,153
KELYA,65,2015-01-01,2026-07-19,0.11223646153846153,73
HTO,65,2015-01-01,2026-07-19,0.11394957692307692,75
TTD,64,2015-01-01,2026-07-19,0.11818667410714287,78
FROG,63,2015-01-01,2026-07-19,0.03060571428571429,68
ULTA,63,2015-01-01,2026-07-19,0.23528542328042326,90
NAKA,62,2015-01-01,2026-07-19,0.04916546594982079,89
ALOT,62,2015-01-01,2026-07-19,0.34462223908918405,71
LRCX,62,2015-01-01,2026-07-19,0.10151066820276498,74
CRSP,61,2015-01-01,2026-07-19,0.11429385245901641,73
SLS,61,2015-01-01,2026-07-19,0.08849491321118613,74
SPCX,60,2015-01-01,2026-07-19,0.3815344351851852,74
CRBP,60,2015-01-01,2026-07-19,0.08900140927960928,86
RIVN,60,2015-01-01,2026-07-19,0.16701378635147274,140
ADSK,60,2015-01-01,2026-07-19,0.07665235294117648,67
FRMM,59,2015-01-01,2026-07-19,0.1563757627118644,64
HON,58,2015-01-01,2026-07-19,0.14917396551724138,61
ADP,58,2015-01-01,2026-07-19,0.15862810006761327,70
QSI,57,2015-01-01,2026-07-19,0.10218263157894736,58
AFRM,57,2015-01-01,2026-07-19,0.13659232099857488,82
IMCC,57,2015-01-01,2026-07-19,0.19660838056680163,61
NTNX,56,2015-01-01,2026-07-19,0.12205241071428571,77
REG,56,2015-01-01,2026-07-19,0.07732196428571428,80
FRMI,56,2015-01-01,2026-07-19,0.06730576719576721,62
AVX,56,2015-01-01,2026-07-19,0.2069475,59
SNES,55,2015-01-01,2026-07-19,0.2330190303030303,61
JD,54,2015-01-01,2026-07-19,0.10453926027676028,73
GSM,54,2015-01-01,2026-07-19,0.1863638888888889,62
MBLY,54,2015-01-01,2026-07-19,0.063007791005291,75
AMBA,54,2015-01-01,2026-07-19,0.05952515432098766,62
CBRS,53,2015-01-01,2026-07-19,0.05085460599334073,76
CART,53,2015-01-01,2026-07-19,0.08280945615982244,59
MRVL,53,2015-01-01,2026-07-19,0.10995169811320755,67
POET,53,2015-01-01,2026-07-19,0.0625322641509434,59
TXN,52,2015-01-01,2026-07-19,0.10050346153846154,55
ZJYL,52,2015-01-01,2026-07-19,0.06201923076923078,53
FIZZ,51,2015-01-01,2026-07-19,0.05204352941176472,60
HUT,51,2015-01-01,2026-07-19,0.09794297413082881,66
GV,51,2015-01-01,2026-07-19,0.6823651730103807,55
UCAR,51,2015-01-01,2026-07-19,0.14849588235294117,53
PLAB,50,2015-01-01,2026-07-19,0.04858323529411765,54
GEVO,50,2015-01-01,2026-07-19,0.11336257935067554,69
CSIQ,50,2015-01-01,2026-07-19,0.1590152126984127,63
INTZ,50,2015-01-01,2026-07-19,0.08867220000000002,51
WFF,49,2015-01-01,2026-07-19,0.09075704081632655,55
RXT,49,2015-01-01,2026-07-19,0.020690247813411083,57
SBGI,49,2015-01-01,2026-07-19,0.10554278211284512,62
OUST,49,2015-01-01,2026-07-19,0.024980204081632647,57
CBC,48,2015-01-01,2026-07-19,0.03512562500000001,51
RKTO,48,2015-01-01,2026-07-19,0.088054375,53
EXPE,48,2015-01-01,2026-07-19,0.16342364583333335,59
PPC,47,2015-01-01,2026-07-19,0.34643436795995,53
LLY,47,2015-01-01,2026-07-19,0.016551851800681597,63
SEDG,47,2015-01-01,2026-07-19,0.040957895981087476,54
BMBL,47,2015-01-01,2026-07-19,0.1325968085106383,52
WYNN,47,2015-01-01,2026-07-19,0.08073227158948686,54
SATA,46,2015-01-01,2026-07-19,0.2070541304347826,47
MNKD,46,2015-01-01,2026-07-19,0.06852271739130435,59
SNDL,46,2015-01-01,2026-07-19,0.10959584802831693,183
FISI,46,2015-01-01,2026-07-19,0.17966884533143263,56
AKAM,45,2015-01-01,2026-07-19,0.05499266666666667,51
BIIB,45,2015-01-01,2026-07-19,0.23277818418418417,67
TMUS,44,2015-01-01,2026-07-19,0.2325589318181818,55
WIX,44,2015-01-01,2026-07-19,0.11806113636363637,53
CME,44,2015-01-01,2026-07-19,0.046521036083652365,57
DSP,43,2015-01-01,2026-07-19,0.10001162790697674,46
EVO,43,2015-01-01,2026-07-19,0.17802488372093023,51
INO,42,2015-01-01,2026-07-19,0.14081907779851177,75
DLTR,42,2015-01-01,2026-07-19,0.12297500000000003,47
CLOV,42,2015-01-01,2026-07-19,0.21332532589458547,97
SFIX,42,2015-01-01,2026-07-19,0.10749310924369748,68
EA,41,2015-01-01,2026-07-19,0.05257243902439025,52
DCTH,41,2015-01-01,2026-07-19,0.094220690772642,64
JBLU,41,2015-01-01,2026-07-19,0.12398231707317074,48
PLBY,41,2015-01-01,2026-07-19,0.09219000000000001,57
GAIA,41,2015-01-01,2026-07-19,0.1026329268292683,51
MRK,40,2015-01-01,2026-07-19,0.017580125000000002,47
FCEL,40,2015-01-01,2026-07-19,0.25575749999999997,48
CASS,40,2015-01-01,2026-07-19,0.17396175,41
TRIP,40,2015-01-01,2026-07-19,0.13813216666666667,47
ILMN,40,2015-01-01,2026-07-19,0.04002125,49
AAOI,40,2015-01-01,2026-07-19,0.041733132030397614,105
ASTI,39,2015-01-01,2026-07-19,0.11417358974358975,53
GLRE,39,2015-01-01,2026-07-19,0.005820769230769232,41
MELI,39,2015-01-01,2026-07-19,0.07323615384615385,46
CUE,39,2015-01-01,2026-07-19,0.1063623076923077,40
BNTX,39,2015-01-01,2026-07-19,0.06644410256410256,48
FNKO,38,2015-01-01,2026-07-19,0.038434114551083594,51
ICU,38,2015-01-01,2026-07-19,-0.03715973684210526,41
WLDS,37,2015-01-01,2026-07-19,0.1907756756756757,38
VERX,37,2015-01-01,2026-07-19,0.2073557579318449,43
OPEN,37,2015-01-01,2026-07-19,0.10468540540540541,41
BRAG,37,2015-01-01,2026-07-19,0.14976054054054055,39
CROX,37,2015-01-01,2026-07-19,0.07985270270270271,47
PTN,37,2015-01-01,2026-07-19,0.0961194382617912,52
ATOS,36,2015-01-01,2026-07-19,0.17366893518518517,52
SWKS,36,2015-01-01,2026-07-19,0.16526462962962965,41
APLD,36,2015-01-01,2026-07-19,0.1118986111111111,44
RYAAY,36,2015-01-01,2026-07-19,0.04923944444444444,42
DPZ,36,2015-01-01,2026-07-19,0.1026225,41
PAL,36,2015-01-01,2026-07-19,0.1257775,37
RVSN,35,2015-01-01,2026-07-19,0.3004225714285714,37
AIIO,35,2015-01-01,2026-07-19,0.11153057142857142,36
BZUN,35,2015-01-01,2026-07-19,0.08407533333333335,45
NOW,35,2015-01-01,2026-07-19,0.22935106122448978,43
GSAT,35,2015-01-01,2026-07-19,0.1734314975369458,48
MAT,34,2015-01-01,2026-07-19,0.1339880557212743,42
LUCY,34,2015-01-01,2026-07-19,0.12041735294117648,35
FORTY,34,2015-01-01,2026-07-19,0.050335588235294125,34
DRS,34,2015-01-01,2026-07-19,0.18232531141868513,45
VERA,34,2015-01-01,2026-07-19,0.17328529411764707,43
TRI,34,2015-01-01,2026-07-19,0.08308095155709343,42
CNET,34,2015-01-01,2026-07-19,0.008193529411764714,40
WB,33,2015-01-01,2026-07-19,0.07218136363636363,36
IONS,33,2015-01-01,2026-07-19,0.12084636363636365,37
LUNR,33,2015-01-01,2026-07-19,0.09835073232323233,63
GDC,33,2015-01-01,2026-07-19,0.15712878299120234,41
REGN,33,2015-01-01,2026-07-19,0.05364626262626264,37
ARCC,33,2015-01-01,2026-07-19,0.2224336363636364,35
QS,33,2015-01-01,2026-07-19,0.12404054252199415,50
HRTX,33,2015-01-01,2026-07-19,0.0932560606060606,45
DJCO,33,2015-01-01,2026-07-19,0.03396363636363636,39
YYGH,33,2015-01-01,2026-07-19,0.3377134343434343,47
HIMX,32,2015-01-01,2026-07-19,0.11868036057692308,43
ANDE,32,2015-01-01,2026-07-19,0.1143165625,36
JAGX,32,2015-01-01,2026-07-19,0.1631313169642857,43
NXT,32,2015-01-01,2026-07-19,0.1699790625,34
AMRN,32,2015-01-01,2026-07-19,0.17315278846153848,48
CDNS,31,2015-01-01,2026-07-19,0.08406387096774194,33
AMPL,31,2015-01-01,2026-07-19,0.054598548387096775,34
PZZA,31,2015-01-01,2026-07-19,0.16825161290322582,35
HAS,30,2015-01-01,2026-07-19,0.058089999999999996,34
HHS,30,2015-01-01,2026-07-19,-0.04538908823529411,34
ABBV,30,2015-01-01,2026-07-19,0.17309884210526316,37
LINE,30,2015-01-01,2026-07-19,-0.036058999999999994,32
CRSR,30,2015-01-01,2026-07-19,0.2654337243589744,63
ACIW,30,2015-01-01,2026-07-19,0.002722000000000015,30
JNJ,30,2015-01-01,2026-07-19,0.11848999999999998,32
SOUN,30,2015-01-01,2026-07-19,0.26456252830188676,58
MVIS,30,2015-01-01,2026-07-19,0.11473123214285715,57
BRRR,29,2015-01-01,2026-07-19,0.18019011494252873,39
AURA,29,2015-01-01,2026-07-19,0.15959068965517242,32
NNDM,29,2015-01-01,2026-07-19,0.09188258620689656,41
TROW,29,2015-01-01,2026-07-19,0.2501493103448276,31
DORM,29,2015-01-01,2026-07-19,0.04321034482758621,33
APP,28,2015-01-01,2026-07-19,0.13393166666666667,39
TER,28,2015-01-01,2026-07-19,0.059360357142857145,30
SPRY,28,2015-01-01,2026-07-19,0.10529678571428572,29
CRWV,28,2015-01-01,2026-07-19,0.09507714285714286,39
RPAY,28,2015-01-01,2026-07-19,0.036817499999999996,31
SRPT,27,2015-01-01,2026-07-19,0.1440311111111111,32
HOLO,27,2015-01-01,2026-07-19,0.15254967320261437,36
TMUSL,27,2015-01-01,2026-07-19,0.09816000000000001,28
LOGI,27,2015-01-01,2026-07-19,0.12105222222222223,27
MIST,27,2015-01-01,2026-07-19,0.07199777777777777,27
ZBRA,27,2015-01-01,2026-07-19,0.16621888888888886,28
ISRG,26,2015-01-01,2026-07-19,0.14759653846153847,28
TNDM,26,2015-01-01,2026-07-19,0.28181102564102567,29
BLNK,26,2015-01-01,2026-07-19,0.029536538461538468,32
RUN,26,2015-01-01,2026-07-19,0.10994461538461538,31
TUSK,26,2015-01-01,2026-07-19,0.08723480769230771,29
OCGN,26,2015-01-01,2026-07-19,0.3023117307692308,51
SABR,25,2015-01-01,2026-07-19,0.149856,31
WTW,25,2015-01-01,2026-07-19,0.027345599999999998,30
NBIS,25,2015-01-01,2026-07-19,0.19505822352941177,38
TRS,25,2015-01-01,2026-07-19,0.0841434,26
FTNT,25,2015-01-01,2026-07-19,0.1841264,27
CZR,25,2015-01-01,2026-07-19,0.38042837647058825,28
FWRD,25,2015-01-01,2026-07-19,0.2002224,25
KTOS,25,2015-01-01,2026-07-19,0.1021692,28
VRM,25,2015-01-01,2026-07-19,0.036910329411764704,42
NTAP,25,2015-01-01,2026-07-19,0.16848222857142858,33
SWBI,25,2015-01-01,2026-07-19,0.19785572598039217,47
ASO,25,2015-01-01,2026-07-19,0.1904486,40
AMGN,25,2015-01-01,2026-07-19,0.17288399999999998,26
TCMD,25,2015-01-01,2026-07-19,0.1155324,26
OWLS,25,2015-01-01,2026-07-19,-0.03162239999999999,25
CLSK,25,2015-01-01,2026-07-19,0.222562,36
ARKR,25,2015-01-01,2026-07-19,0.05740680000000001,25
BFC,24,2015-01-01,2026-07-19,0.119715,25
NXPI,24,2015-01-01,2026-07-19,0.05063437499999999,27
IVF,24,2015-01-01,2026-07-19,0.094925,25
OGI,24,2015-01-01,2026-07-19,0.22034,28
APM,24,2015-01-01,2026-07-19,0.11261125000000001,24
BTBT,24,2015-01-01,2026-07-19,0.05543666666666667,33
UZX,24,2015-01-01,2026-07-19,0.14559375,28
MOBX,24,2015-01-01,2026-07-19,0.13325250000000002,24
CPRX,24,2015-01-01,2026-07-19,0.19018000000000002,32
ATER,24,2015-01-01,2026-07-19,0.23932654605263157,35
TEM,24,2015-01-01,2026-07-19,0.02281125000000001,30
NDLS,23,2015-01-01,2026-07-19,0.1311821739130435,24
VALU,23,2015-01-01,2026-07-19,0.5919913043478261,23
IEP,23,2015-01-01,2026-07-19,0.08322717391304348,26
AIP,23,2015-01-01,2026-07-19,0.13942891304347826,27
ANIP,23,2015-01-01,2026-07-19,0.17568652173913044,23
CPOP,23,2015-01-01,2026-07-19,0.004831304347826091,23
ILLR,23,2015-01-01,2026-07-19,0.14243347826086958,24
ETON,22,2015-01-01,2026-07-19,0.3271,24
TENX,22,2015-01-01,2026-07-19,-0.05010016042780749,30
TGTX,22,2015-01-01,2026-07-19,0.16119227272727274,25
JLHL,22,2015-01-01,2026-07-19,0.11028954545454545,23
FTHM,22,2015-01-01,2026-07-19,0.00263454545454546,22
TNXP,22,2015-01-01,2026-07-19,0.07860818181818181,25
ALLO,22,2015-01-01,2026-07-19,0.22294965909090908,45
MRAM,22,2015-01-01,2026-07-19,0.08537045454545455,22
MNST,22,2015-01-01,2026-07-19,0.28927318181818185,28
LI,22,2015-01-01,2026-07-19,0.12465068181818183,29
BSY,22,2015-01-01,2026-07-19,0.14187545454545455,26
VRTX,21,2015-01-01,2026-07-19,0.14343396825396826,23
BNGO,21,2015-01-01,2026-07-19,0.09946850158592722,86
SILO,21,2015-01-01,2026-07-19,0.17766285714285715,24
HTHT,21,2015-01-01,2026-07-19,0.12433714285714285,22
IQ,21,2015-01-01,2026-07-19,0.14838380952380953,25
GFS,21,2015-01-01,2026-07-19,0.16304857142857143,26
VKTX,21,2015-01-01,2026-07-19,0.06796642857142858,23
ESTA,21,2015-01-01,2026-07-19,0.13435285714285716,23
VUZI,21,2015-01-01,2026-07-19,0.2032242857142857,23
NWL,21,2015-01-01,2026-07-19,0.014965000000000001,26
IBIO,21,2015-01-01,2026-07-19,0.2471840088593577,62
DOX,21,2015-01-01,2026-07-19,-0.002129999999999997,21
CPB,21,2015-01-01,2026-07-19,-0.015222285714285707,26
GOGO,21,2015-01-01,2026-07-19,0.10339000000000001,23
BILI,20,2015-01-01,2026-07-19,0.149538,23
EH,20,2015-01-01,2026-07-19,0.029513571428571438,24
SSTI,20,2015-01-01,2026-07-19,0.1040535,25
PRCH,20,2015-01-01,2026-07-19,0.111681,22
TBBK,20,2015-01-01,2026-07-19,0.03712800000000001,22
GHRS,20,2015-01-01,2026-07-19,0.1655175,22
PDD,20,2015-01-01,2026-07-19,0.09132900000000002,27
LIN,20,2015-01-01,2026-07-19,0.037713,20
NTES,20,2015-01-01,2026-07-19,0.19629000000000002,21
MWH,20,2015-01-01,2026-07-19,0.183381,20
CLNE,20,2015-01-01,2026-07-19,0.37150233333333327,25
CNXN,20,2015-01-01,2026-07-19,0.0787305,21
DXCM,19,2015-01-01,2026-07-19,0.08494526315789475,24
ADI,19,2015-01-01,2026-07-19,0.24937263157894737,21
PAA,19,2015-01-01,2026-07-19,0.20773461988304096,46
STNE,19,2015-01-01,2026-07-19,0.16685289473684212,22
SENS,19,2015-01-01,2026-07-19,0.06786532894736841,36
API,19,2015-01-01,2026-07-19,0.10169684210526317,19
SBAC,19,2015-01-01,2026-07-19,0.2185042105263158,20
LIFE,19,2015-01-01,2026-07-19,-0.011080000000000001,21
CETX,19,2015-01-01,2026-07-19,0.056535789473684206,22
NEGG,19,2015-01-01,2026-07-19,0.15963190476190478,33
CRMD,19,2015-01-01,2026-07-19,0.11663319838056681,23
PRPL,19,2015-01-01,2026-07-19,0.2611882105263158,31
STRT,19,2015-01-01,2026-07-19,0.4331763157894737,19
SYNA,19,2015-01-01,2026-07-19,0.07811368421052631,20
OST,19,2015-01-01,2026-07-19,0.15268894736842106,20
CYPH,19,2015-01-01,2026-07-19,0.08017105263157895,19
APA,18,2015-01-01,2026-07-19,0.12605333333333335,23
XAIR,18,2015-01-01,2026-07-19,0.13208,19
SLAB,18,2015-01-01,2026-07-19,0.14424333333333336,18
RIGL,18,2015-01-01,2026-07-19,0.06046000000000001,20
OCC,18,2015-01-01,2026-07-19,0.19447522727272729,21
RGTI,18,2015-01-01,2026-07-19,0.08686941721132897,23
EQIX,18,2015-01-01,2026-07-19,0.09031,21
CHYM,18,2015-01-01,2026-07-19,-0.025074166666666658,21
EXEL,18,2015-01-01,2026-07-19,0.186025,21
SNPS,18,2015-01-01,2026-07-19,0.10905595238095239,23
FWONA,18,2015-01-01,2026-07-19,0.7909583333333333,18
XOMA,18,2015-01-01,2026-07-19,0.058612500000000005,20
GTM,18,2015-01-01,2026-07-19,0.11155000000000001,18
AYA,17,2015-01-01,2026-07-19,0.2859582352941177,19
IBIT,17,2015-01-01,2026-07-19,0.1580905882352941,20
PCT,17,2015-01-01,2026-07-19,0.25155529411764704,17
DYN,17,2015-01-01,2026-07-19,0.024515647058823524,33
ACAD,17,2015-01-01,2026-07-19,0.023216606334841627,20
SNY,17,2015-01-01,2026-07-19,0.23221941176470587,18
MDLZ,17,2015-01-01,2026-07-19,0.07802823529411765,21
GDRX,17,2015-01-01,2026-07-19,0.17849294117647058,19
QMCO,17,2015-01-01,2026-07-19,0.04129411764705882,18
DFNS,17,2015-01-01,2026-07-19,0.13849058823529412,18
AVAV,17,2015-01-01,2026-07-19,-0.024172755417956653,22
PSNY,17,2015-01-01,2026-07-19,0.1770264705882353,22
IREN,17,2015-01-01,2026-07-19,0.18155264705882354,23
USAR,17,2015-01-01,2026-07-19,0.03703764705882353,20
RCON,17,2015-01-01,2026-07-19,-0.011475882352941174,17
DNUT,17,2015-01-01,2026-07-19,0.12945388235294117,26
PHUN,16,2015-01-01,2026-07-19,0.09687263621794873,25
SYM,16,2015-01-01,2026-07-19,0.22549759615384615,19
ICLR,16,2015-01-01,2026-07-19,0.0262115625,19
VSTM,16,2015-01-01,2026-07-19,0.10416770833333334,19
AMCI,16,2015-01-01,2026-07-19,0.38985,16
WULF,16,2015-01-01,2026-07-19,-0.0063750000000000005,20
ALEC,16,2015-01-01,2026-07-19,0.04108500000000001,17
NTLA,16,2015-01-01,2026-07-19,0.03909,20
ACT,16,2015-01-01,2026-07-19,-0.023146874999999997,17
MVST,16,2015-01-01,2026-07-19,0.3684525,26
URBN,16,2015-01-01,2026-07-19,0.10081875,19
LITS,16,2015-01-01,2026-07-19,0.331123125,17
ROST,16,2015-01-01,2026-07-19,0.08246250000000001,17
DSGX,16,2015-01-01,2026-07-19,0.031415625,16
KSCP,16,2015-01-01,2026-07-19,0.26306718749999997,19
PSKY,15,2015-01-01,2026-07-19,0.022400117647058827,20
EOSE,15,2015-01-01,2026-07-19,0.34314,24
BKR,15,2015-01-01,2026-07-19,0.15268600000000002,15
PTC,15,2015-01-01,2026-07-19,0.2417,15
GCT,15,2015-01-01,2026-07-19,0.09587747368421053,27
HWKN,15,2015-01-01,2026-07-19,0.16559,16
PERI,15,2015-01-01,2026-07-19,-0.044304,16
RGEN,15,2015-01-01,2026-07-19,0.208035,21
IOVA,15,2015-01-01,2026-07-19,0.022818000000000005,17
SERV,15,2015-01-01,2026-07-19,0.02449200000000001,16
VERI,15,2015-01-01,2026-07-19,0.065244,19
UXIN,15,2015-01-01,2026-07-19,-0.027931555555555557,30
SCYX,15,2015-01-01,2026-07-19,0.183622,18
HELP,15,2015-01-01,2026-07-19,0.33999,19
COCO,15,2015-01-01,2026-07-19,0.19345800000000002,18
AVO,15,2015-01-01,2026-07-19,0.22537000000000001,15
MNTS,15,2015-01-01,2026-07-19,0.10324800000000002,23
MPAA,15,2015-01-01,2026-07-19,0.044924,16
OCUL,15,2015-01-01,2026-07-19,-0.03945007807807808,27
RILY,15,2015-01-01,2026-07-19,0.17248184615384612,32
ARWR,14,2015-01-01,2026-07-19,-0.014122857142857131,17
SDGR,14,2015-01-01,2026-07-19,0.1157625,15
ARDX,14,2015-01-01,2026-07-19,0.09876428571428572,21
SHEN,14,2015-01-01,2026-07-19,0.08886428571428572,14
RJET,14,2015-01-01,2026-07-19,0.15388928571428573,15
PBYI,14,2015-01-01,2026-07-19,0.04922500000000001,18
SSYS,14,2015-01-01,2026-07-19,0.026095714285714295,15
FRSH,14,2015-01-01,2026-07-19,0.2050607142857143,15
VNCE,14,2015-01-01,2026-07-19,0.005337857142857156,15
ISPC,14,2015-01-01,2026-07-19,0.11304642857142858,14
CSX,14,2015-01-01,2026-07-19,0.07745093406593408,20
VFS,14,2015-01-01,2026-07-19,0.15374996173469388,22
KDP,14,2015-01-01,2026-07-19,0.10181785714285715,14
LIF,14,2015-01-01,2026-07-19,0.2645292857142857,14
LOCO,14,2015-01-01,2026-07-19,0.15872886554621848,17
LXRX,14,2015-01-01,2026-07-19,0.14716178571428573,17
CHTR,14,2015-01-01,2026-07-19,0.042915,18
TSEM,14,2015-01-01,2026-07-19,0.10120392857142858,15
MCRB,14,2015-01-01,2026-07-19,0.07165500000000001,16
CHAI,14,2015-01-01,2026-07-19,-0.002588571428571426,15
NVTS,14,2015-01-01,2026-07-19,0.07154357142857144,18
WOK,14,2015-01-01,2026-07-19,0.12389357142857145,14
OMER,14,2015-01-01,2026-07-19,0.1629495238095238,16
OTEX,14,2015-01-01,2026-07-19,0.06695357142857143,14
WOOF,14,2015-01-01,2026-07-19,0.15906535714285713,17
APC,14,2015-01-01,2026-07-19,0.18164571428571427,14
FUNC,14,2015-01-01,2026-07-19,0.01984071428571429,15
TSCO,13,2015-01-01,2026-07-19,0.16585384615384616,16
RIME,13,2015-01-01,2026-07-19,0.23129769230769232,13
LPSN,13,2015-01-01,2026-07-19,0.26288538461538463,14
TBCH,13,2015-01-01,2026-07-19,0.04240615384615384,14
VOR,13,2015-01-01,2026-07-19,0.12863076923076924,15
MTLS,13,2015-01-01,2026-07-19,0.17346461538461536,13
KNDI,13,2015-01-01,2026-07-19,0.09219898785425104,16
DLTH,13,2015-01-01,2026-07-19,0.13641,15
BLDP,13,2015-01-01,2026-07-19,0.04411384615384616,14
ANTX,13,2015-01-01,2026-07-19,0.24469615384615387,15
CBFV,13,2015-01-01,2026-07-19,0.3835153846153846,13
EXC,13,2015-01-01,2026-07-19,0.11275615384615384,15
CAPR,13,2015-01-01,2026-07-19,0.13076538461538462,16
RXRX,12,2015-01-01,2026-07-19,0.0788225,14
ANGI,12,2015-01-01,2026-07-19,0.2211625,12
SBFM,12,2015-01-01,2026-07-19,0.6900624999999999,12
CISO,12,2015-01-01,2026-07-19,0.18618750000000003,16
CHA,12,2015-01-01,2026-07-19,-0.0021575000000000066,12
IDN,12,2015-01-01,2026-07-19,0.12471999999999998,14
SMX,12,2015-01-01,2026-07-19,-0.001051277777777776,25
YORW,12,2015-01-01,2026-07-19,0.13075,12
CRML,12,2015-01-01,2026-07-19,-0.09898,16
CAAS,12,2015-01-01,2026-07-19,0.11280250000000001,12
FISV,12,2015-01-01,2026-07-19,0.3283125,13
NRC,12,2015-01-01,2026-07-19,0.41262249999999995,13
SMMT,12,2015-01-01,2026-07-19,0.2071402941176471,15
WMG,12,2015-01-01,2026-07-19,0.14118916666666667,20
PLCE,12,2015-01-01,2026-07-19,0.07189,12
AEC,12,2015-01-01,2026-07-19,0.181705,12
BMY,12,2015-01-01,2026-07-19,0.0057117307692307814,18
LPCN,12,2015-01-01,2026-07-19,0.13199625,14
EXFY,12,2015-01-01,2026-07-19,-0.04818999999999999,12
PTCT,12,2015-01-01,2026-07-19,0.14246250000000002,13
ROP,12,2015-01-01,2026-07-19,0.172315,12
SNGX,12,2015-01-01,2026-07-19,0.08518750000000001,13
CLDX,12,2015-01-01,2026-07-19,0.05505000000000001,13
TPG,12,2015-01-01,2026-07-19,0.13890999999999998,13
SFM,12,2015-01-01,2026-07-19,0.1177975,13
NKTR,11,2015-01-01,2026-07-19,0.0,16
ENVX,11,2015-01-01,2026-07-19,0.03153969696969697,14
FOXA,11,2015-01-01,2026-07-19,0.07662272727272727,12
USCB,11,2015-01-01,2026-07-19,0.4203327272727273,13
ERAS,11,2015-01-01,2026-07-19,0.36739636363636363,11
GYRO,11,2015-01-01,2026-07-19,0.024218181818181816,11
ACLS,11,2015-01-01,2026-07-19,0.08057727272727272,13
KMB,11,2015-01-01,2026-07-19,0.06195272727272728,11
KOSS,11,2015-01-01,2026-07-19,0.041962337662337666,38
ICHR,11,2015-01-01,2026-07-19,0.02087727272727273,11
IMA,11,2015-01-01,2026-07-19,0.21855818181818182,13
XERS,11,2015-01-01,2026-07-19,0.0038481818181818265,12
SLM,11,2015-01-01,2026-07-19,0.14807318181818183,12
MNDY,11,2015-01-01,2026-07-19,0.31275,12
MBRX,11,2015-01-01,2026-07-19,0.11625116883116884,14
SPT,11,2015-01-01,2026-07-19,0.09549545454545455,11
STRL,11,2015-01-01,2026-07-19,0.34043181818181817,14
GH,11,2015-01-01,2026-07-19,-0.02063999999999999,11
LPRO,11,2015-01-01,2026-07-19,0.17297727272727273,11
WPM,11,2015-01-01,2026-07-19,0.2705481818181818,12
SBET,11,2015-01-01,2026-07-19,0.34107954545454544,17
DOMO,11,2015-01-01,2026-07-19,-0.02648454545454545,13
TIGR,11,2015-01-01,2026-07-19,0.12251181818181817,14
PULM,11,2015-01-01,2026-07-19,0.1242109090909091,15
CTRM,11,2015-01-01,2026-07-19,0.16050989991211795,42
ZS,11,2015-01-01,2026-07-19,0.07262121212121211,16
BON,11,2015-01-01,2026-07-19,-0.04791818181818182,12
PHAT,11,2015-01-01,2026-07-19,0.22655727272727272,13
DOYU,11,2015-01-01,2026-07-19,0.23456020979020978,16
DOO,11,2015-01-01,2026-07-19,0.12080454545454546,11
RPD,11,2015-01-01,2026-07-19,0.08672727272727272,13
AMKR,11,2015-01-01,2026-07-19,0.11439272727272728,13
RGC,11,2015-01-01,2026-07-19,0.1826681818181818,18
TLIH,11,2015-01-01,2026-07-19,0.020866363636363638,12
XRAY,11,2015-01-01,2026-07-19,0.03725454545454546,12
INMD,11,2015-01-01,2026-07-19,-0.020514545454545452,13
CRUS,11,2015-01-01,2026-07-19,0.10999090909090908,11
OTLK,11,2015-01-01,2026-07-19,0.21102272727272728,12
QLYS,10,2015-01-01,2026-07-19,0.33158699999999997,12
HYMC,10,2015-01-01,2026-07-19,0.08361,15
TARA,10,2015-01-01,2026-07-19,0.06441600000000003,10
MENS,10,2015-01-01,2026-07-19,0.50335125,13
INSG,10,2015-01-01,2026-07-19,0.267746,12
ABAT,10,2015-01-01,2026-07-19,0.046979999999999994,10
CLIR,10,2015-01-01,2026-07-19,0.32802942307692307,14
MCHP,10,2015-01-01,2026-07-19,0.20555250000000003,11
IZEA,10,2015-01-01,2026-07-19,0.16096083333333333,15
OLLI,10,2015-01-01,2026-07-19,0.08483366666666667,11
NNOX,10,2015-01-01,2026-07-19,0.1361445,14
VSME,10,2015-01-01,2026-07-19,0.34467,12
LTBR,10,2015-01-01,2026-07-19,0.22918499999999997,12
SANG,10,2015-01-01,2026-07-19,-0.027575999999999996,10
FAMI,10,2015-01-01,2026-07-19,0.2836066666666667,14
CYN,10,2015-01-01,2026-07-19,0.249471,12
AQMS,10,2015-01-01,2026-07-19,0.09849,11
NWPX,10,2015-01-01,2026-07-19,0.25322100000000003,11
CODX,10,2015-01-01,2026-07-19,0.151155,12
AEMD,10,2015-01-01,2026-07-19,0.07541400000000001,11
CNEY,10,2015-01-01,2026-07-19,0.506865,11
MGNI,10,2015-01-01,2026-07-19,0.26013016666666666,16
HAIN,10,2015-01-01,2026-07-19,0.276162,13
CAC,10,2015-01-01,2026-07-19,0.18855,10
CG,10,2015-01-01,2026-07-19,0.0573,10
ATLCZ,10,2015-01-01,2026-07-19,0.1659820588235294,11
ABCL,10,2015-01-01,2026-07-19,0.210582,12
CAI,10,2015-01-01,2026-07-19,0.092031,10
CEG,10,2015-01-01,2026-07-19,0.11303099999999999,11
EVGO,10,2015-01-01,2026-07-19,0.30442,15
FUTU,10,2015-01-01,2026-07-19,0.14496884313725494,18
PEGA,10,2015-01-01,2026-07-19,0.19516499999999998,25
WRD,10,2015-01-01,2026-07-19,0.22811333333333333,20
SKYT,10,2015-01-01,2026-07-19,0.341025,12
ORIC,10,2015-01-01,2026-07-19,0.342438,10
ATLO,10,2015-01-01,2026-07-19,0.20302499999999996,11
PACB,10,2015-01-01,2026-07-19,0.058440000000000006,11
CTXR,9,2015-01-01,2026-07-19,-0.01999333333333334,14
LGND,9,2015-01-01,2026-07-19,0.017984444444444456,15
GNLN,9,2015-01-01,2026-07-19,0.06604333333333333,9
CTAS,9,2015-01-01,2026-07-19,0.21872666666666665,9
TRUP,9,2015-01-01,2026-07-19,0.3266,16
KITT,9,2015-01-01,2026-07-19,0.22896666666666665,9
CRE,9,2015-01-01,2026-07-19,-0.03424,10
SUPX,9,2015-01-01,2026-07-19,0.6508666666666667,9
TREE,9,2015-01-01,2026-07-19,0.021453333333333335,9
GNPX,9,2015-01-01,2026-07-19,0.08469,10
AMCX,9,2015-01-01,2026-07-19,0.20870185185185186,14
LILA,9,2015-01-01,2026-07-19,0.16368333333333332,9
VSAT,9,2015-01-01,2026-07-19,0.019089999999999996,9
FTFT,9,2015-01-01,2026-07-19,0.14731045454545455,14
GILT,9,2015-01-01,2026-07-19,-0.15000333333333335,13
GGR,9,2015-01-01,2026-07-19,0.0,9
PUBM,9,2015-01-01,2026-07-19,0.08561333333333333,9
DRIO,9,2015-01-01,2026-07-19,0.08758333333333332,9
ZUMZ,9,2015-01-01,2026-07-19,0.033716666666666666,11
ZSTK,9,2015-01-01,2026-07-19,0.026406666666666672,11
ZION,9,2015-01-01,2026-07-19,0.049333333333333326,9
QNTM,9,2015-01-01,2026-07-19,0.09403333333333334,9
PNTG,9,2015-01-01,2026-07-19,0.06015,10
BRZE,9,2015-01-01,2026-07-19,0.22871666666666662,9
RCAT,9,2015-01-01,2026-07-19,0.23426666666666668,9
BEEM,9,2015-01-01,2026-07-19,0.1518788888888889,12
VELO,9,2015-01-01,2026-07-19,0.06260000000000002,10
RMBS,9,2015-01-01,2026-07-19,0.08200000000000002,9
ORBS,9,2015-01-01,2026-07-19,-0.1272833333333333,9
USOI,9,2015-01-01,2026-07-19,0.10855,10
NTRP,9,2015-01-01,2026-07-19,-0.021980476190476193,13
SCSC,9,2015-01-01,2026-07-19,0.06698333333333334,9
NFE,9,2015-01-01,2026-07-19,0.301155,18
IBRX,9,2015-01-01,2026-07-19,0.09322333333333334,11
GRWG,9,2015-01-01,2026-07-19,0.26917592592592593,11
MYSZ,9,2015-01-01,2026-07-19,0.06702999999999999,9
VIR,9,2015-01-01,2026-07-19,0.23080333333333336,10
UCTT,9,2015-01-01,2026-07-19,0.2655266666666667,9
VRA,9,2015-01-01,2026-07-19,0.11069,10
ARBK,9,2015-01-01,2026-07-19,0.04436166666666665,11
WFRD,9,2015-01-01,2026-07-19,0.07323777777777778,11
IPGP,9,2015-01-01,2026-07-19,-0.047086666666666666,11
AHG,8,2015-01-01,2026-07-19,0.34712624999999997,8
IMPP,8,2015-01-01,2026-07-19,-0.0495375,11
TXRH,8,2015-01-01,2026-07-19,0.129525,11
ONCY,8,2015-01-01,2026-07-19,0.16041,8
AMRX,8,2015-01-01,2026-07-19,0.08996625,8
KGC,8,2015-01-01,2026-07-19,-0.044722500000000005,10
BLFS,8,2015-01-01,2026-07-19,0.28528125000000004,8
PGY,8,2015-01-01,2026-07-19,0.07505624999999999,11
RCEL,8,2015-01-01,2026-07-19,0.17204999999999998,8
BTCS,8,2015-01-01,2026-07-19,0.50248125,8
RGS,8,2015-01-01,2026-07-19,0.2070375,12
OTLY,8,2015-01-01,2026-07-19,0.18834375,11
ORLY,8,2015-01-01,2026-07-19,0.32476875,9
BAER,8,2015-01-01,2026-07-19,0.06813750000000002,9
RVMD,8,2015-01-01,2026-07-19,-0.08250749999999998,8
AVIR,8,2015-01-01,2026-07-19,0.32308125000000004,9
NRXP,8,2015-01-01,2026-07-19,-0.009393750000000006,8
NRDS,8,2015-01-01,2026-07-19,0.3385125,9
SEZL,8,2015-01-01,2026-07-19,-0.004132499999999997,9
SGML,8,2015-01-01,2026-07-19,-0.03236625,9
MSS,8,2015-01-01,2026-07-19,0.059936249999999996,8
CHRS,8,2015-01-01,2026-07-19,0.09109499999999998,9
MFI,8,2015-01-01,2026-07-19,0.310903125,9
MBUU,8,2015-01-01,2026-07-19,0.43693125,8
ARLP,8,2015-01-01,2026-07-19,0.09681803571428572,9
CLRB,8,2015-01-01,2026-07-19,0.110475,10
CNSP,8,2015-01-01,2026-07-19,0.292575,8
COLM,8,2015-01-01,2026-07-19,-0.025500000000000002,9
APPN,8,2015-01-01,2026-07-19,0.03193875,8
AGEN,8,2015-01-01,2026-07-19,0.1935375,11
BLRX,8,2015-01-01,2026-07-19,0.3532125,8
GWAV,8,2015-01-01,2026-07-19,0.07535625,8
ABUS,8,2015-01-01,2026-07-19,0.01816875000000001,10
FIVN,8,2015-01-01,2026-07-19,0.14998124999999998,8
ADPT,8,2015-01-01,2026-07-19,0.09442125,9
VTRS,8,2015-01-01,2026-07-19,0.0,9
GREE,8,2015-01-01,2026-07-19,-0.02681625,8
ELE,8,2015-01-01,2026-07-19,0.24524625,9
DVLT,8,2015-01-01,2026-07-19,0.0599625,10
MRVI,7,2015-01-01,2026-07-19,0.2974285714285715,8
INOD,7,2015-01-01,2026-07-19,0.26867142857142856,8
UPBD,7,2015-01-01,2026-07-19,0.0,7
IDAI,7,2015-01-01,2026-07-19,-0.09545142857142856,7
CREG,7,2015-01-01,2026-07-19,0.3915814285714285,7
CELZ,7,2015-01-01,2026-07-19,0.4573028571428572,7
MRBK,7,2015-01-01,2026-07-19,0.0,7
PFG,7,2015-01-01,2026-07-19,0.07643142857142858,7
SUIS,7,2015-01-01,2026-07-19,-0.045419999999999995,7
RPRX,7,2015-01-01,2026-07-19,0.2435142857142857,7
FSV,7,2015-01-01,2026-07-19,0.19496142857142856,7
NVCR,7,2015-01-01,2026-07-19,0.08340857142857143,7
WWD,7,2015-01-01,2026-07-19,-0.12029999999999998,7
SLNG,7,2015-01-01,2026-07-19,0.09135000000000001,7
TARS,7,2015-01-01,2026-07-19,-0.05356285714285714,7
FSBW,7,2015-01-01,2026-07-19,-0.023417142857142855,7
KURA,7,2015-01-01,2026-07-19,0.17212285714285716,8
ERIE,7,2015-01-01,2026-07-19,-0.03932571428571428,8
CENX,7,2015-01-01,2026-07-19,0.09437142857142858,7
ALAR,7,2015-01-01,2026-07-19,0.11021571428571428,7
INBS,7,2015-01-01,2026-07-19,0.14525142857142856,9
SAIC,7,2015-01-01,2026-07-19,0.07606714285714286,7
TENB,7,2015-01-01,2026-07-19,0.07285714285714286,11
RDHL,7,2015-01-01,2026-07-19,0.4072757142857143,8
AKBA,7,2015-01-01,2026-07-19,0.16035285714285716,9
NXXT,7,2015-01-01,2026-07-19,0.13290857142857143,12
CRIS,7,2015-01-01,2026-07-19,0.0,9
KALA,7,2015-01-01,2026-07-19,0.0,12
KPLT,7,2015-01-01,2026-07-19,0.35840571428571427,7
KPTI,7,2015-01-01,2026-07-19,0.11944285714285716,7
RUBI,7,2015-01-01,2026-07-19,0.3638571428571428,9
IHRT,7,2015-01-01,2026-07-19,0.4241142857142857,7
BL,7,2015-01-01,2026-07-19,0.20805,7
SLP,7,2015-01-01,2026-07-19,0.09805714285714286,7
GLXY,7,2015-01-01,2026-07-19,0.24437142857142855,9
CPRT,7,2015-01-01,2026-07-19,0.05357142857142857,7
MGEE,7,2015-01-01,2026-07-19,0.5826,7
TRVG,7,2015-01-01,2026-07-19,0.0,10
VEON,7,2015-01-01,2026-07-19,0.2740007142857143,10
HOWL,7,2015-01-01,2026-07-19,-0.017297142857142837,7
BATRA,7,2015-01-01,2026-07-19,0.4895142857142858,8
EOLS,7,2015-01-01,2026-07-19,0.17017714285714286,12
HCKT,7,2015-01-01,2026-07-19,0.07299857142857143,7
CMPS,7,2015-01-01,2026-07-19,0.21316785714285716,9
BWEN,7,2015-01-01,2026-07-19,0.08867142857142858,7
FCAP,7,2015-01-01,2026-07-19,0.15554142857142858,7
ESPR,7,2015-01-01,2026-07-19,0.25594285714285714,7
DPRO,7,2015-01-01,2026-07-19,0.11620714285714286,8
ACXP,7,2015-01-01,2026-07-19,0.3490714285714286,7
HCM,7,2015-01-01,2026-07-19,0.12255,8
REKR,7,2015-01-01,2026-07-19,0.06818571428571428,7
CLRO,7,2015-01-01,2026-07-19,0.3549428571428571,8
CTSH,7,2015-01-01,2026-07-19,0.2478857142857143,7
CDXS,7,2015-01-01,2026-07-19,0.21057857142857145,8
KG,7,2015-01-01,2026-07-19,0.08612142857142857,7
MGRX,7,2015-01-01,2026-07-19,0.29517000000000004,8
APVO,7,2015-01-01,2026-07-19,0.13122857142857144,7
CASY,7,2015-01-01,2026-07-19,0.18880714285714287,7
STKE,7,2015-01-01,2026-07-19,0.19388142857142857,7
ADMA,7,2015-01-01,2026-07-19,0.4099071428571429,7
STI,7,2015-01-01,2026-07-19,0.04849285714285715,7
MLGO,7,2015-01-01,2026-07-19,0.26348571428571427,7
QFIN,7,2015-01-01,2026-07-19,0.0995542857142857,13
HAO,7,2015-01-01,2026-07-19,0.10214999999999999,7
JAKK,7,2015-01-01,2026-07-19,0.07487571428571428,7
CDLX,7,2015-01-01,2026-07-19,0.2040714285714286,9
CENN,6,2015-01-01,2026-07-19,-0.024702499999999992,7
AMSC,6,2015-01-01,2026-07-19,0.00892962962962963,7
NIU,6,2015-01-01,2026-07-19,0.16942500000000002,7
AEHR,6,2015-01-01,2026-07-19,0.0,7
QNT,6,2015-01-01,2026-07-19,-0.01027,8
NEWT,6,2015-01-01,2026-07-19,0.28942999999999997,7
EFOI,6,2015-01-01,2026-07-19,0.11159999999999999,8
TRMB,6,2015-01-01,2026-07-19,0.33888,6
TPST,6,2015-01-01,2026-07-19,0.11194,9
TLX,6,2015-01-01,2026-07-19,0.29506666666666664,8
NERV,6,2015-01-01,2026-07-19,-0.05526,6
GOVX,6,2015-01-01,2026-07-19,0.26045576923076924,9
PMCB,6,2015-01-01,2026-07-19,0.176875,6
SIMO,6,2015-01-01,2026-07-19,-0.06766,8
KINS,6,2015-01-01,2026-07-19,0.09517500000000001,6
ATEC,6,2015-01-01,2026-07-19,0.382875,9
ARQQ,6,2015-01-01,2026-07-19,0.11438888888888891,10
MBOT,6,2015-01-01,2026-07-19,0.14734166666666668,6
GEOS,6,2015-01-01,2026-07-19,0.12655000000000002,7
GEHC,6,2015-01-01,2026-07-19,0.0,6
GDS,6,2015-01-01,2026-07-19,-0.022629999999999997,6
HDL,6,2015-01-01,2026-07-19,0.156225,6
EHTH,6,2015-01-01,2026-07-19,0.321675,9
ABTC,6,2015-01-01,2026-07-19,0.09855333333333333,10
ADIL,6,2015-01-01,2026-07-19,0.026516666666666664,8
LOVE,6,2015-01-01,2026-07-19,0.36255,7
LOPE,6,2015-01-01,2026-07-19,0.205,6
SSM,6,2015-01-01,2026-07-19,0.14055,7
MKSI,6,2015-01-01,2026-07-19,0.0,6
AQB,6,2015-01-01,2026-07-19,0.36235,7
STIM,6,2015-01-01,2026-07-19,0.011150000000000012,7
CORZ,6,2015-01-01,2026-07-19,-0.03527,6
COSM,6,2015-01-01,2026-07-19,0.15659307692307692,13
STOK,6,2015-01-01,2026-07-19,0.032465,7
ASST,6,2015-01-01,2026-07-19,0.25368499999999994,7
ABEO,6,2015-01-01,2026-07-19,0.0043,7
MQ,6,2015-01-01,2026-07-19,0.06559,6
LAUR,6,2015-01-01,2026-07-19,0.432425,9
MSBI,6,2015-01-01,2026-07-19,0.2553,6
XBIT,6,2015-01-01,2026-07-19,0.06028500000000001,6
QRVO,6,2015-01-01,2026-07-19,0.07851000000000001,6
TCX,6,2015-01-01,2026-07-19,0.0,6
KOD,6,2015-01-01,2026-07-19,0.03415,9
BTOG,6,2015-01-01,2026-07-19,0.17358500000000002,6
AMTX,6,2015-01-01,2026-07-19,0.1140375,10
IRDM,6,2015-01-01,2026-07-19,0.273525,8
CRCT,6,2015-01-01,2026-07-19,0.063825,8
GURE,6,2015-01-01,2026-07-19,0.2774208781362007,9
CYCU,6,2015-01-01,2026-07-19,-0.04214999999999999,6
HQY,6,2015-01-01,2026-07-19,0.16374999999999998,6
VNDA,6,2015-01-01,2026-07-19,0.20585,7
PRTS,6,2015-01-01,2026-07-19,0.28400000000000003,9
SCHL,6,2015-01-01,2026-07-19,0.12457499999999999,6
XE,6,2015-01-01,2026-07-19,0.6238816666666667,6
AUUD,6,2015-01-01,2026-07-19,0.095705,6
PRPO,6,2015-01-01,2026-07-19,0.2720375,7
PRGS,6,2015-01-01,2026-07-19,0.5701999999999999,6
GYRE,6,2015-01-01,2026-07-19,0.22385,6
RMTI,6,2015-01-01,2026-07-19,0.301,6
PAVM,6,2015-01-01,2026-07-19,0.07192000000000003,6
NWS,6,2015-01-01,2026-07-19,-0.016163333333333335,7
EXTR,6,2015-01-01,2026-07-19,0.309075,6
HUDI,6,2015-01-01,2026-07-19,0.0,6
RKDA,6,2015-01-01,2026-07-19,0.0903,6
NUTX,6,2015-01-01,2026-07-19,0.24623000000000003,12
ALAB,6,2015-01-01,2026-07-19,0.006571401515151515,20
CABA,6,2015-01-01,2026-07-19,0.23084523809523808,13
AEP,6,2015-01-01,2026-07-19,0.394415,6
UPC,6,2015-01-01,2026-07-19,0.28665499999999994,8
CDNA,6,2015-01-01,2026-07-19,0.131675,7
VHC,6,2015-01-01,2026-07-19,0.17525000000000002,8
UPB,6,2015-01-01,2026-07-19,0.4262833333333333,10
CAN,6,2015-01-01,2026-07-19,-0.029599999999999998,6
ATYR,6,2015-01-01,2026-07-19,0.255265,6
FEMY,5,2015-01-01,2026-07-19,-0.007240000000000001,7
CORT,5,2015-01-01,2026-07-19,-0.10711199999999999,5
STLD,5,2015-01-01,2026-07-19,0.23480999999999996,6
GLBS,5,2015-01-01,2026-07-19,0.20814000000000005,5
SION,5,2015-01-01,2026-07-19,0.0,5
DBVT,5,2015-01-01,2026-07-19,0.14121,5
ASTC,5,2015-01-01,2026-07-19,0.024756,5
APOG,5,2015-01-01,2026-07-19,0.10269999999999999,11
DCBO,5,2015-01-01,2026-07-19,0.0,5
WRLD,5,2015-01-01,2026-07-19,0.65973,5
USAU,5,2015-01-01,2026-07-19,0.36993,5
LGVN,5,2015-01-01,2026-07-19,0.06606000000000001,7
AIRE,5,2015-01-01,2026-07-19,0.038400000000000004,8
FER,5,2015-01-01,2026-07-19,0.070914,5
SLDB,5,2015-01-01,2026-07-19,0.13779000000000002,6
MRKR,5,2015-01-01,2026-07-19,0.41742000000000007,5
STRR,5,2015-01-01,2026-07-19,0.313638,6
AIOS,5,2015-01-01,2026-07-19,0.246,5
CRDF,5,2015-01-01,2026-07-19,0.0,5
RRR,5,2015-01-01,2026-07-19,0.038400000000000004,5
OESX,5,2015-01-01,2026-07-19,0.293058,5
IQST,5,2015-01-01,2026-07-19,0.0,5
HUBC,5,2015-01-01,2026-07-19,0.38619000000000003,8
SMID,5,2015-01-01,2026-07-19,0.14793,5
MATW,5,2015-01-01,2026-07-19,0.0,5
WHLR,5,2015-01-01,2026-07-19,0.0,5
HELE,5,2015-01-01,2026-07-19,-0.05284799999999999,7
CACC,5,2015-01-01,2026-07-19,0.73329,5
FLGT,5,2015-01-01,2026-07-19,0.11340000000000001,5
RANI,5,2015-01-01,2026-07-19,0.52248,5
RAPP,5,2015-01-01,2026-07-19,0.11029800000000001,5
FEAM,5,2015-01-01,2026-07-19,0.42455999999999994,5
HNST,5,2015-01-01,2026-07-19,0.58947,5
WGS,5,2015-01-01,2026-07-19,-0.070308,5
MESO,5,2015-01-01,2026-07-19,0.13085399999999997,5
SRCE,5,2015-01-01,2026-07-19,0.0,5
ACRS,5,2015-01-01,2026-07-19,0.23996999999999996,5
PTLO,5,2015-01-01,2026-07-19,0.190224,5
OSIS,5,2015-01-01,2026-07-19,0.146808,7
ORMP,5,2015-01-01,2026-07-19,0.142086,6
LPLA,5,2015-01-01,2026-07-19,-0.091512,5
GBUG,5,2015-01-01,2026-07-19,-0.064808,8
FLNC,5,2015-01-01,2026-07-19,0.362676,5
VCEL,5,2015-01-01,2026-07-19,0.22553400000000004,6
XTLB,5,2015-01-01,2026-07-19,0.0,5
FDMT,5,2015-01-01,2026-07-19,0.15318,11
CLAR,5,2015-01-01,2026-07-19,0.09780000000000001,8
VYNE,5,2015-01-01,2026-07-19,-0.06127200000000001,5
BMRN,5,2015-01-01,2026-07-19,0.15318,6
SMPL,5,2015-01-01,2026-07-19,0.22092,7
FLWS,5,2015-01-01,2026-07-19,0.08389200000000002,7
SMSI,5,2015-01-01,2026-07-19,0.28329,5
LARK,5,2015-01-01,2026-07-19,0.09895499999999999,6
PLUR,5,2015-01-01,2026-07-19,0.35727000000000003,5
ATRA,5,2015-01-01,2026-07-19,-0.04129799999999999,6
CRNC,5,2015-01-01,2026-07-19,0.17157,5
ERII,5,2015-01-01,2026-07-19,0.32784,6
GNTX,5,2015-01-01,2026-07-19,0.061302,5
CCG,5,2015-01-01,2026-07-19,0.451758,7
SANA,5,2015-01-01,2026-07-19,0.149766,5
YQ,5,2015-01-01,2026-07-19,-0.08787599999999998,5
REAL,5,2015-01-01,2026-07-19,-0.053591999999999994,5
NUWE,5,2015-01-01,2026-07-19,-0.012407999999999997,5
ALGT,5,2015-01-01,2026-07-19,0.04845600000000001,5
CSGP,5,2015-01-01,2026-07-19,0.16074000000000002,5
CWD,5,2015-01-01,2026-07-19,-0.08597999999999999,5
BGL,5,2015-01-01,2026-07-19,0.38697,6
PI,5,2015-01-01,2026-07-19,0.267,5
ALRM,5,2015-01-01,2026-07-19,0.16722,6
IMVT,5,2015-01-01,2026-07-19,0.02258857142857143,11
GPRE,5,2015-01-01,2026-07-19,0.0,5
PDSB,5,2015-01-01,2026-07-19,0.00516,7
VSEE,5,2015-01-01,2026-07-19,0.43149899999999997,6
SEER,5,2015-01-01,2026-07-19,0.18672,5
ZD,5,2015-01-01,2026-07-19,-0.122946,7
ALLT,5,2015-01-01,2026-07-19,0.71745,6
EBON,5,2015-01-01,2026-07-19,0.144216,6
ISTR,5,2015-01-01,2026-07-19,0.25482,5
NNE,5,2015-01-01,2026-07-19,0.1796325,9
CTRN,5,2015-01-01,2026-07-19,0.29779,8
CDT,5,2015-01-01,2026-07-19,0.50328,6
FRSX,5,2015-01-01,2026-07-19,0.0,6
CULP,5,2015-01-01,2026-07-19,0.10465800000000003,5
KIDZ,5,2015-01-01,2026-07-19,-0.07033892307692306,7
BNC,5,2015-01-01,2026-07-19,0.29937,5
CGNX,5,2015-01-01,2026-07-19,-0.03292666666666667,6
CHDN,5,2015-01-01,2026-07-19,0.054042,6
UONE,5,2015-01-01,2026-07-19,0.17450400000000005,6
CCD,5,2015-01-01,2026-07-19,0.06573599999999999,6
UONEK,5,2015-01-01,2026-07-19,0.2271814285714286,7
TDIC,5,2015-01-01,2026-07-19,0.05948399999999998,5
YOOV,5,2015-01-01,2026-07-19,0.004302000000000017,5
UNIT,5,2015-01-01,2026-07-19,0.07836000000000001,5
AVTX,5,2015-01-01,2026-07-19,0.166746,7
DBGI,5,2015-01-01,2026-07-19,0.21891,5
KLAC,5,2015-01-01,2026-07-19,0.23079000000000005,6
BYRN,5,2015-01-01,2026-07-19,0.357696,8
AXSM,5,2015-01-01,2026-07-19,0.0,6
CLBT,4,2015-01-01,2026-07-19,-0.16269,5
SIDU,4,2015-01-01,2026-07-19,0.0,5
WKSP,4,2015-01-01,2026-07-19,-0.029359166666666665,5
NMIH,4,2015-01-01,2026-07-19,0.160425,5
AXTI,4,2015-01-01,2026-07-19,0.06179749999999998,6
RRGB,4,2015-01-01,2026-07-19,0.0,4
RGLD,4,2015-01-01,2026-07-19,0.3142125,4
ARTL,4,2015-01-01,2026-07-19,0.26184107142857144,12
CHR,4,2015-01-01,2026-07-19,0.2518125,4
CDIO,4,2015-01-01,2026-07-19,0.5951625,4
MCFT,4,2015-01-01,2026-07-19,0.0,4
BCTX,4,2015-01-01,2026-07-19,0.0768075,5
OZK,4,2015-01-01,2026-07-19,0.28147500000000003,4
CDW,4,2015-01-01,2026-07-19,0.24865500000000001,5
ENTG,4,2015-01-01,2026-07-19,0.0,4
CHKP,4,2015-01-01,2026-07-19,0.1275,4
ARQ,4,2015-01-01,2026-07-19,0.3543,4
CLLS,4,2015-01-01,2026-07-19,0.295875,4
MYGN,4,2015-01-01,2026-07-19,0.0758625,5
XENE,4,2015-01-01,2026-07-19,0.15639375,6
BDTX,4,2015-01-01,2026-07-19,0.26920499999999997,4
FGI,4,2015-01-01,2026-07-19,0.15823500000000001,4
OPI,4,2015-01-01,2026-07-19,0.19876500000000002,4
ENSC,4,2015-01-01,2026-07-19,0.024817500000000013,4
ASPS,4,2015-01-01,2026-07-19,0.277935,4
PCAR,4,2015-01-01,2026-07-19,0.36795374999999997,6
CARG,4,2015-01-01,2026-07-19,0.08165250000000002,4
NBIX,4,2015-01-01,2026-07-19,0.23205,5
RTB,4,2015-01-01,2026-07-19,-0.11528999999999999,5
SGA,4,2015-01-01,2026-07-19,0.1787625,4
MKTW,4,2015-01-01,2026-07-19,0.16753749999999998,6
FTDR,4,2015-01-01,2026-07-19,0.1691625,5
OMEX,4,2015-01-01,2026-07-19,0.32216249999999996,4
NCNA,4,2015-01-01,2026-07-19,0.13545000000000001,6
ACHV,4,2015-01-01,2026-07-19,0.0,4
XEL,4,2015-01-01,2026-07-19,0.4998375,7
NVEC,4,2015-01-01,2026-07-19,0.329025,4
NEOG,4,2015-01-01,2026-07-19,-0.035129999999999995,4
XNET,4,2015-01-01,2026-07-19,0.13091999999999998,5
CING,4,2015-01-01,2026-07-19,0.1310625,5
ENTA,4,2015-01-01,2026-07-19,0.13482750000000002,5
CIFR,4,2015-01-01,2026-07-19,0.0,5
SOLS,4,2015-01-01,2026-07-19,-0.047729999999999995,4
PAGP,4,2015-01-01,2026-07-19,0.3232125,4
WIMI,4,2015-01-01,2026-07-19,0.3142125,5
APPF,4,2015-01-01,2026-07-19,0.3943125,4
GSHD,4,2015-01-01,2026-07-19,0.0,4
CYCN,4,2015-01-01,2026-07-19,0.05868000000000001,4
TTEK,4,2015-01-01,2026-07-19,0.187095,4
INTS,4,2015-01-01,2026-07-19,0.0,4
CWCO,4,2015-01-01,2026-07-19,0.36183750000000003,4
ALKS,4,2015-01-01,2026-07-19,0.42986250000000004,6
TRNR,4,2015-01-01,2026-07-19,0.40282500000000004,4
IPX,4,2015-01-01,2026-07-19,0.0,4
FBIO,4,2015-01-01,2026-07-19,-0.08991,4
AEI,4,2015-01-01,2026-07-19,-0.101265,4
IXHL,4,2015-01-01,2026-07-19,0.0,4
POWL,4,2015-01-01,2026-07-19,0.12945,5
CTMX,4,2015-01-01,2026-07-19,0.2323875,5
SPCB,4,2015-01-01,2026-07-19,0.13168125,5
POLA,4,2015-01-01,2026-07-19,0.0,4
CRTO,4,2015-01-01,2026-07-19,0.10245,4
TDUP,4,2015-01-01,2026-07-19,0.4405125,5
KTTA,4,2015-01-01,2026-07-19,0.1123875,5
VYGR,4,2015-01-01,2026-07-19,0.0,4
SURG,4,2015-01-01,2026-07-19,0.3924375,5
SUPN,4,2015-01-01,2026-07-19,0.0,5
QTI,4,2015-01-01,2026-07-19,-0.0077399999999999995,4
LENZ,4,2015-01-01,2026-07-19,0.143175,6
BLKB,4,2015-01-01,2026-07-19,0.1275,4
GTBP,4,2015-01-01,2026-07-19,0.10416000000000002,5
IMTE,4,2015-01-01,2026-07-19,-0.029058181818181816,11
AIRO,4,2015-01-01,2026-07-19,0.2679416666666667,5
PTGX,4,2015-01-01,2026-07-19,0.24562499999999998,4
AGIO,4,2015-01-01,2026-07-19,0.10245,5
VERU,4,2015-01-01,2026-07-19,0.06619500000000003,5
AGMH,4,2015-01-01,2026-07-19,0.11099999999999999,4
VITL,4,2015-01-01,2026-07-19,0.6853125,5
VBIO,4,2015-01-01,2026-07-19,0.3076875,4
DLO,4,2015-01-01,2026-07-19,0.32737499999999997,6
PSHG,4,2015-01-01,2026-07-19,-0.0192,4
AIRG,4,2015-01-01,2026-07-19,0.23396250000000002,4
IBEX,4,2015-01-01,2026-07-19,0.0,4
DIBS,4,2015-01-01,2026-07-19,0.258855,4
DXR,4,2015-01-01,2026-07-19,0.1787625,4
DFLI,4,2015-01-01,2026-07-19,0.45911250000000003,7
PRTA,4,2015-01-01,2026-07-19,0.2140125,5
DFDV,4,2015-01-01,2026-07-19,0.16515000000000002,4
IIIV,4,2015-01-01,2026-07-19,-0.24586499999999997,4
PRSO,4,2015-01-01,2026-07-19,0.08486250000000001,4
AIXI,4,2015-01-01,2026-07-19,0.0926835,8
CYTK,4,2015-01-01,2026-07-19,0.4188,4
FAC,4,2015-01-01,2026-07-19,0.0,4
UFPI,4,2015-01-01,2026-07-19,0.28447500000000003,4
DXPE,4,2015-01-01,2026-07-19,0.0758625,4
LFMD,4,2015-01-01,2026-07-19,0.41169000000000006,5
BOXL,4,2015-01-01,2026-07-19,0.1504875,5
LMFA,4,2015-01-01,2026-07-19,0.19056666666666666,9
EJH,4,2015-01-01,2026-07-19,0.363075,5
ADEA,4,2015-01-01,2026-07-19,0.19728,4
LYTS,4,2015-01-01,2026-07-19,0.13545000000000001,5
MAAS,4,2015-01-01,2026-07-19,-0.08361,5
MANH,4,2015-01-01,2026-07-19,0.3182625,4
STBA,4,2015-01-01,2026-07-19,-0.040979999999999996,4
CMPR,4,2015-01-01,2026-07-19,0.0,4
BIVI,4,2015-01-01,2026-07-19,0.3439125,5
LVO,4,2015-01-01,2026-07-19,-0.121665,4
STRA,4,2015-01-01,2026-07-19,-0.08991,4
MASS,4,2015-01-01,2026-07-19,-0.064635,4
ARCT,4,2015-01-01,2026-07-19,0.0,4
LLYVA,4,2015-01-01,2026-07-19,0.9771,4
GGAL,4,2015-01-01,2026-07-19,0.0,6
AKTS,3,2015-01-01,2026-07-19,-0.02358,3
LSCC,3,2015-01-01,2026-07-19,0.3968,3
METC,3,2015-01-01,2026-07-19,0.20095,4
BYSI,3,2015-01-01,2026-07-19,0.49905,3
FORR,3,2015-01-01,2026-07-19,-0.029599999999999998,4
SRAD,3,2015-01-01,2026-07-19,0.11470000000000001,5
OBAI,3,2015-01-01,2026-07-19,-0.09392,3
AXGN,3,2015-01-01,2026-07-19,0.0,3
LRHC,3,2015-01-01,2026-07-19,0.36985,3
ASLE,3,2015-01-01,2026-07-19,0.0,3
WKEY,3,2015-01-01,2026-07-19,0.0,3
CCCC,3,2015-01-01,2026-07-19,0.0,3
SAFX,3,2015-01-01,2026-07-19,0.4253,4
CISS,3,2015-01-01,2026-07-19,0.07281,3
CYRX,3,2015-01-01,2026-07-19,-0.020299999999999985,3
VRAX,3,2015-01-01,2026-07-19,0.2288,4
EGHT,3,2015-01-01,2026-07-19,0.23877500000000004,4
COCP,3,2015-01-01,2026-07-19,0.11315000000000001,3
FEIM,3,2015-01-01,2026-07-19,0.10115,3
SBLK,3,2015-01-01,2026-07-19,0.02507000000000002,3
MGPI,3,2015-01-01,2026-07-19,0.25465,4
TTGT,3,2015-01-01,2026-07-19,0.0,3
QDEL,3,2015-01-01,2026-07-19,0.027339999999999975,3
MGNX,3,2015-01-01,2026-07-19,0.2553,3
FAST,3,2015-01-01,2026-07-19,0.0,3
BYFC,3,2015-01-01,2026-07-19,0.5344,5
INM,3,2015-01-01,2026-07-19,0.0,4
CCOI,3,2015-01-01,2026-07-19,0.22020000000000003,4
PXS,3,2015-01-01,2026-07-19,0.26335,4
NVX,3,2015-01-01,2026-07-19,-0.0086,4
RETO,3,2015-01-01,2026-07-19,0.0,3
INGN,3,2015-01-01,2026-07-19,0.0,3
QURE,3,2015-01-01,2026-07-19,0.0,3
MEGL,3,2015-01-01,2026-07-19,0.20095,3
GVH,3,2015-01-01,2026-07-19,0.10180882352941177,9
IDXX,3,2015-01-01,2026-07-19,0.1806,3
VMAR,3,2015-01-01,2026-07-19,0.16556000000000004,4
XOS,3,2015-01-01,2026-07-19,0.33525,3
HTOO,3,2015-01-01,2026-07-19,0.24975,3
BLMN,3,2015-01-01,2026-07-19,0.0,4
XPON,3,2015-01-01,2026-07-19,0.17445000000000002,5
ORKA,3,2015-01-01,2026-07-19,0.24695,3
DMRC,3,2015-01-01,2026-07-19,0.12055,3
VECO,3,2015-01-01,2026-07-19,0.23689999999999997,3
AEYE,3,2015-01-01,2026-07-19,-0.054639999999999994,7
ODFL,3,2015-01-01,2026-07-19,-0.045259999999999995,3
HMH,3,2015-01-01,2026-07-19,0.0,3
SPHL,3,2015-01-01,2026-07-19,0.53425,3
CAMT,3,2015-01-01,2026-07-19,0.21075,3
BCAX,3,2015-01-01,2026-07-19,0.0,4
HIND,3,2015-01-01,2026-07-19,0.5574,3
ESQ,3,2015-01-01,2026-07-19,0.24548999999999999,3
VIAV,3,2015-01-01,2026-07-19,0.0,3
OPRT,3,2015-01-01,2026-07-19,0.17,6
FABC,3,2015-01-01,2026-07-19,0.0,3
UVSP,3,2015-01-01,2026-07-19,0.0,3
SPRB,3,2015-01-01,2026-07-19,-0.012749999999999984,4
ELDN,3,2015-01-01,2026-07-19,0.252,3
SCKT,3,2015-01-01,2026-07-19,0.0,3
PAYX,3,2015-01-01,2026-07-19,0.0,3
OLB,3,2015-01-01,2026-07-19,0.148,4
ESCA,3,2015-01-01,2026-07-19,-0.027319999999999997,4
MDGL,3,2015-01-01,2026-07-19,0.159,4
AYTU,3,2015-01-01,2026-07-19,0.31845,3
OLPX,3,2015-01-01,2026-07-19,-0.045259999999999995,3
FLYE,3,2015-01-01,2026-07-19,0.0,3
SPRC,3,2015-01-01,2026-07-19,-0.049999999999999996,3
VNET,3,2015-01-01,2026-07-19,0.0,3
GDYN,3,2015-01-01,2026-07-19,0.62045,3
RNTX,3,2015-01-01,2026-07-19,0.0,4
EZPW,3,2015-01-01,2026-07-19,-0.03344,3
RNAZ,3,2015-01-01,2026-07-19,0.25178000000000006,3
NTSK,3,2015-01-01,2026-07-19,0.17,4
SRRK,3,2015-01-01,2026-07-19,0.0,4
STRC,3,2015-01-01,2026-07-19,0.148,3
KC,3,2015-01-01,2026-07-19,0.07575999999999998,3
PLXS,3,2015-01-01,2026-07-19,-0.10032,3
LGO,3,2015-01-01,2026-07-19,0.1591,3
YYAI,3,2015-01-01,2026-07-19,0.07655,3
BTCT,3,2015-01-01,2026-07-19,0.17,3
KRUS,3,2015-01-01,2026-07-19,0.50615,3
BTDR,3,2015-01-01,2026-07-19,0.295,3
KPRX,3,2015-01-01,2026-07-19,0.11010000000000002,4
WTFC,3,2015-01-01,2026-07-19,0.5382372549019608,8
CFFI,3,2015-01-01,2026-07-19,0.0,3
VTVT,3,2015-01-01,2026-07-19,0.05422444444444444,4
LIDR,3,2015-01-01,2026-07-19,0.0,3
GMM,3,2015-01-01,2026-07-19,0.050575,4
SHOO,3,2015-01-01,2026-07-19,0.17,3
KLXE,3,2015-01-01,2026-07-19,0.48680000000000007,3
SHLS,3,2015-01-01,2026-07-19,-0.030620000000000005,3
SCLX,3,2015-01-01,2026-07-19,0.47485,5
KGEI,3,2015-01-01,2026-07-19,0.9148999999999999,4
GLIBA,3,2015-01-01,2026-07-19,0.87685,3
BHF,3,2015-01-01,2026-07-19,0.14946,3
MMYT,3,2015-01-01,2026-07-19,0.2997,3
LGIH,3,2015-01-01,2026-07-19,0.31429,3
FWRG,3,2015-01-01,2026-07-19,-0.02054,3
LFVN,3,2015-01-01,2026-07-19,0.6417,4
CINF,3,2015-01-01,2026-07-19,0.1806,4
PLSE,3,2015-01-01,2026-07-19,0.0,3
MPWR,3,2015-01-01,2026-07-19,0.40515000000000007,4
GLMD,3,2015-01-01,2026-07-19,0.0,3
EMBC,3,2015-01-01,2026-07-19,0.4019,3
CRDO,3,2015-01-01,2026-07-19,0.0,4
SITM,3,2015-01-01,2026-07-19,-0.01544,3
ADTN,3,2015-01-01,2026-07-19,0.03457999999999999,3
LBRX,3,2015-01-01,2026-07-19,0.0386,4
CHRD,3,2015-01-01,2026-07-19,0.19336,3
RCKY,3,2015-01-01,2026-07-19,0.22046999999999997,3
AOUT,3,2015-01-01,2026-07-19,-0.02119333333333334,4
BIAF,3,2015-01-01,2026-07-19,0.07988333333333332,12
ADUS,3,2015-01-01,2026-07-19,0.4479,3
QRHC,3,2015-01-01,2026-07-19,0.17,3
KLRA,3,2015-01-01,2026-07-19,0.0,4
BLBD,3,2015-01-01,2026-07-19,0.3404,3
TNON,3,2015-01-01,2026-07-19,0.1677,3
ACET,3,2015-01-01,2026-07-19,-0.059199999999999996,3
NCI,3,2015-01-01,2026-07-19,0.5291,3
ITRI,3,2015-01-01,2026-07-19,0.3953,3
PPTA,3,2015-01-01,2026-07-19,0.0,3
VSA,3,2015-01-01,2026-07-19,-0.045259999999999995,3
IRTC,3,2015-01-01,2026-07-19,0.20476000000000003,3
LNTH,3,2015-01-01,2026-07-19,0.2942,4
ATXG,3,2015-01-01,2026-07-19,0.036968749999999995,10
NSSC,3,2015-01-01,2026-07-19,0.5525,3
IPWR,3,2015-01-01,2026-07-19,0.3523,3
ALMS,3,2015-01-01,2026-07-19,0.39185,3
PRDO,3,2015-01-01,2026-07-19,0.46245,3
MIDD,3,2015-01-01,2026-07-19,0.3548,3
TSSI,3,2015-01-01,2026-07-19,0.0,3
INVE,3,2015-01-01,2026-07-19,0.59285,3
MLAB,3,2015-01-01,2026-07-19,0.33575,5
GRCE,3,2015-01-01,2026-07-19,0.6710052631578948,7
GOSS,3,2015-01-01,2026-07-19,0.53265,3
NDRA,3,2015-01-01,2026-07-19,0.1909,3
GAME,3,2015-01-01,2026-07-19,0.0,3
AMBR,3,2015-01-01,2026-07-19,0.0,3
NCMI,3,2015-01-01,2026-07-19,0.0,3
JEM,3,2015-01-01,2026-07-19,-0.09877999999999999,3
GPCR,3,2015-01-01,2026-07-19,0.31505,3
FCFS,3,2015-01-01,2026-07-19,0.369725,4
STAA,3,2015-01-01,2026-07-19,0.24695,3
JOUT,3,2015-01-01,2026-07-19,0.3548,3
FTCI,3,2015-01-01,2026-07-19,-0.04046,3
JOYY,3,2015-01-01,2026-07-19,0.18416904761904762,5
TLN,3,2015-01-01,2026-07-19,0.4098,3
QNCX,3,2015-01-01,2026-07-19,-0.09176000000000001,3
BIOA,2,2015-01-01,2026-07-19,0.23864999999999997,2
RDCM,2,2015-01-01,2026-07-19,0.512325,3
ZCMD,2,2015-01-01,2026-07-19,-0.2658,2
RDVT,2,2015-01-01,2026-07-19,1.008375,2
BDRX,2,2015-01-01,2026-07-19,0.27090000000000003,2
QTRX,2,2015-01-01,2026-07-19,0.525225,2
QUIK,2,2015-01-01,2026-07-19,0.3597,2
RCKT,2,2015-01-01,2026-07-19,0.44955,2
BLNE,2,2015-01-01,2026-07-19,0.68655,2
XTIA,2,2015-01-01,2026-07-19,0.0,3
BFRI,2,2015-01-01,2026-07-19,0.1894843253968254,5
BITA,2,2015-01-01,2026-07-19,0.0,2
BJRI,2,2015-01-01,2026-07-19,0.38295,2
RELL,2,2015-01-01,2026-07-19,0.301425,2
VICR,2,2015-01-01,2026-07-19,0.0,2
BCYC,2,2015-01-01,2026-07-19,0.0,3
VTGN,2,2015-01-01,2026-07-19,0.27090000000000003,2
TRIB,2,2015-01-01,2026-07-19,0.4640065384615385,4
TRAX,2,2015-01-01,2026-07-19,-0.14301,2
ALP,2,2015-01-01,2026-07-19,0.0,4
ALZN,2,2015-01-01,2026-07-19,0.477675,2
AMAL,2,2015-01-01,2026-07-19,0.1875,2
AMLX,2,2015-01-01,2026-07-19,0.127275,2
AMPH,2,2015-01-01,2026-07-19,0.0,2
THFF,2,2015-01-01,2026-07-19,-0.12057000000000001,2
TH,2,2015-01-01,2026-07-19,-0.022049999999999997,2
AMSF,2,2015-01-01,2026-07-19,0.753375,2
WDFC,2,2015-01-01,2026-07-19,0.0,2
AMST,2,2015-01-01,2026-07-19,-0.030809999999999997,2
TCOM,2,2015-01-01,2026-07-19,-0.15193500000000001,3
AEHL,2,2015-01-01,2026-07-19,0.255,2
TAYD,2,2015-01-01,2026-07-19,-0.13491,2
TANH,2,2015-01-01,2026-07-19,-0.15318,2
AOSL,2,2015-01-01,2026-07-19,0.0,2
APLM,2,2015-01-01,2026-07-19,0.3736875,3
WCT,2,2015-01-01,2026-07-19,0.0,2
SSRM,2,2015-01-01,2026-07-19,0.0,2
TRINI,2,2015-01-01,2026-07-19,0.44296499999999994,4
TRMD,2,2015-01-01,2026-07-19,0.0,2
AEIS,2,2015-01-01,2026-07-19,0.357525,2
ALLR,2,2015-01-01,2026-07-19,-0.15800999999999998,2
VISN,2,2015-01-01,2026-07-19,0.0,2
VEEE,2,2015-01-01,2026-07-19,0.468675,2
VCTR,2,2015-01-01,2026-07-19,0.0,2
VBNK,2,2015-01-01,2026-07-19,0.301425,2
VANI,2,2015-01-01,2026-07-19,0.0,3
AIFF,2,2015-01-01,2026-07-19,0.477675,2
AIMD,2,2015-01-01,2026-07-19,0.34305,3
UTHR,2,2015-01-01,2026-07-19,0.0,2
AIRT,2,2015-01-01,2026-07-19,0.0,2
UPLD,2,2015-01-01,2026-07-19,0.0,2
UMBFO,2,2015-01-01,2026-07-19,0.096,2
AKAN,2,2015-01-01,2026-07-19,0.12985500000000003,2
TZOO,2,2015-01-01,2026-07-19,0.0,2
TXG,2,2015-01-01,2026-07-19,0.1875,2
TWST,2,2015-01-01,2026-07-19,0.0,2
VRME,2,2015-01-01,2026-07-19,0.0,2
ALBT,2,2015-01-01,2026-07-19,0.0,2
TTMI,2,2015-01-01,2026-07-19,-0.12644999999999998,3
TTAN,2,2015-01-01,2026-07-19,-0.08879999999999999,2
SSNC,2,2015-01-01,2026-07-19,0.0,2
SQFT,2,2015-01-01,2026-07-19,0.27090000000000003,2
BBSI,2,2015-01-01,2026-07-19,0.0,2
AVT,2,2015-01-01,2026-07-19,0.0,2
SFD,2,2015-01-01,2026-07-19,0.0,2
ATLX,2,2015-01-01,2026-07-19,-0.126345,3
SEGG,2,2015-01-01,2026-07-19,0.9134249999999999,2
XBIO,2,2015-01-01,2026-07-19,0.0,2
SDOT,2,2015-01-01,2026-07-19,0.07543333333333334,3
AUC,2,2015-01-01,2026-07-19,0.428925,2
XCUR,2,2015-01-01,2026-07-19,0.0,2
XELB,2,2015-01-01,2026-07-19,0.8389500000000001,2
AVNW,2,2015-01-01,2026-07-19,-0.11453999999999999,2
SAFT,2,2015-01-01,2026-07-19,-0.21639,2
ARBB,2,2015-01-01,2026-07-19,0.0,2
RYTM,2,2015-01-01,2026-07-19,0.0,2
RYM,2,2015-01-01,2026-07-19,-0.030809999999999997,2
AXG,2,2015-01-01,2026-07-19,0.0,3
RPGL,2,2015-01-01,2026-07-19,0.0,2
ABVC,2,2015-01-01,2026-07-19,0.0193,3
ROIV,2,2015-01-01,2026-07-19,-0.11453999999999999,2
RMSG,2,2015-01-01,2026-07-19,0.0,2
XPEL,2,2015-01-01,2026-07-19,0.0,2
RLAY,2,2015-01-01,2026-07-19,0.0,2
SGC,2,2015-01-01,2026-07-19,0.0,2
ATHE,2,2015-01-01,2026-07-19,0.04857142857142858,6
SHPH,2,2015-01-01,2026-07-19,-0.1876833333333333,3
ACGL,2,2015-01-01,2026-07-19,-0.05337,2
SPRO,2,2015-01-01,2026-07-19,0.402885,2
SONM,2,2015-01-01,2026-07-19,0.0,2
SOBR,2,2015-01-01,2026-07-19,0.0,2
ARQT,2,2015-01-01,2026-07-19,0.41805000000000003,2
ARVN,2,2015-01-01,2026-07-19,-0.25347,2
ASND,2,2015-01-01,2026-07-19,0.32916666666666666,3
SMTC,2,2015-01-01,2026-07-19,0.40117500000000006,2
SMBC,2,2015-01-01,2026-07-19,0.0,2
SLNH,2,2015-01-01,2026-07-19,-0.33333,3
ACIC,2,2015-01-01,2026-07-19,0.14984999999999998,2
SKYW,2,2015-01-01,2026-07-19,-0.11453999999999999,2
SKYQ,2,2015-01-01,2026-07-19,0.0,2
SKYE,2,2015-01-01,2026-07-19,0.0,2
SKK,2,2015-01-01,2026-07-19,0.25365,2
SINT,2,2015-01-01,2026-07-19,0.33030000000000004,2
WSC,2,2015-01-01,2026-07-19,0.0,2
ASYS,2,2015-01-01,2026-07-19,0.563475,2
SILC,2,2015-01-01,2026-07-19,0.0,2
WSHP,2,2015-01-01,2026-07-19,0.2049,2
SNDX,2,2015-01-01,2026-07-19,0.0,2
EYPT,2,2015-01-01,2026-07-19,0.0,2
DSGN,2,2015-01-01,2026-07-19,0.551325,2
DTIL,2,2015-01-01,2026-07-19,0.5022,3
HBT,2,2015-01-01,2026-07-19,0.22199999999999998,2
HCTI,2,2015-01-01,2026-07-19,0.0,2
NATH,2,2015-01-01,2026-07-19,0.0,3
NAMM,2,2015-01-01,2026-07-19,0.34409999999999996,2
HCWB,2,2015-01-01,2026-07-19,0.09641250000000001,3
NAAS,2,2015-01-01,2026-07-19,1.305525,2
MTSI,2,2015-01-01,2026-07-19,0.0,2
CHCI,2,2015-01-01,2026-07-19,-0.10043999999999999,3
DRCT,2,2015-01-01,2026-07-19,0.0,2
HPK,2,2015-01-01,2026-07-19,-0.11699999999999998,2
MRX,2,2015-01-01,2026-07-19,0.6810375,3
HRMY,2,2015-01-01,2026-07-19,0.38295,2
HROW,2,2015-01-01,2026-07-19,0.0,2
MRDN,2,2015-01-01,2026-07-19,0.0,2
CHRW,2,2015-01-01,2026-07-19,0.0,3
MNRO,2,2015-01-01,2026-07-19,0.16972500000000001,5
MNPR,2,2015-01-01,2026-07-19,-0.38490333333333326,3
HSIC,2,2015-01-01,2026-07-19,0.370425,2
HST,2,2015-01-01,2026-07-19,0.0,2
DMAC,2,2015-01-01,2026-07-19,0.0,3
HURA,2,2015-01-01,2026-07-19,0.0,2
NAVN,2,2015-01-01,2026-07-19,-0.047729999999999995,3
DTSS,2,2015-01-01,2026-07-19,0.6881999999999999,2
MITK,2,2015-01-01,2026-07-19,0.0,2
CELU,2,2015-01-01,2026-07-19,0.1875,4
GENK,2,2015-01-01,2026-07-19,-0.015479999999999999,2
ELAB,2,2015-01-01,2026-07-19,0.255,2
GFAI,2,2015-01-01,2026-07-19,0.37575000000000003,2
OCS,2,2015-01-01,2026-07-19,0.0,2
OCG,2,2015-01-01,2026-07-19,-0.06789,4
OBTC,2,2015-01-01,2026-07-19,1.158375,2
GLBE,2,2015-01-01,2026-07-19,0.0,2
NXTC,2,2015-01-01,2026-07-19,-0.20423999999999998,3
GLDI,2,2015-01-01,2026-07-19,0.0,3
NXST,2,2015-01-01,2026-07-19,0.23864999999999997,2
GLNG,2,2015-01-01,2026-07-19,-0.08195999999999999,2
NVNI,2,2015-01-01,2026-07-19,0.522735,3
GMAB,2,2015-01-01,2026-07-19,0.59295,2
GMEX,2,2015-01-01,2026-07-19,0.0,2
EEFT,2,2015-01-01,2026-07-19,-0.16391999999999998,2
NTRS,2,2015-01-01,2026-07-19,0.0,2
ECOR,2,2015-01-01,2026-07-19,0.321375,2
NSIT,2,2015-01-01,2026-07-19,0.5322,2
EBC,2,2015-01-01,2026-07-19,0.370425,3
CDZIP,2,2015-01-01,2026-07-19,-0.11453999999999999,2
CECO,2,2015-01-01,2026-07-19,0.316125,2
MKTX,2,2015-01-01,2026-07-19,0.316125,2
MGTX,2,2015-01-01,2026-07-19,0.0,4
CBK,2,2015-01-01,2026-07-19,0.0,2
LEGH,2,2015-01-01,2026-07-19,0.0,3
CWST,2,2015-01-01,2026-07-19,0.0,2
LBRDA,2,2015-01-01,2026-07-19,0.8897999999999999,2
LASR,2,2015-01-01,2026-07-19,0.096,2
INVA,2,2015-01-01,2026-07-19,-0.08879999999999999,2
LANDO,2,2015-01-01,2026-07-19,0.0,2
LAES,2,2015-01-01,2026-07-19,0.0,2
BMEA,2,2015-01-01,2026-07-19,0.406725,2
CVKD,2,2015-01-01,2026-07-19,0.0,2
KXIN,2,2015-01-01,2026-07-19,-0.2229,3
IPDN,2,2015-01-01,2026-07-19,0.0,2
ISSC,2,2015-01-01,2026-07-19,0.5105999999999999,2
IVDA,2,2015-01-01,2026-07-19,0.13342500000000002,2
IVVD,2,2015-01-01,2026-07-19,0.060675,8
KELYB,2,2015-01-01,2026-07-19,0.4020980769230769,4
CRVS,2,2015-01-01,2026-07-19,0.0,2
JZXN,2,2015-01-01,2026-07-19,0.191475,3
CTNT,2,2015-01-01,2026-07-19,-0.08195999999999999,2
JBHT,2,2015-01-01,2026-07-19,0.0,2
JBSS,2,2015-01-01,2026-07-19,0.0129,2
JCAP,2,2015-01-01,2026-07-19,0.255,2
JTAI,2,2015-01-01,2026-07-19,0.0,2
LE,2,2015-01-01,2026-07-19,0.0,2
INSM,2,2015-01-01,2026-07-19,0.0,2
DIOD,2,2015-01-01,2026-07-19,-0.17576999999999998,5
LFUS,2,2015-01-01,2026-07-19,-0.08879999999999999,2
HYFM,2,2015-01-01,2026-07-19,0.27090000000000003,2
MDWD,2,2015-01-01,2026-07-19,0.38295,2
ICCM,2,2015-01-01,2026-07-19,0.5105999999999999,2
CLMT,2,2015-01-01,2026-07-19,0.0,2
MBIO,2,2015-01-01,2026-07-19,-0.17576999999999998,2
MBAI,2,2015-01-01,2026-07-19,0.44789999999999996,2
IFRX,2,2015-01-01,2026-07-19,0.23864999999999997,2
IGIC,2,2015-01-01,2026-07-19,0.255,2
LZ,2,2015-01-01,2026-07-19,0.0,4
CMND,2,2015-01-01,2026-07-19,0.8812500000000001,2
CMTL,2,2015-01-01,2026-07-19,-0.16571999999999998,2
IMNN,2,2015-01-01,2026-07-19,0.0,2
LQDA,2,2015-01-01,2026-07-19,0.0,2
COGT,2,2015-01-01,2026-07-19,0.0,2
LNZA,2,2015-01-01,2026-07-19,0.077025,2
IMSR,2,2015-01-01,2026-07-19,0.2049,3
INHD,2,2015-01-01,2026-07-19,0.0,2
COLL,2,2015-01-01,2026-07-19,-0.10235999999999999,3
INMB,2,2015-01-01,2026-07-19,0.428925,2
INNV,2,2015-01-01,2026-07-19,0.33030000000000004,2
LILAK,2,2015-01-01,2026-07-19,0.39502499999999996,2
CBRL,2,2015-01-01,2026-07-19,0.0,2
JSPR,2,2015-01-01,2026-07-19,0.0,3
FCUV,2,2015-01-01,2026-07-19,0.009868292682926829,11
BOKF,2,2015-01-01,2026-07-19,0.63045,2
ELVA,2,2015-01-01,2026-07-19,0.0,2
PETZ,2,2015-01-01,2026-07-19,0.0,2
FXNC,2,2015-01-01,2026-07-19,0.0,2
OSUR,2,2015-01-01,2026-07-19,0.0,2
PRHI,2,2015-01-01,2026-07-19,0.0,2
ENGN,2,2015-01-01,2026-07-19,-0.09545999999999999,4
PLRZ,2,2015-01-01,2026-07-19,0.0,2
FRD,2,2015-01-01,2026-07-19,0.0,2
BNZI,2,2015-01-01,2026-07-19,0.0,2
PDYN,2,2015-01-01,2026-07-19,0.0,2
BRTX,2,2015-01-01,2026-07-19,0.0,3
EQPT,2,2015-01-01,2026-07-19,0.0,2
POWI,2,2015-01-01,2026-07-19,-0.030809999999999997,2
BTAI,2,2015-01-01,2026-07-19,0.0,4
FHB,2,2015-01-01,2026-07-19,0.0,2
FRHC,2,2015-01-01,2026-07-19,1.016475,2
EVTV,2,2015-01-01,2026-07-19,-0.10454999999999999,2
BPOP,2,2015-01-01,2026-07-19,0.316125,2
ENLV,2,2015-01-01,2026-07-19,0.0,3
PCTY,2,2015-01-01,2026-07-19,0.722325,2
EQ,2,2015-01-01,2026-07-19,0.0,4
PMVP,2,2015-01-01,2026-07-19,0.30142500000000005,2
PAYP,2,2015-01-01,2026-07-19,0.0,2
FFAI,2,2015-01-01,2026-07-19,-0.10200000000000001,2
FFIV,2,2015-01-01,2026-07-19,0.0,2
FRVO,2,2015-01-01,2026-07-19,0.4098,2
PRME,2,2015-01-01,2026-07-19,0.5358833333333334,3
BRUN,2,2015-01-01,2026-07-19,0.255,2
PMAX,2,2015-01-01,2026-07-19,-0.10200000000000001,2
PGEN,2,2015-01-01,2026-07-19,0.0,2
PGC,2,2015-01-01,2026-07-19,0.301425,2
GDEV,2,2015-01-01,2026-07-19,0.468675,2
FBYD,2,2015-01-01,2026-07-19,-0.08879999999999999,2
PRQR,2,2015-01-01,2026-07-19,0.11482500000000001,2
FBRX,2,2015-01-01,2026-07-19,0.0,2
ONCO,2,2015-01-01,2026-07-19,0.32085,6
PSMT,2,2015-01-01,2026-07-19,-0.22497,2
GDHG,2,2015-01-01,2026-07-19,-0.09545999999999999,2
BNAI,2,2015-01-01,2026-07-19,0.13342500000000002,2
CBIO,2,2015-01-01,2026-07-19,0.255,2
ONC,2,2015-01-01,2026-07-19,0.151725,2
ESLA,2,2015-01-01,2026-07-19,0.0,2
PHOE,2,2015-01-01,2026-07-19,0.28635,3
GEMI,2,2015-01-01,2026-07-19,0.0,2
ESLT,2,2015-01-01,2026-07-19,0.581475,2
PGNY,2,2015-01-01,2026-07-19,0.528165,2
ELBM,2,2015-01-01,2026-07-19,-0.09545999999999999,2
ILPT,1,2015-01-01,2026-07-19,0.26085,2
FKWL,1,2015-01-01,2026-07-19,0.0,1
TWG,1,2015-01-01,2026-07-19,0.15689999999999998,4
ETHA,1,2015-01-01,2026-07-19,0.0,1
TW,1,2015-01-01,2026-07-19,0.6606000000000001,1
FIEE,1,2015-01-01,2026-07-19,0.0,1
EUDA,1,2015-01-01,2026-07-19,-0.19091999999999998,1
IMCR,1,2015-01-01,2026-07-19,0.0,1
YB,1,2015-01-01,2026-07-19,0.0,1
IMRX,1,2015-01-01,2026-07-19,-0.31601999999999997,1
FINW,1,2015-01-01,2026-07-19,0.0,1
UBSI,1,2015-01-01,2026-07-19,0.0,1
UEIC,1,2015-01-01,2026-07-19,0.0,1
TVRD,1,2015-01-01,2026-07-19,0.0,1
ABSI,1,2015-01-01,2026-07-19,0.0,1
IMUX,1,2015-01-01,2026-07-19,0.0,1
UFPT,1,2015-01-01,2026-07-19,0.0,1
AKTX,1,2015-01-01,2026-07-19,0.44399999999999995,1
IMXI,1,2015-01-01,2026-07-19,0.0,1
INDV,1,2015-01-01,2026-07-19,0.0,1
UFCS,1,2015-01-01,2026-07-19,-0.10674,1
EVAX,1,2015-01-01,2026-07-19,0.33030000000000004,2
IMKTA,1,2015-01-01,2026-07-19,-0.2545533333333333,2
INKT,1,2015-01-01,2026-07-19,0.0,1
WILC,1,2015-01-01,2026-07-19,0.0,1
ALCO,1,2015-01-01,2026-07-19,0.60705,1
TRMK,1,2015-01-01,2026-07-19,0.0,1
ISBA,1,2015-01-01,2026-07-19,0.6881999999999999,1
ALMU,1,2015-01-01,2026-07-19,0.0,1
ITIC,1,2015-01-01,2026-07-19,-0.25289999999999996,1
ALNT,1,2015-01-01,2026-07-19,0.33945000000000003,1
CTOR,1,2015-01-01,2026-07-19,-0.16722,2
AAON,1,2015-01-01,2026-07-19,0.0,1
ZNB,1,2015-01-01,2026-07-19,0.0,1
IZM,1,2015-01-01,2026-07-19,0.5418000000000001,1
ALNY,1,2015-01-01,2026-07-19,0.0,1
ZSQR,1,2015-01-01,2026-07-19,0.0,1
ALRS,1,2015-01-01,2026-07-19,0.0,1
CSWC,1,2015-01-01,2026-07-19,0.0,1
TNGX,1,2015-01-01,2026-07-19,0.0,1
FBLG,1,2015-01-01,2026-07-19,0.2997,3
CSTL,1,2015-01-01,2026-07-19,0.4699,3
TMDX,1,2015-01-01,2026-07-19,0.73905,1
JDZG,1,2015-01-01,2026-07-19,-0.16391999999999998,1
JKHY,1,2015-01-01,2026-07-19,0.0,1
FBIZ,1,2015-01-01,2026-07-19,0.0,1
IRD,1,2015-01-01,2026-07-19,-0.32538,1
IPW,1,2015-01-01,2026-07-19,0.9728999999999999,1
ALGM,1,2015-01-01,2026-07-19,-0.24113999999999997,1
TROO,1,2015-01-01,2026-07-19,0.0,1
INTA,1,2015-01-01,2026-07-19,0.0,1
INTG,1,2015-01-01,2026-07-19,0.33945000000000003,1
TTEC,1,2015-01-01,2026-07-19,0.0,1
ZBIO,1,2015-01-01,2026-07-19,0.0,1
UNB,1,2015-01-01,2026-07-19,0.60285,1
TSUI,1,2015-01-01,2026-07-19,0.71505,1
IONR,1,2015-01-01,2026-07-19,0.0,1
ALHC,1,2015-01-01,2026-07-19,0.0,1
CVLT,1,2015-01-01,2026-07-19,-0.22907999999999995,1
TSHA,1,2015-01-01,2026-07-19,0.0,1
IOSP,1,2015-01-01,2026-07-19,0.0,1
EWBC,1,2015-01-01,2026-07-19,0.7600500000000001,1
FCCO,1,2015-01-01,2026-07-19,0.0,1
TSAT,1,2015-01-01,2026-07-19,-0.19091999999999998,1
IPAR,1,2015-01-01,2026-07-19,0.0,1
TRUG,1,2015-01-01,2026-07-19,0.47729999999999995,1
TRST,1,2015-01-01,2026-07-19,0.0,1
ALM,1,2015-01-01,2026-07-19,0.0,1
CVCO,1,2015-01-01,2026-07-19,-0.12138,1
DAIC,1,2015-01-01,2026-07-19,0.0,2
ESEA,1,2015-01-01,2026-07-19,0.7900499999999999,1
DAKT,1,2015-01-01,2026-07-19,0.0,1
EDSA,1,2015-01-01,2026-07-19,1.1008499999999999,1
GRNQ,1,2015-01-01,2026-07-19,0.16670769230769233,3
EDBL,1,2015-01-01,2026-07-19,0.0,1
ECPG,1,2015-01-01,2026-07-19,0.0,1
GABC,1,2015-01-01,2026-07-19,0.0,1
VRSN,1,2015-01-01,2026-07-19,0.0,1
VRSK,1,2015-01-01,2026-07-19,0.0,1
VRRM,1,2015-01-01,2026-07-19,-0.06162000000000001,1
VRNS,1,2015-01-01,2026-07-19,0.0,1
GSIW,1,2015-01-01,2026-07-19,0.0,1
WPRT,1,2015-01-01,2026-07-19,0.0,1
VRCA,1,2015-01-01,2026-07-19,0.71505,1
FWONK,1,2015-01-01,2026-07-19,0.0,1
GSUN,1,2015-01-01,2026-07-19,0.6134999999999999,1
GT,1,2015-01-01,2026-07-19,0.0,2
DUOT,1,2015-01-01,2026-07-19,0.0,1
VNOM,1,2015-01-01,2026-07-19,0.8788499999999999,1
ENLT,1,2015-01-01,2026-07-19,0.0,1
WSFS,1,2015-01-01,2026-07-19,0.0,1
FULC,1,2015-01-01,2026-07-19,0.0,1
EDRY,1,2015-01-01,2026-07-19,0.0,1
WNW,1,2015-01-01,2026-07-19,0.0,1
CSBR,1,2015-01-01,2026-07-19,0.79245,1
GOODN,1,2015-01-01,2026-07-19,0.8433,1
WINA,1,2015-01-01,2026-07-19,0.0,1
ADAMI,1,2015-01-01,2026-07-19,0.8209500000000001,1
GIBO,1,2015-01-01,2026-07-19,-0.035309999999999994,4
GIII,1,2015-01-01,2026-07-19,0.47729999999999995,1
EGBN,1,2015-01-01,2026-07-19,0.0,1
ACTG,1,2015-01-01,2026-07-19,0.0,1
GLIBK,1,2015-01-01,2026-07-19,0.7900499999999999,1
WBTN,1,2015-01-01,2026-07-19,0.63225,1
GCTK,1,2015-01-01,2026-07-19,0.0,2
GLPI,1,2015-01-01,2026-07-19,0.63225,1
ADXN,1,2015-01-01,2026-07-19,0.0,1
EFSI,1,2015-01-01,2026-07-19,0.7659,1
GLSI,1,2015-01-01,2026-07-19,0.0,1
EFSC,1,2015-01-01,2026-07-19,0.0,2
WLFC,1,2015-01-01,2026-07-19,-0.28601999999999994,1
VVOS,1,2015-01-01,2026-07-19,0.0,1
ELPW,1,2015-01-01,2026-07-19,0.0,2
ELTK,1,2015-01-01,2026-07-19,0.0,1
GNLX,1,2015-01-01,2026-07-19,0.0,1
AEVA,1,2015-01-01,2026-07-19,0.0,1
HBIO,1,2015-01-01,2026-07-19,0.63225,1
IESC,1,2015-01-01,2026-07-19,0.0,1
ERNA,1,2015-01-01,2026-07-19,0.0,1
FNLC,1,2015-01-01,2026-07-19,0.0,1
HTLD,1,2015-01-01,2026-07-19,0.0,1
VALN,1,2015-01-01,2026-07-19,0.0,1
DLPN,1,2015-01-01,2026-07-19,-0.29634,1
HUBG,1,2015-01-01,2026-07-19,0.0,1
FMAO,1,2015-01-01,2026-07-19,0.0,1
XHG,1,2015-01-01,2026-07-19,0.0,1
HWC,1,2015-01-01,2026-07-19,-0.0258,1
XNDU,1,2015-01-01,2026-07-19,0.0,1
FLYW,1,2015-01-01,2026-07-19,0.0,1
HYPD,1,2015-01-01,2026-07-19,0.0,1
IART,1,2015-01-01,2026-07-19,0.41805000000000003,2
URGN,1,2015-01-01,2026-07-19,0.0,1
IBCP,1,2015-01-01,2026-07-19,0.0,1
IBG,1,2015-01-01,2026-07-19,0.0,1
DGNX,1,2015-01-01,2026-07-19,-0.08879999999999999,2
ICUI,1,2015-01-01,2026-07-19,0.0,2
IDCC,1,2015-01-01,2026-07-19,1.27785,1
FLXS,1,2015-01-01,2026-07-19,0.0,1
HTCO,1,2015-01-01,2026-07-19,0.8433,1
VCIG,1,2015-01-01,2026-07-19,0.0,2
AFYA,1,2015-01-01,2026-07-19,0.0,1
HSAI,1,2015-01-01,2026-07-19,0.0,1
VIVK,1,2015-01-01,2026-07-19,0.9006000000000001,1
FTRE,1,2015-01-01,2026-07-19,0.0,1
DRVN,1,2015-01-01,2026-07-19,0.15405,1
ACHC,1,2015-01-01,2026-07-19,0.0,1
WVE,1,2015-01-01,2026-07-19,0.0,1
ENSG,1,2015-01-01,2026-07-19,-0.39581999999999995,1
DRUG,1,2015-01-01,2026-07-19,0.0,1
HERZ,1,2015-01-01,2026-07-19,0.0,1
HFFG,1,2015-01-01,2026-07-19,0.0,1
WYFI,1,2015-01-01,2026-07-19,0.0,2
FSBC,1,2015-01-01,2026-07-19,0.0,1
ABVX,1,2015-01-01,2026-07-19,0.0,1
HLNE,1,2015-01-01,2026-07-19,0.33945000000000003,1
HNRG,1,2015-01-01,2026-07-19,0.0,1
HOVNP,1,2015-01-01,2026-07-19,0.0,1
FRPH,1,2015-01-01,2026-07-19,0.51,2
XBP,1,2015-01-01,2026-07-19,0.0,1
DOGZ,1,2015-01-01,2026-07-19,0.0,1
VCYT,1,2015-01-01,2026-07-19,0.0,1
PSTV,1,2015-01-01,2026-07-19,0.5418000000000001,1
CREX,1,2015-01-01,2026-07-19,0.0,1
TKLF,1,2015-01-01,2026-07-19,-0.09106666666666666,2
CCSI,1,2015-01-01,2026-07-19,0.8361000000000001,1
NWE,1,2015-01-01,2026-07-19,0.9728999999999999,1
NWTG,1,2015-01-01,2026-07-19,0.0,1
SAIA,1,2015-01-01,2026-07-19,0.0,1
CCEP,1,2015-01-01,2026-07-19,0.0,1
SABS,1,2015-01-01,2026-07-19,0.0,1
CCEC,1,2015-01-01,2026-07-19,0.5418000000000001,1
NXTT,1,2015-01-01,2026-07-19,0.6882,1
NYXH,1,2015-01-01,2026-07-19,0.71505,1
OBT,1,2015-01-01,2026-07-19,0.0,1
OCFC,1,2015-01-01,2026-07-19,0.0,1
CCBG,1,2015-01-01,2026-07-19,0.0,2
ODD,1,2015-01-01,2026-07-19,-0.08114999999999999,2
CBSH,1,2015-01-01,2026-07-19,0.30345,1
OKUR,1,2015-01-01,2026-07-19,0.63225,1
OLOX,1,2015-01-01,2026-07-19,0.5418000000000001,1
OMCL,1,2015-01-01,2026-07-19,0.0,1
OMH,1,2015-01-01,2026-07-19,0.0,1
BANF,1,2015-01-01,2026-07-19,0.47729999999999995,1
BANX,1,2015-01-01,2026-07-19,0.0,1
ROAD,1,2015-01-01,2026-07-19,-0.19091999999999998,1
OPCH,1,2015-01-01,2026-07-19,0.8991,1
CASH,1,2015-01-01,2026-07-19,0.0,1
ORGO,1,2015-01-01,2026-07-19,0.0,1
ORIO,1,2015-01-01,2026-07-19,0.0,1
RLYB,1,2015-01-01,2026-07-19,0.85785,1
NVVE,1,2015-01-01,2026-07-19,0.0,2
NVNO,1,2015-01-01,2026-07-19,0.0,1
ORKT,1,2015-01-01,2026-07-19,0.63225,1
NVMI,1,2015-01-01,2026-07-19,0.8307,1
SGLY,1,2015-01-01,2026-07-19,0.0,1
NBP,1,2015-01-01,2026-07-19,0.0,1
SFNC,1,2015-01-01,2026-07-19,0.0,1
NCEL,1,2015-01-01,2026-07-19,0.0,1
NCNO,1,2015-01-01,2026-07-19,0.0,3
SFHG,1,2015-01-01,2026-07-19,0.9186000000000001,1
NCPL,1,2015-01-01,2026-07-19,0.0,1
NESR,1,2015-01-01,2026-07-19,0.0,2
NKTX,1,2015-01-01,2026-07-19,0.0,1
NN,1,2015-01-01,2026-07-19,0.0,1
ATRC,1,2015-01-01,2026-07-19,0.0,1
ATRO,1,2015-01-01,2026-07-19,0.0,1
SDST,1,2015-01-01,2026-07-19,0.29917499999999997,2
CDTG,1,2015-01-01,2026-07-19,0.33945000000000003,2
NTCL,1,2015-01-01,2026-07-19,0.0,1
NTCT,1,2015-01-01,2026-07-19,0.0,1
CDNL,1,2015-01-01,2026-07-19,0.0,1
NTRA,1,2015-01-01,2026-07-19,0.0,1
NUVL,1,2015-01-01,2026-07-19,0.0,1
AUDC,1,2015-01-01,2026-07-19,0.0,1
SBRA,1,2015-01-01,2026-07-19,0.7659,1
CD,1,2015-01-01,2026-07-19,1.1928529411764708,2
AUGO,1,2015-01-01,2026-07-19,0.0,1
NVCT,1,2015-01-01,2026-07-19,0.0,1
CCTG,1,2015-01-01,2026-07-19,0.0,1
RLMD,1,2015-01-01,2026-07-19,0.0,1
BAOS,1,2015-01-01,2026-07-19,0.51,3
TITN,1,2015-01-01,2026-07-19,0.0,1
PFIS,1,2015-01-01,2026-07-19,-0.16391999999999998,1
RBCAA,1,2015-01-01,2026-07-19,0.0,1
RAYA,1,2015-01-01,2026-07-19,-0.17076,1
PHAR,1,2015-01-01,2026-07-19,0.0,1
PHIO,1,2015-01-01,2026-07-19,0.0,1
BSET,1,2015-01-01,2026-07-19,0.0,1
PIII,1,2015-01-01,2026-07-19,0.0,1
PLMR,1,2015-01-01,2026-07-19,0.0,1
BJDX,1,2015-01-01,2026-07-19,0.6881999999999999,1
QTTB,1,2015-01-01,2026-07-19,0.0,1
BRKR,1,2015-01-01,2026-07-19,0.0,1
BRCB,1,2015-01-01,2026-07-19,0.0,1
PMTS,1,2015-01-01,2026-07-19,-0.35153999999999996,1
QQQX,1,2015-01-01,2026-07-19,0.0,2
PODD,1,2015-01-01,2026-07-19,-0.40434000000000003,1
QNST,1,2015-01-01,2026-07-19,0.0,1
QNRX,1,2015-01-01,2026-07-19,0.0,1
QH,1,2015-01-01,2026-07-19,0.6881999999999999,1
BNTC,1,2015-01-01,2026-07-19,0.0,1
QCLS,1,2015-01-01,2026-07-19,0.15105,1
BLIN,1,2015-01-01,2026-07-19,0.0,1
BNKK,1,2015-01-01,2026-07-19,0.0,1
PXLW,1,2015-01-01,2026-07-19,0.0774,1
PSIG,1,2015-01-01,2026-07-19,0.0,1
BLLN,1,2015-01-01,2026-07-19,0.0,1
BMRA,1,2015-01-01,2026-07-19,0.0,1
RBNE,1,2015-01-01,2026-07-19,0.0,1
RCMT,1,2015-01-01,2026-07-19,0.0,1
CAPNR,1,2015-01-01,2026-07-19,0.5727,1
PFBC,1,2015-01-01,2026-07-19,0.0,1
BBGI,1,2015-01-01,2026-07-19,-0.34313999999999995,1
BBIO,1,2015-01-01,2026-07-19,0.0,1
OSW,1,2015-01-01,2026-07-19,0.0,1
BCAL,1,2015-01-01,2026-07-19,0.0,1
RILYP,1,2015-01-01,2026-07-19,0.33945000000000003,1
OVBC,1,2015-01-01,2026-07-19,-0.21672,1
OVLY,1,2015-01-01,2026-07-19,-0.28602,1
OXSQG,1,2015-01-01,2026-07-19,0.0,1
PALI,1,2015-01-01,2026-07-19,-0.11208,1
PASG,1,2015-01-01,2026-07-19,0.0,1
PAVS,1,2015-01-01,2026-07-19,0.0,1
PBM,1,2015-01-01,2026-07-19,0.6606000000000001,1
REYN,1,2015-01-01,2026-07-19,0.4098,1
REVB,1,2015-01-01,2026-07-19,0.53925,1
PCRX,1,2015-01-01,2026-07-19,0.0,1
PCTTU,1,2015-01-01,2026-07-19,0.0,1
BELFB,1,2015-01-01,2026-07-19,0.0,1
BENF,1,2015-01-01,2026-07-19,0.0,1
PDEX,1,2015-01-01,2026-07-19,0.0,1
BUSE,1,2015-01-01,2026-07-19,0.0,1
PEBO,1,2015-01-01,2026-07-19,0.0,1
PECO,1,2015-01-01,2026-07-19,0.7659,1
RDNT,1,2015-01-01,2026-07-19,0.0,1
BGLC,1,2015-01-01,2026-07-19,0.0,1
BTSG,1,2015-01-01,2026-07-19,0.51,1
NAUT,1,2015-01-01,2026-07-19,0.0,1
SGP,1,2015-01-01,2026-07-19,0.5727,1
SGRY,1,2015-01-01,2026-07-19,0.0,1
KUST,1,2015-01-01,2026-07-19,0.6881999999999999,1
TASK,1,2015-01-01,2026-07-19,0.0,1
KYTX,1,2015-01-01,2026-07-19,0.0,1
ANNX,1,2015-01-01,2026-07-19,0.95535,1
ANPA,1,2015-01-01,2026-07-19,-0.29634,1
SYBT,1,2015-01-01,2026-07-19,0.0,1
SWMR,1,2015-01-01,2026-07-19,0.44399999999999995,1
ANY,1,2015-01-01,2026-07-19,0.44399999999999995,1
SVRN,1,2015-01-01,2026-07-19,0.0,1
LANDP,1,2015-01-01,2026-07-19,0.255,2
LBRDK,1,2015-01-01,2026-07-19,0.7900499999999999,1
LBTYK,1,2015-01-01,2026-07-19,0.7900499999999999,1
LECO,1,2015-01-01,2026-07-19,0.0,1
STRO,1,2015-01-01,2026-07-19,-0.32538,1
LESL,1,2015-01-01,2026-07-19,0.0,1
STRK,1,2015-01-01,2026-07-19,0.0,1
STRF,1,2015-01-01,2026-07-19,0.0,1
LFST,1,2015-01-01,2026-07-19,0.192,2
CRAI,1,2015-01-01,2026-07-19,0.6606000000000001,1
COST,1,2015-01-01,2026-07-19,0.0,1
LILAP,1,2015-01-01,2026-07-19,1.05045,1
STKH,1,2015-01-01,2026-07-19,0.0,1
LINC,1,2015-01-01,2026-07-19,0.0,1
LIVE,1,2015-01-01,2026-07-19,0.6417,2
APRE,1,2015-01-01,2026-07-19,0.0,1
LKQ,1,2015-01-01,2026-07-19,0.0,1
TATT,1,2015-01-01,2026-07-19,0.0,2
ANIK,1,2015-01-01,2026-07-19,0.0,1
SHAZ,1,2015-01-01,2026-07-19,0.0,1
ANGO,1,2015-01-01,2026-07-19,0.0,1
TIPT,1,2015-01-01,2026-07-19,0.0,1
JVA,1,2015-01-01,2026-07-19,0.0,1
JWEL,1,2015-01-01,2026-07-19,0.0,1
JYD,1,2015-01-01,2026-07-19,-0.35153999999999996,1
TIGO,1,2015-01-01,2026-07-19,0.4098,2
THRY,1,2015-01-01,2026-07-19,0.0,1
THRM,1,2015-01-01,2026-07-19,0.6606000000000001,1
THH,1,2015-01-01,2026-07-19,0.0,1
CSAI,1,2015-01-01,2026-07-19,0.44399999999999995,1
THCH,1,2015-01-01,2026-07-19,0.0,1
KARO,1,2015-01-01,2026-07-19,0.0,1
KEQU,1,2015-01-01,2026-07-19,-0.17759999999999998,1
KLIC,1,2015-01-01,2026-07-19,0.0,2
CRMT,1,2015-01-01,2026-07-19,0.0,1
TELA,1,2015-01-01,2026-07-19,0.0,1
TECX,1,2015-01-01,2026-07-19,0.0,2
ANGH,1,2015-01-01,2026-07-19,0.0,1
KNSA,1,2015-01-01,2026-07-19,0.0,1
TDOG,1,2015-01-01,2026-07-19,0.0,1
KRNT,1,2015-01-01,2026-07-19,0.73065,1
KROS,1,2015-01-01,2026-07-19,0.30345,1
TCRT,1,2015-01-01,2026-07-19,0.0,1
KRRO,1,2015-01-01,2026-07-19,0.0,1
KSPI,1,2015-01-01,2026-07-19,0.0,1
TC,1,2015-01-01,2026-07-19,0.0,1
COLB,1,2015-01-01,2026-07-19,1.0894499999999998,1
LMAT,1,2015-01-01,2026-07-19,0.0,1
LMNR,1,2015-01-01,2026-07-19,1.0261500000000001,1
LONA,1,2015-01-01,2026-07-19,0.0,1
ASPC,1,2015-01-01,2026-07-19,0.0,2
MLTX,1,2015-01-01,2026-07-19,1.257,2
SLXN,1,2015-01-01,2026-07-19,0.0,1
MLYS,1,2015-01-01,2026-07-19,0.0,1
MMLP,1,2015-01-01,2026-07-19,0.0,1
MNDR,1,2015-01-01,2026-07-19,0.26685000000000003,1
CIVB,1,2015-01-01,2026-07-19,-0.18204,1
SLMT,1,2015-01-01,2026-07-19,0.0,1
SLGL,1,2015-01-01,2026-07-19,0.8788499999999999,1
MNTK,1,2015-01-01,2026-07-19,0.0,1
CHSN,1,2015-01-01,2026-07-19,-0.18444,2
CHRN,1,2015-01-01,2026-07-19,0.44399999999999995,1
MRTN,1,2015-01-01,2026-07-19,1.42275,1
MSAI,1,2015-01-01,2026-07-19,0.0,1
ASTE,1,2015-01-01,2026-07-19,0.0,1
MSEX,1,2015-01-01,2026-07-19,0.0,1
CHNR,1,2015-01-01,2026-07-19,0.5418000000000001,1
MSGY,1,2015-01-01,2026-07-19,0.0,1
SIFY,1,2015-01-01,2026-07-19,0.0,1
MTVA,1,2015-01-01,2026-07-19,0.6606000000000001,1
ATAT,1,2015-01-01,2026-07-19,0.0,1
CEVA,1,2015-01-01,2026-07-19,1.1107500000000001,1
NATR,1,2015-01-01,2026-07-19,0.0,1
ATLC,1,2015-01-01,2026-07-19,0.0,1
SHC,1,2015-01-01,2026-07-19,0.71505,1
MLKN,1,2015-01-01,2026-07-19,0.0258,1
MLEC,1,2015-01-01,2026-07-19,0.0,1
MIMI,1,2015-01-01,2026-07-19,0.0,1
SOWG,1,2015-01-01,2026-07-19,1.1118,1
CNXC,1,2015-01-01,2026-07-19,0.0,1
LSTA,1,2015-01-01,2026-07-19,-0.39581999999999995,3
LSTR,1,2015-01-01,2026-07-19,0.44399999999999995,1
CMRC,1,2015-01-01,2026-07-19,0.0,1
SPSC,1,2015-01-01,2026-07-19,0.0,1
LVLU,1,2015-01-01,2026-07-19,0.0,2
LWAY,1,2015-01-01,2026-07-19,0.9186000000000001,1
CMMB,1,2015-01-01,2026-07-19,0.0,1
CMCT,1,2015-01-01,2026-07-19,0.0,1
MAYS,1,2015-01-01,2026-07-19,0.6028500000000001,1
CLNN,1,2015-01-01,2026-07-19,0.0,1
ARGX,1,2015-01-01,2026-07-19,0.0,1
MGRC,1,2015-01-01,2026-07-19,0.44399999999999995,1
MBIN,1,2015-01-01,2026-07-19,0.0,1
SOHU,1,2015-01-01,2026-07-19,0.28337647058823523,2
MBNKO,1,2015-01-01,2026-07-19,0.0,1
MBX,1,2015-01-01,2026-07-19,0.0,1
CLGN,1,2015-01-01,2026-07-19,-0.16391999999999998,1
MDLN,1,2015-01-01,2026-07-19,0.0,1
CLFD,1,2015-01-01,2026-07-19,0.0,1
SNEX,1,2015-01-01,2026-07-19,0.0,1
ASBP,1,2015-01-01,2026-07-19,0.0,2
MEDP,1,2015-01-01,2026-07-19,0.0,1
MEOH,1,2015-01-01,2026-07-19,0.0,1
ZVRA,1,2015-01-01,2026-07-19,0.0,1
