ticker,signal,horizon,corr,pval,n,significant
FRSH,adaptive_sentiment,21,-0.5343,0.0,245,True
VOR,roll_21d,2,-0.5033,0.0,237,True
GFS,adaptive_sentiment,3,0.4161,0.0,261,True
ACT,roll_21d,5,-0.4059,0.0,336,True
IMA,roll_21d,2,0.3852,0.0,211,True
DNUT,roll_21d,3,0.3832,0.0,312,True
AMCI,adaptive_sentiment,10,0.3694,0.0,267,True
DCTH,roll_21d,2,0.3667,0.0,302,True
ESTA,adaptive_sentiment,2,-0.3519,0.0,387,True
PHAT,roll_21d,7,0.3167,0.0,200,True
TEM,adaptive_sentiment,3,0.2934,0.0,317,True
IVF,adaptive_sentiment,10,0.2841,0.0,417,True
YYGH,roll_7d,7,-0.2821,0.0,222,True
EXE,roll_5d,21,-0.2672,0.0,309,True
BNTX,roll_7d,7,0.2657,0.0,242,True
BON,adaptive_sentiment,7,-0.2637,0.0001,209,True
GHRS,roll_21d,7,0.2579,0.0,394,True
BRRR,adaptive_sentiment,10,0.2572,0.0,404,True
MLEC,volume_surge,2,0.2571,0.0,4192,True
SFIX,roll_7d,10,-0.2523,0.0001,235,True
TCMD,roll_21d,3,-0.2501,0.0,517,True
AVX,roll_5d,2,-0.2484,0.0,269,True
INDB,roll_5d,7,0.248,0.0,369,True
CTRM,roll_21d,5,-0.247,0.0004,200,True
PENG,roll_3d,10,0.2372,0.0003,227,True
ILMN,roll_7d,1,0.2369,0.0002,244,True
GTM,adaptive_sentiment,2,-0.2366,0.0,304,True
SSTI,adaptive_sentiment,7,-0.2346,0.0008,200,True
SFM,adaptive_sentiment,2,-0.2341,0.0005,221,True
TSEM,adaptive_sentiment,21,0.2341,0.0002,249,True
SENS,roll_21d,10,-0.2322,0.0,330,True
SNDK,roll_5d,21,-0.2307,0.0002,249,True
SNPS,adaptive_sentiment,10,-0.2307,0.0002,261,True
TTWO,roll_3d,3,0.2294,0.0002,256,True
AVO,roll_21d,2,-0.2294,0.0002,255,True
MNDY,roll_21d,10,0.2279,0.0006,224,True
BMBL,roll_7d,21,0.2244,0.0001,289,True
PETS,roll_3d,7,-0.2224,0.0001,291,True
XAIR,adaptive_sentiment,2,-0.2223,0.0,335,True
SHOP,roll_21d,2,0.2211,0.0,4076,True
SAIL,roll_21d,2,0.2205,0.0,1281,True
HON,roll_5d,10,-0.2202,0.0005,243,True
ISPC,adaptive_sentiment,7,-0.2175,0.0019,201,True
WYNN,roll_5d,1,0.2173,0.0013,215,True
NRC,roll_21d,2,0.2168,0.0005,252,True
INTZ,roll_5d,21,0.2167,0.001,227,True
CDNS,roll_7d,1,0.2164,0.0016,209,True
CRUS,roll_21d,2,-0.2155,0.002,203,True
RVSN,roll_7d,10,0.2145,0.0009,238,True
ASO,roll_21d,10,0.2137,0.0,419,True
IONS,roll_7d,3,-0.2135,0.0015,219,True
UCAR,roll_21d,2,0.2132,0.0,819,True
LRCX,roll_5d,7,-0.2123,0.0003,291,True
SEDG,roll_7d,10,-0.2112,0.0006,263,True
TBCH,adaptive_sentiment,2,0.2108,0.0019,214,True
ENPH,roll_5d,21,-0.2098,0.0003,299,True
MRVL,roll_5d,5,-0.2094,0.0015,227,True
HSDT,roll_3d,1,0.209,0.0012,236,True
USCB,adaptive_sentiment,2,-0.2089,0.0024,209,True
XXII,roll_5d,5,0.2074,0.0006,267,True
STRC,volume_surge,3,-0.207,0.0,4191,True
ZG,roll_3d,21,-0.2068,0.0006,270,True
NOW,roll_7d,7,0.205,0.0019,227,True
GRVY,norm_sentiment,1,-0.205,0.0006,276,True
ADBE,sent_momentum,5,0.2049,0.0001,371,True
PCB,roll_3d,3,-0.2031,0.0011,256,True
ASPC,volume_surge,10,0.2023,0.0,4193,True
ARWR,adaptive_sentiment,3,0.2003,0.0023,229,True
RAIL,norm_sentiment,7,0.2002,0.0023,229,True
HUT,roll_5d,2,0.1999,0.0022,232,True
VERX,roll_21d,7,0.1995,0.0,679,True
DFNS,adaptive_sentiment,2,0.1992,0.0004,314,True
PLCE,adaptive_sentiment,7,-0.1988,0.0039,209,True
DXCM,adaptive_sentiment,21,-0.1984,0.0005,302,True
LITE,roll_3d,5,-0.1982,0.0,574,True
SLAB,adaptive_sentiment,3,0.1971,0.0003,336,True
MBIO,volume_surge,3,0.1969,0.0,4191,True
TSCO,adaptive_sentiment,21,0.1964,0.0036,218,True
CRWV,adaptive_sentiment,2,0.1954,0.0013,267,True
JD,roll_5d,21,-0.1923,0.0035,229,True
CAKE,roll_3d,3,0.1898,0.0006,327,True
WLDS,roll_7d,3,0.1894,0.0039,230,True
DOO,adaptive_sentiment,2,-0.189,0.0061,209,True
LTBR,roll_21d,10,-0.1882,0.0062,210,True
NTNX,roll_5d,21,-0.1867,0.0041,235,True
ASTS,roll_3d,21,-0.1864,0.0075,205,True
EH,roll_21d,3,-0.1863,0.0002,390,True
CYPH,roll_21d,5,-0.1851,0.0005,353,True
VSTM,adaptive_sentiment,7,-0.1811,0.0087,209,True
SONO,roll_3d,10,0.1806,0.002,291,True
SHEN,adaptive_sentiment,7,0.1803,0.006,231,True
STNE,roll_21d,1,-0.1795,0.003,271,True
APM,roll_21d,3,0.1788,0.0001,483,True
AFRM,roll_5d,2,0.1778,0.0056,241,True
WPM,adaptive_sentiment,10,-0.1767,0.0105,209,True
SLS,roll_5d,7,0.1766,0.0054,247,True
JAZZ,roll_5d,5,-0.1761,0.0007,369,True
FISI,roll_5d,1,0.1759,0.0086,222,True
SNES,roll_7d,10,-0.1757,0.0012,339,True
RGEN,adaptive_sentiment,7,0.1756,0.007,235,True
BIIB,roll_7d,10,0.1743,0.0059,248,True
STRT,roll_21d,21,-0.1735,0.001,358,True
TPG,adaptive_sentiment,3,-0.1732,0.0088,228,True
NWPX,roll_21d,21,-0.173,0.0121,210,True
GLIBK,volume_surge,3,-0.1723,0.0,4191,True
WB,adaptive_sentiment,7,0.1723,0.0001,497,True
URBN,adaptive_sentiment,1,-0.1721,0.0059,255,True
XBIO,volume_surge,2,0.172,0.0,4192,True
RIVN,roll_5d,1,0.1715,0.0149,201,True
CSCO,sent_momentum,21,-0.1712,0.0076,242,True
GDC,roll_21d,10,0.1711,0.0004,419,True
BMY,adaptive_sentiment,3,-0.1711,0.0133,209,True
MDLZ,adaptive_sentiment,5,-0.1709,0.0036,289,True
AMBA,roll_7d,7,-0.1699,0.0034,296,True
DOCU,roll_5d,21,0.1692,0.0009,379,True
MRK,roll_7d,10,-0.1689,0.0106,228,True
CRSP,roll_5d,10,0.168,0.0057,270,True
LUNG,roll_21d,3,-0.1673,0.0,1469,True
HYMC,volume_surge,1,0.1662,0.0,3027,True
SILO,roll_21d,3,0.1655,0.0016,362,True
PHUN,adaptive_sentiment,10,-0.1651,0.0156,214,True
SBGI,roll_7d,3,-0.1637,0.0044,301,True
MAT,roll_7d,2,0.1637,0.0196,203,True
LGHL,roll_5d,1,0.1635,0.0086,257,True
INTJ,sent_momentum,3,0.1633,0.0003,476,True
DPZ,roll_7d,2,-0.1632,0.0172,213,True
CG,roll_21d,5,-0.163,0.0181,210,True
NWL,roll_21d,7,-0.1629,0.0015,379,True
MAR,roll_3d,1,0.1627,0.0019,363,True
MARA,roll_5d,5,-0.1622,0.0105,248,True
VALN,volume_surge,7,-0.162,0.0,4184,True
YB,volume_surge,7,0.161,0.0,4184,True
DUOL,roll_3d,7,-0.1609,0.0037,324,True
DOX,roll_21d,5,0.1603,0.0007,441,True
AAL,roll_5d,2,0.1595,0.0002,546,True
LINE,roll_7d,7,-0.1584,0.024,203,True
AIIO,roll_7d,21,0.158,0.0177,225,True
LPSN,adaptive_sentiment,7,0.1578,0.0218,211,True
ICHR,roll_21d,21,0.1575,0.0259,200,True
MPAA,roll_21d,21,-0.1575,0.0121,253,True
LLY,roll_7d,5,0.1564,0.012,257,True
RAND,roll_3d,5,0.1563,0.0067,300,True
PTC,adaptive_sentiment,2,-0.1558,0.0131,253,True
RIGL,adaptive_sentiment,7,0.1557,0.0089,281,True
ANIP,adaptive_sentiment,7,0.1557,0.0014,421,True
SCYX,adaptive_sentiment,21,-0.1546,0.0215,221,True
KHC,roll_5d,3,-0.1544,0.007,304,True
CSIQ,roll_5d,3,-0.1543,0.0211,223,True
SPT,roll_21d,5,-0.154,0.0191,231,True
EBAY,sent_momentum,21,0.1536,0.026,210,True
RYAAY,roll_7d,5,-0.1532,0.0201,230,True
ULTA,roll_7d,5,0.1527,0.0071,309,True
PPC,roll_5d,7,-0.1524,0.0258,214,True
PEP,roll_3d,21,0.152,0.0021,408,True
XFOR,norm_sentiment,7,-0.152,0.0202,233,True
CRSR,roll_21d,21,-0.1516,0.0058,330,True
USAR,roll_21d,1,-0.1508,0.0277,213,True
GIBO,volume_surge,5,0.1507,0.0,4186,True
SUNE,roll_5d,3,-0.1504,0.0169,252,True
MBLY,roll_5d,3,0.1503,0.0258,220,True
MRNA,sent_momentum,5,-0.1502,0.0171,252,True
BILI,adaptive_sentiment,7,-0.1492,0.0116,286,True
BSY,roll_21d,3,0.1491,0.0032,390,True
MOBX,roll_21d,7,-0.1486,0.0021,426,True
SPCX,adaptive_sentiment,2,0.1486,0.0,907,True
PAA,roll_21d,21,0.1482,0.0348,203,True
FSLY,roll_3d,21,0.1478,0.0263,226,True
INSG,roll_21d,1,-0.1474,0.0327,210,True
BAND,sent_momentum,3,-0.1472,0.0161,267,True
FRGT,roll_3d,7,-0.147,0.0151,273,True
HOOD,sent_momentum,7,-0.1467,0.0312,216,True
JYNT,norm_sentiment,2,-0.1465,0.0314,216,True
DJT,adaptive_sentiment,21,0.1464,0.0003,606,True
BRTX,volume_surge,5,0.1463,0.0,4193,True
MSTR,adaptive_sentiment,3,-0.1461,0.0001,731,True
EXPO,roll_3d,5,-0.1459,0.0235,241,True
NXT,adaptive_sentiment,5,0.1459,0.0008,527,True
SDST,volume_surge,7,0.1451,0.0,4184,True
BIRD,roll_5d,5,-0.1448,0.0,1556,True
CERT,roll_7d,10,0.1443,0.0019,461,True
SSYS,adaptive_sentiment,10,0.1437,0.0236,248,True
WBD,roll_5d,21,0.1434,0.0125,303,True
SHOE,roll_5d,2,-0.1434,0.0125,303,True
ADSK,roll_7d,1,-0.143,0.0046,392,True
IMSR,volume_surge,3,0.1429,0.0,4191,True
DUO,roll_3d,7,-0.1428,0.0174,277,True
PONY,adaptive_sentiment,2,0.142,0.0,1173,True
FTNT,adaptive_sentiment,1,0.1418,0.0027,447,True
RCON,adaptive_sentiment,5,0.1418,0.0124,310,True
QCOM,sent_momentum,21,0.1417,0.0082,347,True
HALO,roll_3d,1,-0.1415,0.0308,233,True
KELYA,roll_5d,2,-0.1402,0.0162,294,True
AKAM,roll_7d,10,0.14,0.0239,260,True
BLLN,volume_surge,5,-0.1398,0.0,4193,True
STRL,roll_21d,3,-0.1392,0.0428,212,True
GRRR,roll_7d,1,0.1391,0.0184,287,True
AMRN,volume_surge,10,0.1391,0.0,4189,True
NVAX,roll_7d,5,0.1388,0.001,558,True
KTOS,adaptive_sentiment,3,-0.1384,0.0127,324,True
ACXP,volume_surge,1,0.1383,0.0,1836,True
EXC,adaptive_sentiment,2,-0.1382,0.0299,247,True
NAKA,roll_21d,2,-0.1378,0.0,1051,True
DASH,adaptive_sentiment,3,-0.1372,0.0,2807,True
NBIS,adaptive_sentiment,2,0.1367,0.0269,262,True
EQIX,adaptive_sentiment,10,-0.1362,0.0287,258,True
WATT,roll_5d,5,0.1361,0.0176,304,True
PTCT,roll_21d,21,-0.1359,0.0377,234,True
INTU,roll_7d,10,-0.1357,0.0056,416,True
ROP,adaptive_sentiment,1,-0.1354,0.0506,209,False
REG,roll_5d,5,-0.1354,0.0278,264,True
SWKS,roll_7d,3,-0.1354,0.0518,207,False
OMER,roll_21d,10,-0.1353,0.0315,253,True
NDLS,roll_21d,3,-0.1352,0.006,411,True
FBLG,volume_surge,21,-0.1351,0.0,4164,True
DARE,roll_5d,5,0.1345,0.0148,328,True
CME,adaptive_sentiment,10,-0.1343,0.0008,615,True
CHEF,roll_3d,1,0.134,0.0211,296,True
AVGO,roll_5d,7,0.1339,0.0002,753,True
AXON,roll_3d,7,-0.1339,0.0382,240,True
ROCK,roll_3d,7,-0.1336,0.0,1004,True
SNY,roll_21d,21,-0.1331,0.0131,347,True
DLTR,roll_7d,10,-0.1329,0.0303,266,True
RENT,sent_momentum,1,0.1328,0.0602,201,False
FCEL,roll_7d,3,-0.1328,0.0457,227,True
AAOI,roll_21d,21,-0.1325,0.0186,315,True
LI,adaptive_sentiment,7,-0.1324,0.0211,303,True
VRTX,roll_21d,7,0.1317,0.008,404,True
BLNK,adaptive_sentiment,10,0.1317,0.0069,420,True
CASS,roll_7d,10,-0.1317,0.0334,261,True
HELP,roll_21d,5,-0.1311,0.0237,298,True
LAKE,sent_momentum,10,-0.1311,0.0172,330,True
OKTA,roll_21d,21,-0.1309,0.0,2873,True
OUST,roll_7d,5,-0.1306,0.0253,293,True
FORTY,roll_7d,1,-0.1305,0.0471,232,True
TNXP,adaptive_sentiment,7,-0.1303,0.0113,377,True
SBUX,sent_momentum,2,-0.1303,0.0308,275,True
KMB,roll_21d,21,0.1301,0.058,213,False
LULU,roll_3d,21,-0.13,0.0369,258,True
MELI,roll_7d,3,0.1299,0.0463,236,True
DAIC,volume_surge,1,-0.1296,0.0129,367,True
TXMD,norm_sentiment,10,-0.1295,0.0622,208,False
ACMR,roll_3d,3,-0.1293,0.0151,353,True
TWIN,roll_3d,21,0.1291,0.0129,370,True
CETX,adaptive_sentiment,3,0.1284,0.0311,282,True
NVO,roll_5d,2,-0.128,0.0019,585,True
RELY,roll_5d,7,0.1278,0.0013,631,True
FISV,roll_21d,10,-0.1275,0.0524,232,False
KSCP,adaptive_sentiment,10,0.1274,0.036,271,True
CROX,roll_7d,2,0.1273,0.0649,211,False
TMUS,roll_7d,21,-0.1272,0.04,261,True
MCHP,roll_21d,10,0.1272,0.0658,210,False
LOGI,adaptive_sentiment,5,0.1272,0.0064,458,True
KDP,roll_21d,7,-0.1269,0.0552,229,False
IPST,roll_7d,5,0.1265,0.0,1097,True
WOK,roll_21d,7,-0.1257,0.0333,287,True
TGTX,roll_21d,1,0.1254,0.0154,373,True
RUBI,volume_surge,1,0.1253,0.0241,324,True
CYN,volume_surge,5,0.1252,0.0,4186,True
OFSSH,roll_21d,2,0.1252,0.0,2483,True
OLLI,roll_21d,21,-0.1245,0.0747,206,False
PLTR,roll_21d,5,-0.1244,0.0,3676,True
ALGN,roll_3d,3,0.1244,0.0579,233,False
KITT,volume_surge,5,0.1244,0.0,4186,True
DSGX,adaptive_sentiment,21,-0.1242,0.0371,282,True
INGN,volume_surge,1,-0.1239,0.0,4193,True
JAGX,adaptive_sentiment,1,0.1237,0.0065,483,True
NTES,adaptive_sentiment,10,-0.1235,0.0336,296,True
UPWK,roll_5d,21,0.1233,0.0093,444,True
FEED,sent_momentum,3,-0.123,0.0064,490,True
ZBIO,volume_surge,5,0.1228,0.0,4186,True
ARKR,adaptive_sentiment,1,-0.1228,0.0113,424,True
CHYM,adaptive_sentiment,3,-0.1227,0.0316,307,True
CRBP,roll_21d,3,0.1227,0.0032,576,True
PDD,adaptive_sentiment,10,0.1226,0.0233,342,True
CLDX,roll_21d,1,0.1221,0.085,200,False
FOX,roll_3d,21,-0.122,0.0015,672,True
EVAX,volume_surge,1,-0.122,0.0,1966,True
PARK,volume_surge,1,0.1218,0.0827,204,False
ETOR,roll_21d,2,0.1215,0.0,1830,True
FGL,roll_21d,10,0.1215,0.0,4175,True
BOLT,roll_5d,7,0.1214,0.0032,586,True
WKHS,roll_7d,21,-0.1214,0.0117,430,True
VS,sent_momentum,21,0.121,0.0409,286,True
FWRD,roll_21d,5,-0.1203,0.0104,453,True
GRPN,roll_5d,3,-0.1198,0.0463,277,True
RIME,adaptive_sentiment,10,-0.1194,0.0913,201,False
ROKU,roll_21d,2,0.1193,0.0,2544,True
HTO,roll_7d,7,-0.1191,0.0166,404,True
TNDM,adaptive_sentiment,10,0.1191,0.0476,277,True
BANR,roll_3d,3,0.1189,0.043,290,True
GAINZ,roll_21d,2,0.1185,0.0,1722,True
PFE,sent_momentum,5,-0.1184,0.0719,232,False
IBKR,norm_sentiment,10,-0.1183,0.0464,284,True
YORW,adaptive_sentiment,21,0.1177,0.0782,225,False
WASH,sent_momentum,2,-0.1173,0.0466,288,True
CART,roll_5d,2,-0.1173,0.064,250,False
QQQ,sent_momentum,1,0.1172,0.067,245,False
SHIP,sent_momentum,5,0.1171,0.002,695,True
CHAI,adaptive_sentiment,3,0.1171,0.0898,211,False
SEAT,adaptive_sentiment,2,0.117,0.0,2292,True
DCX,roll_3d,21,0.1168,0.019,403,True
MCRB,roll_21d,2,-0.1167,0.0681,245,False
UPST,roll_3d,2,-0.1163,0.0785,230,False
ALOT,roll_5d,2,-0.1163,0.0601,262,False
ANDE,roll_7d,21,-0.1162,0.0892,215,False
TXN,roll_7d,10,0.1162,0.0346,331,True
SATA,roll_7d,10,-0.1161,0.0455,297,True
AGNCN,norm_sentiment,21,-0.1156,0.0244,379,True
TEAM,roll_3d,5,0.115,0.015,447,True
BIDU,roll_5d,10,-0.115,0.0019,729,True
ACLS,roll_21d,21,0.1148,0.0946,213,False
TONX,roll_3d,3,-0.1147,0.0222,397,True
VIVO,roll_5d,7,0.1139,0.026,382,True
ROST,roll_21d,1,-0.1137,0.0462,308,True
FROG,roll_7d,10,0.1132,0.0239,398,True
LPCN,roll_21d,21,-0.113,0.0734,252,False
IBIT,adaptive_sentiment,3,0.113,0.0819,238,False
BKR,adaptive_sentiment,1,-0.1126,0.0618,276,False
HWKN,adaptive_sentiment,1,-0.1122,0.0608,280,False
CZR,adaptive_sentiment,2,0.1121,0.0201,430,True
SOFI,roll_3d,7,-0.112,0.0183,444,True
FANG,roll_5d,3,-0.1119,0.0479,313,True
PZZA,adaptive_sentiment,3,0.1117,0.0199,434,True
WEN,roll_3d,3,-0.1116,0.0454,322,True
ICON,norm_sentiment,2,0.1114,0.0505,309,False
BEAM,roll_3d,1,-0.1113,0.0711,264,False
DORM,adaptive_sentiment,7,-0.1113,0.0152,475,True
ZBRA,adaptive_sentiment,7,-0.1108,0.0177,458,True
CSTL,volume_surge,1,0.1108,0.0,2527,True
SBFG,sent_momentum,7,-0.1108,0.0936,230,False
GLRE,roll_7d,2,0.1106,0.0722,265,False
PBYI,roll_21d,7,0.1106,0.117,202,False
GILD,roll_3d,3,-0.1104,0.0569,298,False
MTCH,sent_momentum,7,-0.1097,0.0235,426,True
REVB,volume_surge,2,0.1097,0.0,4192,True
JNJ,roll_21d,21,-0.109,0.0111,542,True
CBFV,roll_21d,7,0.1089,0.0726,273,False
MNST,adaptive_sentiment,1,0.1084,0.0492,330,True
FIGR,roll_21d,3,0.1081,0.0,3589,True
PERI,roll_21d,2,0.108,0.0956,239,False
NTGR,roll_3d,1,-0.1076,0.0723,280,False
BNGO,adaptive_sentiment,1,0.1073,0.0783,270,False
SYNA,adaptive_sentiment,2,-0.1072,0.0536,325,False
AVAV,adaptive_sentiment,21,0.1072,0.0894,252,False
FRMM,roll_7d,21,-0.1067,0.0345,393,True
UAL,roll_3d,5,-0.1062,0.0469,351,True
TRUG,volume_surge,1,-0.1061,0.0,1666,True
TRI,roll_21d,7,-0.1061,0.0171,504,True
NTAP,roll_21d,1,-0.106,0.0287,426,True
MORN,roll_5d,2,0.106,0.0123,557,True
IRON,roll_5d,1,-0.1056,0.0071,648,True
EXEL,roll_21d,10,-0.1052,0.0708,296,False
NTLA,adaptive_sentiment,7,-0.1052,0.0936,255,False
FSLR,roll_3d,1,0.1051,0.1016,244,False
GTLB,sent_momentum,10,0.105,0.0743,290,False
NDRA,volume_surge,2,0.105,0.0,4192,True
DFLI,volume_surge,1,0.1048,0.0,1766,True
FLNT,roll_5d,5,0.1046,0.0633,316,False
SHPH,volume_surge,1,-0.1046,0.0001,1394,True
DAVE,adaptive_sentiment,10,-0.1043,0.0,1964,True
RCKY,volume_surge,21,0.1039,0.0,4164,True
MWH,adaptive_sentiment,7,0.1037,0.0529,349,False
FWONA,adaptive_sentiment,10,0.1036,0.0622,325,False
SRPT,roll_21d,10,-0.1035,0.0319,430,True
APP,adaptive_sentiment,10,-0.103,0.0318,435,True
COKE,roll_3d,7,-0.1028,0.0912,271,False
MDB,roll_5d,2,-0.1026,0.0,2552,True
MTLS,adaptive_sentiment,3,-0.1024,0.1222,229,False
CGC,roll_3d,7,0.1024,0.0376,413,True
RARE,sent_momentum,7,-0.1021,0.0082,669,True
DBX,sent_momentum,2,-0.102,0.0834,289,False
VALU,adaptive_sentiment,2,0.1015,0.0511,370,False
GCT,adaptive_sentiment,3,-0.1012,0.1157,243,False
NEGG,roll_21d,21,-0.1012,0.0578,352,False
LBTYA,roll_3d,5,0.101,0.0521,370,False
EDIT,norm_sentiment,3,0.1009,0.0821,298,False
QNTM,volume_surge,1,0.1007,0.0,2939,True
BYND,roll_3d,2,0.1005,0.0459,395,True
HCSG,norm_sentiment,7,-0.0996,0.0132,619,True
OTEX,adaptive_sentiment,21,-0.0996,0.1135,254,False
ZJYL,roll_5d,10,-0.0996,0.1231,241,False
FLYE,volume_surge,10,-0.0993,0.0,4179,True
WDC,roll_3d,7,-0.0992,0.0813,310,False
ACB,roll_3d,3,-0.0989,0.0761,323,False
VRRM,volume_surge,1,-0.0988,0.0,3380,True
ICLR,roll_21d,3,-0.0987,0.1298,237,False
EZRA,roll_3d,1,0.0987,0.1454,219,False
BOT,roll_21d,2,-0.0976,0.0,4152,True
PLRZ,volume_surge,7,-0.0975,0.0,4184,True
MU,norm_sentiment,10,-0.0975,0.124,250,False
TENX,adaptive_sentiment,3,0.0968,0.1562,216,False
STEP,sent_momentum,5,0.0968,0.0006,1242,True
CRWD,roll_21d,10,-0.0962,0.0,3678,True
CLSK,adaptive_sentiment,7,-0.096,0.0801,333,False
UXIN,adaptive_sentiment,21,0.0959,0.1562,220,False
RICK,roll_3d,2,0.0956,0.1227,262,False
ARBK,volume_surge,3,0.0953,0.0,4203,True
CNXN,roll_21d,10,0.0952,0.0572,400,False
APA,adaptive_sentiment,3,-0.095,0.0877,324,False
TBBK,adaptive_sentiment,21,0.0942,0.0852,335,False
NBIX,volume_surge,7,0.0938,0.0,4184,True
ADP,roll_7d,21,-0.0938,0.0742,363,False
MASK,norm_sentiment,5,-0.0932,0.1536,236,False
CSX,roll_21d,7,-0.0932,0.1752,213,False
PANW,roll_5d,5,0.0931,0.0,2006,True
TRIP,roll_7d,3,0.093,0.15,241,False
NSPR,norm_sentiment,7,-0.0928,0.0149,688,True
ABNB,norm_sentiment,10,-0.0927,0.0185,646,True
DKNG,roll_3d,3,-0.0924,0.1045,310,False
SBAC,adaptive_sentiment,10,-0.0918,0.0926,337,False
LOCO,roll_21d,7,0.0916,0.1303,274,False
INCY,sent_momentum,1,-0.0914,0.0122,751,True
SIRI,norm_sentiment,7,0.0913,0.1126,303,False
ABBV,adaptive_sentiment,10,-0.091,0.0417,501,True
OLED,roll_5d,10,0.0906,0.0151,718,True
EDRY,volume_surge,1,0.0905,0.0,2946,True
CETY,norm_sentiment,21,0.0905,0.1527,251,False
DJCO,adaptive_sentiment,21,-0.0903,0.0651,418,False
FLY,norm_sentiment,2,-0.0902,0.0342,551,True
STRD,volume_surge,1,0.0901,0.0779,384,False
EML,roll_3d,2,0.09,0.0743,394,False
EXPE,roll_5d,5,-0.0895,0.1828,223,False
CCTG,volume_surge,3,0.0895,0.0,4191,True
TLRY,roll_3d,3,0.0893,0.1519,259,False
DDOG,sent_momentum,21,0.0893,0.0015,1267,True
LIN,adaptive_sentiment,2,-0.0893,0.1017,337,False
STX,roll_5d,21,-0.0892,0.0672,422,False
TRNR,volume_surge,2,0.0891,0.0,4192,True
JSPR,volume_surge,2,-0.0891,0.0,4192,True
GOGO,roll_21d,3,-0.0888,0.0822,384,False
BIVI,volume_surge,7,-0.0881,0.0,4192,True
ARRY,norm_sentiment,3,0.088,0.1369,287,False
KIDZ,volume_surge,1,0.0877,0.0648,444,False
FOSL,norm_sentiment,7,-0.0876,0.0985,357,False
ON,roll_5d,21,0.0875,0.0327,596,True
FLNC,volume_surge,3,-0.0872,0.0,4191,True
LEE,norm_sentiment,5,0.0871,0.1698,250,False
GLIBA,volume_surge,10,0.0871,0.0,4179,True
TGL,adaptive_sentiment,2,-0.0867,0.0001,1957,True
MNTS,volume_surge,5,0.0866,0.0,4186,True
SEED,norm_sentiment,7,-0.0865,0.1033,356,False
LIF,adaptive_sentiment,3,-0.0864,0.1928,229,False
RAY,sent_momentum,2,0.0863,0.0331,610,True
WCT,volume_surge,1,0.0862,0.0305,631,True
HRTX,roll_21d,1,-0.0862,0.1022,361,False
CMCSA,roll_3d,21,-0.0862,0.031,626,True
LYFT,norm_sentiment,3,0.0861,0.0581,485,False
TER,adaptive_sentiment,5,0.0858,0.0621,473,False
CENT,roll_5d,21,-0.0856,0.0309,636,True
AMPL,adaptive_sentiment,21,0.0855,0.061,481,False
MRCY,roll_21d,7,0.0854,0.0004,1696,True
SOGP,sent_momentum,10,-0.0852,0.0134,842,True
HOLO,adaptive_sentiment,10,-0.085,0.1188,338,False
VRM,roll_21d,2,-0.085,0.0843,413,False
WDAY,roll_5d,10,0.085,0.141,301,False
WING,norm_sentiment,10,0.0848,0.1734,259,False
CAPS,norm_sentiment,1,-0.0845,0.1909,241,False
AMAT,roll_7d,7,-0.0843,0.091,403,False
HTHT,adaptive_sentiment,7,-0.0841,0.0955,394,False
ATOS,adaptive_sentiment,1,-0.0838,0.0535,531,False
PSNY,roll_21d,7,0.0837,0.128,332,False
ADV,norm_sentiment,1,-0.0837,0.1046,377,False
EA,roll_7d,21,0.0828,0.1797,264,False
BTDR,volume_surge,3,-0.0827,0.0,4198,True
PDFS,roll_5d,7,0.0825,0.0236,753,True
BZUN,adaptive_sentiment,7,-0.0823,0.1062,387,False
SDGR,roll_21d,5,0.0821,0.1693,282,False
HAS,adaptive_sentiment,3,-0.0817,0.0989,409,False
CBRL,volume_surge,7,-0.0816,0.0,4184,True
VERA,adaptive_sentiment,3,-0.0814,0.0629,523,False
AMGN,adaptive_sentiment,1,-0.0813,0.095,423,False
EGBN,volume_surge,1,0.0811,0.0,4193,True
ASML,roll_5d,2,0.081,0.0526,573,False
BYFC,volume_surge,1,0.0805,0.0,4201,True
EJH,volume_surge,1,-0.0805,0.0005,1868,True
LCID,roll_5d,5,-0.0798,0.0444,635,True
XHG,volume_surge,7,0.0796,0.0,4184,True
SION,volume_surge,1,0.0794,0.0754,503,False
OVLY,volume_surge,10,0.079,0.0,4179,True
CBRS,roll_7d,21,0.0789,0.2013,264,False
GVH,volume_surge,10,-0.0788,0.0,4179,True
LITS,adaptive_sentiment,7,0.0788,0.1706,304,False
COCO,roll_21d,21,-0.0787,0.1807,291,False
PM,roll_7d,21,-0.0785,0.0695,536,False
PTN,roll_21d,7,-0.0784,0.0756,515,False
TIL,roll_3d,1,0.0784,0.226,240,False
PRTA,volume_surge,7,0.078,0.0,4184,True
MCHPP,roll_21d,10,-0.0779,0.0014,1676,True
ACIW,adaptive_sentiment,10,0.0778,0.0821,501,False
CASY,volume_surge,1,-0.0777,0.0,4193,True
BULL,roll_7d,1,-0.0777,0.0271,809,True
PAYP,volume_surge,21,-0.0777,0.0,4164,True
DRUG,volume_surge,3,0.0775,0.0,4191,True
UFPT,volume_surge,10,-0.0775,0.0,4179,True
NXPI,roll_21d,7,-0.0773,0.1162,414,False
ARCT,volume_surge,2,0.0772,0.0,4204,True
FRSX,volume_surge,7,0.0768,0.0,4184,True
ATLCZ,volume_surge,3,0.0768,0.0,4198,True
BFC,adaptive_sentiment,3,0.0767,0.1253,401,False
EYE,sent_momentum,2,0.0766,0.0644,584,False
CUE,roll_7d,21,0.0766,0.2323,245,False
SYM,adaptive_sentiment,3,0.0766,0.1857,300,False
EQPT,volume_surge,5,-0.0765,0.0,4186,True
TTD,adaptive_sentiment,21,-0.0763,0.0187,951,True
AEC,roll_21d,5,-0.0762,0.2824,201,False
INBS,volume_surge,5,0.0762,0.0,4186,True
VHC,volume_surge,1,0.0761,0.0,4193,True
GRAL,roll_7d,3,-0.0759,0.0675,581,False
TILE,sent_momentum,1,-0.0756,0.0053,1360,True
FLYW,volume_surge,3,0.0756,0.0,4191,True
IBIO,adaptive_sentiment,10,-0.0754,0.2319,253,False
UPB,volume_surge,1,-0.0751,0.0612,622,False
RUN,adaptive_sentiment,3,-0.0749,0.1289,412,False
ATER,adaptive_sentiment,1,-0.0744,0.1789,328,False
AIRO,volume_surge,21,0.0743,0.0,4175,True
ATLO,roll_21d,5,-0.0742,0.2842,210,False
XBP,volume_surge,1,-0.074,0.0013,1877,True
SFD,volume_surge,1,0.0739,0.0947,513,False
LQDT,roll_5d,21,0.0732,0.0235,957,True
TC,volume_surge,1,0.0732,0.0001,2774,True
PAVS,volume_surge,5,0.0731,0.0,4186,True
INO,roll_7d,5,0.0728,0.2654,236,False
PRE,norm_sentiment,10,0.0724,0.0127,1184,True
ACAD,roll_21d,21,0.0722,0.21,303,False
BNKK,volume_surge,5,0.0718,0.0,4193,True
PENN,roll_3d,21,0.0716,0.2996,212,False
ADI,roll_21d,10,-0.0715,0.2074,313,False
CHTR,adaptive_sentiment,7,-0.0713,0.2937,219,False
PLSE,volume_surge,2,0.0713,0.0,4192,True
ANGI,roll_21d,3,0.0712,0.2773,235,False
WMT,sent_momentum,2,0.0709,0.1215,478,False
WIX,roll_7d,3,0.0708,0.2627,252,False
KIDS,sent_momentum,7,-0.0708,0.0036,1691,True
TRS,adaptive_sentiment,7,0.0703,0.14,442,False
COCP,volume_surge,1,-0.0702,0.0,4193,True
SEIC,adaptive_sentiment,10,0.0698,0.027,1003,True
CALM,roll_3d,21,-0.0697,0.1271,480,False
PSMT,volume_surge,1,-0.0695,0.0,4193,True
WTW,adaptive_sentiment,3,-0.0694,0.2128,324,False
XEL,volume_surge,2,-0.0694,0.0,4192,True
BPOPM,sent_momentum,21,0.0693,0.0106,1361,True
NVNI,volume_surge,1,0.0691,0.0051,1639,True
CNET,roll_21d,7,-0.069,0.1236,499,False
BHF,volume_surge,21,-0.0689,0.0,4171,True
FNKO,adaptive_sentiment,1,0.0683,0.1562,432,False
DSGR,sent_momentum,21,0.0682,0.0544,797,False
BKNG,roll_3d,21,-0.068,0.1177,530,False
CVKD,volume_surge,2,-0.0678,0.0,4192,True
FIVE,norm_sentiment,7,-0.0675,0.0235,1125,True
CAR,sent_momentum,21,0.067,0.0011,2388,True
LE,volume_surge,2,0.0669,0.0,4192,True
REPL,roll_3d,1,-0.0669,0.2131,348,False
JACK,roll_5d,2,0.0667,0.007,1632,True
TOUR,norm_sentiment,2,0.0666,0.2435,308,False
GOOGL,sent_momentum,7,-0.0665,0.004,1875,True
PYPL,roll_3d,10,-0.0664,0.0035,1937,True
FIZZ,roll_5d,10,0.0664,0.3137,232,False
HAPN,roll_21d,3,0.0663,0.0,4133,True
TMDX,volume_surge,7,0.0661,0.0,4184,True
WGS,volume_surge,10,0.0658,0.0,4179,True
GSAT,adaptive_sentiment,2,-0.0657,0.1611,456,False
INTC,sent_momentum,10,-0.0655,0.0004,2913,True
NFE,volume_surge,1,0.0654,0.0007,2702,True
DYN,roll_21d,2,-0.0651,0.302,253,False
BLNE,volume_surge,1,0.0649,0.0001,3468,True
ISRG,adaptive_sentiment,1,-0.0646,0.1722,448,False
GGR,volume_surge,21,0.0646,0.0,4164,True
XPEL,volume_surge,1,-0.0645,0.0011,2551,True
OZK,volume_surge,21,0.0644,0.0,4164,True
JYD,volume_surge,1,0.0644,0.0281,1161,True
ICU,roll_7d,10,-0.0644,0.3258,235,False
NWE,volume_surge,10,0.0642,0.0,4179,True
HHS,roll_21d,1,0.0641,0.1462,516,False
TROW,roll_21d,21,-0.0641,0.1311,557,False
CARE,sent_momentum,5,0.064,0.0187,1352,True
AQB,volume_surge,1,-0.0639,0.0002,3462,True
GBUG,volume_surge,1,0.0637,0.1589,490,False
XCUR,volume_surge,7,0.0635,0.0,4184,True
NDAQ,sent_momentum,21,-0.0635,0.0986,678,False
SMPL,volume_surge,7,-0.0633,0.0,4184,True
TW,volume_surge,1,0.0632,0.0012,2639,True
NTRA,volume_surge,1,0.063,0.0001,4012,True
LPLA,volume_surge,1,0.0622,0.0001,4193,True
LVLU,volume_surge,5,-0.0622,0.0001,4186,True
PROP,roll_3d,3,-0.0619,0.2845,301,False
CPB,roll_21d,7,0.0618,0.228,382,False
XRX,roll_5d,5,0.0617,0.1664,505,False
AMLX,volume_surge,7,0.0614,0.0001,4196,True
LMFA,volume_surge,21,-0.0613,0.0001,4164,True
ASLE,volume_surge,7,-0.0612,0.0001,4196,True
BOOM,norm_sentiment,2,-0.0612,0.1095,685,False
SABR,adaptive_sentiment,1,-0.0604,0.1885,475,False
CDIO,volume_surge,7,0.0602,0.0001,4184,True
TAYD,volume_surge,3,-0.06,0.0001,4191,True
CRDF,volume_surge,1,0.0599,0.0001,4193,True
TSM,norm_sentiment,7,0.0598,0.2109,440,False
SMBC,volume_surge,7,0.0596,0.0001,4184,True
FDMT,volume_surge,1,-0.0596,0.0074,2022,True
CRM,sent_momentum,3,-0.0595,0.0192,1549,True
AKAN,volume_surge,10,-0.0594,0.0001,4189,True
PI,volume_surge,5,0.0594,0.0001,4186,True
WSHP,volume_surge,7,0.0594,0.0001,4184,True
QMCO,roll_21d,3,-0.0593,0.3009,306,False
INTG,volume_surge,10,0.0588,0.0001,4179,True
GLXY,volume_surge,1,-0.0583,0.2413,405,False
ESLT,volume_surge,5,-0.0583,0.0002,4186,True
ATGL,sent_momentum,10,0.058,0.1876,518,False
BANX,volume_surge,2,-0.0579,0.0002,4202,True
XRAY,roll_21d,7,0.0575,0.4068,210,False
IPX,volume_surge,1,0.0575,0.0279,1465,True
LEGH,volume_surge,7,0.0575,0.0002,4184,True
KXIN,volume_surge,5,0.0573,0.0002,4186,True
WDFC,volume_surge,7,0.0572,0.0002,4184,True
FTRE,volume_surge,1,-0.057,0.0583,1105,False
PPLI,sent_momentum,7,0.0566,0.0008,3493,True
MYSZ,volume_surge,2,-0.0565,0.0003,4192,True
AMD,sent_momentum,3,-0.0564,0.0046,2530,True
PMAX,volume_surge,1,-0.0563,0.1492,658,False
AGMH,volume_surge,1,-0.0562,0.0021,3000,True
GNPX,volume_surge,1,0.0561,0.0021,3010,True
ARTL,volume_surge,3,0.056,0.0003,4203,True
FORM,roll_21d,1,0.0558,0.0003,4164,True
SSNC,volume_surge,21,-0.0557,0.0003,4164,True
PTRN,sent_momentum,10,-0.0557,0.0193,1765,True
GEN,roll_21d,7,-0.0557,0.0005,3943,True
AMZN,sent_momentum,2,-0.0555,0.0015,3277,True
GLSI,volume_surge,5,0.0554,0.0003,4186,True
NNE,volume_surge,3,0.0554,0.0003,4191,True
LMAT,volume_surge,1,-0.055,0.0004,4193,True
ODD,volume_surge,5,-0.0548,0.0004,4186,True
OCG,volume_surge,5,-0.0548,0.0004,4186,True
LKQ,volume_surge,2,0.0547,0.0004,4192,True
JDZG,volume_surge,1,-0.0547,0.1292,772,False
OSW,volume_surge,10,-0.0545,0.0004,4179,True
COIN,roll_7d,1,0.0545,0.0176,1898,True
TLN,volume_surge,1,-0.054,0.0707,1119,False
OMCL,volume_surge,1,-0.0539,0.0005,4193,True
ILPT,volume_surge,10,-0.0535,0.0005,4179,True
ECHO,norm_sentiment,21,-0.0534,0.377,276,False
SINT,volume_surge,5,-0.053,0.0006,4186,True
HUBC,volume_surge,3,-0.0527,0.0006,4191,True
NXTC,volume_surge,3,-0.0526,0.0007,4191,True
TCX,volume_surge,21,0.0526,0.0007,4164,True
ANGO,volume_surge,1,-0.0525,0.0007,4203,True
RAYA,volume_surge,21,0.0523,0.0007,4164,True
HTOO,volume_surge,1,0.0523,0.0186,2023,True
LBTYK,volume_surge,7,0.0522,0.0007,4184,True
REGN,adaptive_sentiment,10,-0.0521,0.2418,506,False
BTOG,volume_surge,3,-0.0521,0.0007,4198,True
RPD,volume_surge,1,-0.0518,0.001,3996,True
VSME,volume_surge,1,0.0515,0.1032,1002,False
JTAI,volume_surge,21,-0.0513,0.0009,4164,True
NTSK,volume_surge,2,0.0512,0.0009,4192,True
GWAV,volume_surge,1,-0.0511,0.0011,4095,True
HAIN,volume_surge,1,-0.0511,0.0009,4193,True
RNAZ,volume_surge,21,0.051,0.001,4164,True
IRD,volume_surge,1,-0.051,0.0009,4193,True
FUNC,adaptive_sentiment,2,0.0508,0.4095,266,False
QNT,volume_surge,2,-0.0508,0.001,4192,True
NUWE,volume_surge,7,0.0507,0.001,4184,True
VERU,volume_surge,1,0.0506,0.0011,4193,True
ATAT,volume_surge,1,0.0505,0.0655,1332,False
GYRO,adaptive_sentiment,21,0.0504,0.4693,208,False
ISBA,volume_surge,21,0.0503,0.0012,4164,True
PSIX,sent_momentum,1,0.0499,0.0086,2766,True
PAVM,volume_surge,21,-0.0497,0.0013,4164,True
CNSP,volume_surge,3,0.0497,0.0013,4191,True
THFF,volume_surge,7,-0.0494,0.0014,4184,True
DVLT,volume_surge,3,0.0489,0.0015,4191,True
KC,volume_surge,21,-0.0488,0.0016,4164,True
GSHD,volume_surge,21,0.0487,0.0017,4164,True
CELU,volume_surge,21,0.0487,0.0017,4164,True
QDEL,volume_surge,7,-0.0484,0.0017,4184,True
RDIB,norm_sentiment,2,-0.0483,0.0902,1232,False
GLDI,volume_surge,7,0.0482,0.0018,4184,True
MSFT,roll_5d,3,0.0481,0.0019,4168,True
HCTI,volume_surge,21,-0.0479,0.002,4164,True
CINF,volume_surge,3,-0.0479,0.0019,4191,True
VRSN,volume_surge,21,-0.0476,0.0021,4164,True
SMX,volume_surge,3,0.0475,0.0021,4191,True
INMD,volume_surge,1,-0.0475,0.0172,2513,True
APOG,volume_surge,3,0.0473,0.0022,4203,True
CVCO,volume_surge,3,0.0473,0.0022,4191,True
XOS,volume_surge,1,0.047,0.0343,2025,True
MIMI,volume_surge,10,-0.0469,0.0024,4179,True
NFLX,roll_21d,2,-0.0467,0.0025,4184,True
OXSQG,volume_surge,7,0.0466,0.0025,4185,True
CCEP,volume_surge,5,0.0465,0.0026,4186,True
NUTX,volume_surge,1,-0.0465,0.068,1543,False
ALBT,volume_surge,21,0.0465,0.0026,4175,True
CCEC,volume_surge,21,0.0463,0.0028,4164,True
ARQT,volume_surge,5,-0.0463,0.0027,4195,True
EOLS,volume_surge,3,-0.0463,0.0027,4191,True
MAZE,adaptive_sentiment,5,-0.0461,0.1025,1256,False
RETO,volume_surge,7,-0.0461,0.0029,4184,True
MSBI,volume_surge,2,-0.046,0.0029,4192,True
FNLC,volume_surge,2,0.046,0.0029,4192,True
GEOS,volume_surge,7,-0.046,0.0029,4184,True
FABC,volume_surge,1,0.0459,0.003,4193,True
KRRO,volume_surge,7,0.0456,0.0032,4184,True
ALAR,volume_surge,10,0.0455,0.0032,4189,True
BRCB,volume_surge,21,-0.0454,0.0034,4171,True
NCMI,volume_surge,2,0.0453,0.0034,4192,True
MRVI,volume_surge,1,-0.0453,0.0404,2043,True
UPBD,volume_surge,3,0.0451,0.0035,4191,True
NVCR,volume_surge,1,0.0451,0.0047,3920,True
NUVL,volume_surge,1,0.045,0.0567,1792,False
ENSC,volume_surge,3,0.045,0.0036,4191,True
IDCC,volume_surge,1,0.045,0.0035,4193,True
APLM,volume_surge,3,-0.0449,0.0036,4203,True
AXSM,volume_surge,2,-0.0448,0.0037,4202,True
FFIV,volume_surge,21,-0.0446,0.004,4164,True
WYFI,volume_surge,5,0.0446,0.0039,4186,True
CEG,volume_surge,21,0.0446,0.004,4164,True
UNIT,volume_surge,1,0.0446,0.0043,4084,True
HCWB,volume_surge,3,-0.0445,0.004,4191,True
VEON,volume_surge,10,0.0444,0.0041,4179,True
EHTH,volume_surge,10,0.0444,0.0041,4179,True
META,norm_sentiment,5,0.0444,0.0249,2546,True
EVER,norm_sentiment,10,0.0443,0.0401,2145,True
CRML,volume_surge,1,0.0443,0.0768,1599,False
SAIC,volume_surge,5,-0.0443,0.0041,4186,True
SBET,volume_surge,10,-0.0442,0.0043,4179,True
IMVT,volume_surge,1,0.0442,0.0252,2561,True
IEP,volume_surge,3,0.0442,0.0043,4191,True
POWI,volume_surge,3,-0.044,0.0044,4191,True
TIGO,volume_surge,1,0.0439,0.0219,2724,True
HTLD,volume_surge,2,0.0437,0.0047,4192,True
AVTX,volume_surge,3,0.0436,0.0047,4198,True
EEFT,volume_surge,3,-0.0433,0.005,4191,True
HBIO,volume_surge,10,0.0432,0.0052,4179,True
GMEX,volume_surge,7,-0.0431,0.0053,4184,True
CDW,volume_surge,1,-0.0431,0.0053,4193,True
BENF,volume_surge,5,-0.0431,0.0052,4193,True
NAVN,volume_surge,10,-0.043,0.0055,4179,True
ROIV,volume_surge,5,0.043,0.0054,4186,True
ALNT,volume_surge,21,0.0429,0.0055,4175,True
NVNO,volume_surge,7,0.0429,0.0055,4184,True
VTVT,volume_surge,10,0.0429,0.0056,4179,True
CMCT,volume_surge,2,-0.0428,0.0056,4192,True
CARG,volume_surge,1,0.0428,0.0159,3178,True
AEMD,volume_surge,10,0.0425,0.006,4189,True
HSAI,volume_surge,2,-0.0423,0.0061,4192,True
VBNK,volume_surge,21,0.0423,0.0063,4164,True
MGNX,volume_surge,1,0.0423,0.0061,4193,True
GLNG,volume_surge,10,0.0421,0.0065,4179,True
TWST,volume_surge,5,-0.0421,0.0064,4186,True
UPLD,volume_surge,1,-0.0419,0.0067,4193,True
MNRO,volume_surge,2,-0.0417,0.0069,4192,True
KPLT,volume_surge,21,-0.0416,0.0073,4164,True
JOUT,volume_surge,2,0.0415,0.0072,4192,True
MESO,volume_surge,1,-0.0414,0.0074,4193,True
KSPI,volume_surge,1,0.0414,0.2175,888,False
LASR,volume_surge,1,0.0413,0.0241,2982,True
PRTS,volume_surge,5,0.0412,0.0077,4186,True
COLM,volume_surge,5,-0.041,0.008,4186,True
CRTO,volume_surge,2,-0.0409,0.0081,4192,True
CWST,volume_surge,2,-0.0409,0.0081,4192,True
CODX,volume_surge,2,-0.0407,0.0083,4192,True
CHRW,volume_surge,1,-0.0407,0.0083,4193,True
PSTV,volume_surge,1,0.0407,0.0085,4193,True
NKTR,volume_surge,1,0.0406,0.0086,4193,True
MRX,volume_surge,1,0.0403,0.258,791,False
HCKT,volume_surge,21,0.0403,0.0092,4164,True
BBSI,volume_surge,7,-0.0402,0.0093,4192,True
MDWD,volume_surge,2,0.0402,0.0092,4192,True
ZS,volume_surge,10,-0.0399,0.0098,4179,True
RDHL,volume_surge,21,-0.0398,0.0101,4164,True
FBIZ,volume_surge,21,-0.0397,0.0104,4164,True
UEIC,volume_surge,5,0.0395,0.0107,4186,True
APPF,volume_surge,3,-0.0395,0.0104,4203,True
AIRE,volume_surge,1,-0.0394,0.2162,986,False
GOVX,volume_surge,3,0.0394,0.0108,4191,True
IBCP,volume_surge,3,-0.0393,0.011,4191,True
DOMO,volume_surge,1,-0.0393,0.0338,2918,True
ACET,volume_surge,1,-0.0392,0.0298,3082,True
PSHG,volume_surge,10,-0.039,0.0118,4179,True
VNDA,volume_surge,10,0.039,0.0118,4179,True
MKTX,volume_surge,1,-0.0389,0.0118,4193,True
FTFT,volume_surge,10,0.0389,0.0119,4179,True
AMSC,volume_surge,5,-0.0389,0.0118,4195,True
DXPE,volume_surge,1,-0.0389,0.0119,4193,True
BATRA,volume_surge,5,-0.0388,0.0119,4193,True
ADIL,volume_surge,5,0.0386,0.0124,4195,True
OTLK,volume_surge,3,0.0386,0.0125,4191,True
IART,volume_surge,21,-0.0386,0.0128,4164,True
KPTI,volume_surge,2,0.0385,0.0127,4192,True
CING,volume_surge,10,-0.0384,0.0131,4179,True
RDNT,volume_surge,3,0.0382,0.0135,4191,True
ICUI,volume_surge,2,0.0382,0.0133,4192,True
CORT,volume_surge,5,-0.0381,0.0136,4186,True
INM,volume_surge,7,-0.0381,0.0138,4184,True
QTI,volume_surge,21,0.038,0.0141,4164,True
SBLK,volume_surge,21,0.038,0.0142,4164,True
MPWR,volume_surge,10,-0.0378,0.0146,4179,True
LRHC,volume_surge,1,-0.0377,0.2356,990,False
INSM,volume_surge,2,0.0377,0.0147,4192,True
ALNY,volume_surge,21,-0.0376,0.015,4175,True
QNRX,volume_surge,3,-0.0375,0.0151,4191,True
REYN,volume_surge,10,-0.0374,0.0155,4179,True
QQQX,volume_surge,5,0.0374,0.0154,4186,True
ENVX,volume_surge,1,0.0374,0.0949,1997,False
VCEL,volume_surge,1,-0.0374,0.0155,4193,True
CCBG,volume_surge,5,0.0373,0.0158,4186,True
BSET,volume_surge,7,-0.0372,0.016,4192,True
SCLX,volume_surge,10,0.0371,0.0164,4179,True
ANIK,volume_surge,5,-0.0371,0.0163,4195,True
KRUS,volume_surge,1,0.037,0.0634,2520,False
LARK,volume_surge,7,-0.037,0.0167,4184,True
KELYB,volume_surge,3,-0.0369,0.0168,4191,True
LOVE,volume_surge,1,0.0369,0.0462,2920,True
ALAB,volume_surge,1,0.0369,0.2861,837,False
AMCX,volume_surge,21,0.0369,0.017,4175,True
AKTX,volume_surge,5,0.0368,0.0171,4195,True
MKSI,volume_surge,10,-0.0368,0.0172,4179,True
IMKTA,volume_surge,2,-0.0367,0.0176,4192,True
NWTG,volume_surge,10,-0.0367,0.0175,4179,True
DMRC,volume_surge,2,0.0365,0.0181,4192,True
MKTW,volume_surge,7,-0.0363,0.0188,4184,True
STRO,volume_surge,5,-0.0363,0.0188,4186,True
STAA,volume_surge,5,-0.0358,0.0204,4186,True
NEOG,volume_surge,1,-0.0358,0.0205,4193,True
LGND,volume_surge,21,-0.0358,0.0208,4164,True
VEEE,volume_surge,10,-0.0357,0.0209,4179,True
FWRG,volume_surge,3,0.0357,0.0208,4191,True
KARO,volume_surge,1,-0.0356,0.12,1911,False
ETHA,volume_surge,1,-0.0356,0.3467,702,False
APVO,volume_surge,3,0.0355,0.0213,4203,True
HPK,volume_surge,3,-0.0353,0.0222,4191,True
IPGP,volume_surge,21,0.0353,0.0226,4164,True
DCBO,volume_surge,5,0.0352,0.0229,4186,True
AEVA,volume_surge,10,-0.0352,0.0228,4189,True
NMIH,volume_surge,10,-0.0352,0.0229,4179,True
TRIB,volume_surge,21,-0.0349,0.0245,4164,True
BLRX,volume_surge,5,0.0346,0.0252,4193,True
CTAS,volume_surge,1,0.0345,0.0253,4193,True
QNCX,volume_surge,10,-0.0345,0.0257,4179,True
SEZL,volume_surge,1,0.0344,0.2727,1016,False
RLYB,volume_surge,5,-0.0343,0.0263,4186,True
LIVE,volume_surge,7,0.0342,0.0271,4184,True
TENB,volume_surge,21,-0.0342,0.0275,4164,True
FBRX,volume_surge,7,-0.0341,0.0276,4184,True
OST,roll_21d,3,-0.034,0.5142,370,False
OTLY,volume_surge,21,-0.034,0.028,4164,True
DTIL,volume_surge,2,-0.0339,0.0281,4192,True
HQY,volume_surge,2,0.0338,0.0289,4192,True
CPRT,volume_surge,10,0.0337,0.0292,4179,True
CLFD,volume_surge,7,-0.0337,0.0291,4184,True
MBIN,volume_surge,10,0.0337,0.0295,4179,True
CLIR,volume_surge,7,-0.0337,0.0291,4184,True
AOSL,volume_surge,2,0.0337,0.0287,4204,True
SNDX,volume_surge,1,0.0336,0.0393,3767,True
DLO,volume_surge,7,-0.0336,0.0297,4184,True
ISTR,volume_surge,7,-0.0335,0.0304,4184,True
DPRO,volume_surge,5,0.0335,0.0303,4186,True
SGA,volume_surge,21,0.0334,0.0311,4164,True
ECPG,volume_surge,2,0.0334,0.0305,4192,True
GREE,volume_surge,7,-0.0334,0.031,4184,True
AMPH,volume_surge,21,-0.0334,0.031,4175,True
CLMT,volume_surge,3,0.0333,0.0312,4191,True
FEAM,volume_surge,1,0.0332,0.1899,1563,False
VCIG,volume_surge,1,-0.033,0.2598,1169,False
CMND,volume_surge,3,0.033,0.0328,4191,True
SRCE,volume_surge,7,-0.0329,0.0334,4184,True
FMAO,volume_surge,10,-0.0329,0.0333,4179,True
KNSA,volume_surge,1,0.0329,0.0736,2953,False
RGLD,volume_surge,5,-0.0329,0.0334,4186,True
CHKP,volume_surge,7,-0.0325,0.0356,4184,True
TSLA,roll_21d,10,0.0324,0.0365,4179,True
AAPL,roll_21d,21,-0.0324,0.0361,4175,True
EYPT,volume_surge,3,0.0324,0.0361,4191,True
CRNC,volume_surge,7,-0.0323,0.0365,4184,True
NTRS,volume_surge,3,0.0323,0.0365,4191,True
VCTR,volume_surge,1,-0.0323,0.0741,3059,False
MEDP,volume_surge,3,-0.0322,0.0374,4191,True
MLYS,volume_surge,1,0.0321,0.2609,1231,False
SHLS,volume_surge,21,0.0321,0.0385,4164,True
EBC,volume_surge,3,-0.0321,0.0378,4191,True
FTCI,volume_surge,5,-0.0321,0.0376,4186,True
CBSH,volume_surge,5,0.032,0.0383,4186,True
QNST,volume_surge,1,-0.032,0.0381,4193,True
LESL,volume_surge,21,0.0319,0.0393,4164,True
GRCE,volume_surge,21,-0.0319,0.0393,4164,True
ALZN,volume_surge,21,-0.0319,0.0395,4175,True
MAAS,volume_surge,3,-0.0318,0.0396,4191,True
OESX,volume_surge,3,0.0318,0.0398,4191,True
GDS,volume_surge,2,0.0317,0.0399,4192,True
BTCS,volume_surge,1,-0.0316,0.0408,4201,True
QCLS,volume_surge,3,-0.0316,0.0409,4191,True
JKHY,volume_surge,7,0.0316,0.0407,4184,True
TREE,volume_surge,3,0.0316,0.041,4191,True
BJDX,volume_surge,21,0.0315,0.042,4171,True
GOODN,volume_surge,2,-0.0315,0.0415,4192,True
NRXP,volume_surge,5,0.0314,0.0424,4186,True
XTLB,volume_surge,2,-0.0313,0.0428,4192,True
SRAD,volume_surge,21,-0.0313,0.0435,4164,True
NVMI,volume_surge,1,0.0312,0.0434,4193,True
OCFC,volume_surge,2,-0.0311,0.0442,4192,True
WHLR,volume_surge,2,-0.0311,0.0444,4192,True
VSAT,volume_surge,3,-0.0309,0.0455,4191,True
FAMI,volume_surge,2,-0.0309,0.0451,4192,True
ICCM,volume_surge,1,-0.0309,0.1939,1764,False
LBRDK,volume_surge,2,-0.0308,0.0461,4192,True
PSKY,volume_surge,7,-0.0308,0.0461,4184,True
PASG,volume_surge,5,-0.0307,0.0473,4186,True
VECO,volume_surge,7,0.0305,0.0487,4184,True
CHRS,volume_surge,5,0.0304,0.0495,4186,True
CRDO,volume_surge,1,0.0304,0.2234,1610,False
GPCR,volume_surge,2,-0.0304,0.0491,4192,True
BL,volume_surge,21,0.0304,0.0497,4171,True
MLGO,volume_surge,1,-0.0304,0.1857,1899,False
CWCO,volume_surge,5,-0.0304,0.0494,4186,True
CNEY,volume_surge,5,-0.0303,0.0503,4186,False
YYAI,volume_surge,3,0.0303,0.0498,4191,True
FUTU,volume_surge,10,-0.0303,0.0503,4179,False
GH,volume_surge,2,-0.0303,0.0499,4192,True
TRMB,volume_surge,2,0.0301,0.0514,4192,False
AAON,volume_surge,5,0.0299,0.0532,4195,False
VTGN,volume_surge,1,-0.0298,0.0537,4193,False
OSIS,volume_surge,2,0.0298,0.0535,4192,False
SLMT,volume_surge,21,-0.0297,0.0554,4164,False
NCNO,volume_surge,7,-0.0297,0.0551,4184,False
JOYY,volume_surge,1,0.0297,0.0545,4193,False
PUBM,volume_surge,3,-0.0297,0.0542,4191,False
CHNR,volume_surge,1,-0.0297,0.0548,4193,False
LGVN,volume_surge,7,0.0296,0.0559,4184,False
DBGI,volume_surge,1,-0.0296,0.2009,1868,False
LBRDA,volume_surge,2,-0.0296,0.0549,4192,False
RRR,volume_surge,2,-0.0295,0.0561,4192,False
AIOS,volume_surge,2,0.0295,0.0558,4204,False
NRDS,volume_surge,1,-0.0295,0.2245,1694,False
ALGT,volume_surge,7,0.0295,0.0561,4196,False
SKYE,volume_surge,1,0.0294,0.0573,4188,False
NWS,volume_surge,21,-0.0294,0.0581,4164,False
CAC,volume_surge,1,-0.0294,0.0563,4201,False
IPDN,volume_surge,2,0.0294,0.0567,4192,False
WSC,volume_surge,1,0.0294,0.0666,3885,False
ORLY,volume_surge,10,-0.0292,0.0595,4179,False
TTEC,volume_surge,10,0.0292,0.0591,4179,False
GDEV,volume_surge,2,0.0291,0.0597,4192,False
SVRN,volume_surge,21,-0.0291,0.0608,4164,False
UNB,volume_surge,2,0.029,0.0606,4192,False
RYTM,volume_surge,21,-0.0289,0.0627,4164,False
ZNB,volume_surge,21,0.0289,0.0621,4164,False
MBOT,volume_surge,1,-0.0289,0.0612,4193,False
SOHU,volume_surge,7,0.0287,0.0634,4184,False
FSBW,volume_surge,3,-0.0287,0.0633,4191,False
BLFS,volume_surge,10,-0.0287,0.0631,4187,False
ASND,volume_surge,2,-0.0286,0.0634,4204,False
PRGS,volume_surge,1,-0.0286,0.0643,4193,False
UFPI,volume_surge,5,-0.0285,0.0654,4186,False
ABEO,volume_surge,3,0.0285,0.0651,4203,False
VELO,volume_surge,3,-0.0285,0.0647,4191,False
LOPE,volume_surge,5,0.0284,0.0658,4186,False
EVTV,volume_surge,1,0.0283,0.1044,3297,False
ENSG,volume_surge,21,-0.0283,0.0677,4164,False
HST,volume_surge,5,0.0283,0.0668,4186,False
JBSS,volume_surge,1,-0.0282,0.068,4193,False
RRGB,volume_surge,5,0.0282,0.0679,4186,False
FCAP,volume_surge,21,-0.028,0.0704,4164,False
ROAD,volume_surge,2,-0.028,0.0697,4192,False
ALHC,volume_surge,1,0.028,0.2196,1927,False
RMTI,volume_surge,1,-0.0279,0.0707,4193,False
BUSE,volume_surge,2,0.0279,0.071,4202,False
NCNA,volume_surge,2,0.0278,0.0723,4192,False
STLD,volume_surge,1,0.0277,0.0729,4193,False
IBEX,volume_surge,1,-0.0277,0.1987,2148,False
MGNI,volume_surge,5,0.0276,0.0742,4186,False
PTLO,volume_surge,3,-0.0276,0.074,4191,False
SONM,volume_surge,5,0.0276,0.0744,4186,False
WBTN,volume_surge,21,0.0275,0.0765,4164,False
BRKR,volume_surge,10,0.0275,0.0757,4187,False
CDNA,volume_surge,2,0.0275,0.0745,4192,False
WINA,volume_surge,1,-0.0274,0.0758,4193,False
MSEX,volume_surge,21,-0.0274,0.0774,4164,False
QLYS,volume_surge,3,-0.0273,0.0769,4191,False
ATEC,volume_surge,5,-0.0273,0.0766,4195,False
SAFT,volume_surge,2,0.0272,0.0777,4192,False
FFAI,volume_surge,10,-0.0272,0.0787,4179,False
BLIN,volume_surge,1,0.0271,0.0791,4201,False
CTRN,volume_surge,5,-0.0271,0.0792,4186,False
ESQ,volume_surge,7,0.027,0.0811,4184,False
SHOO,volume_surge,1,-0.027,0.0805,4193,False
SGLY,volume_surge,21,-0.027,0.082,4164,False
BTAI,volume_surge,7,0.027,0.0799,4192,False
SIMO,volume_surge,10,-0.027,0.0811,4179,False
USOI,volume_surge,10,0.0269,0.0816,4179,False
MBUU,volume_surge,2,0.0267,0.0843,4192,False
CHRN,volume_surge,3,0.0266,0.0847,4191,False
HTCO,volume_surge,2,-0.0266,0.085,4192,False
NAAS,volume_surge,3,0.0265,0.0863,4191,False
ZION,volume_surge,10,0.0265,0.0863,4179,False
ALKS,volume_surge,21,-0.0265,0.0869,4175,False
CMPR,volume_surge,2,-0.0265,0.0864,4192,False
SNEX,volume_surge,2,-0.0265,0.0859,4192,False
IQST,volume_surge,21,0.0264,0.0887,4164,False
COST,volume_surge,2,-0.0264,0.0879,4192,False
AMSF,volume_surge,3,-0.0263,0.0882,4203,False
BPOP,volume_surge,5,0.0263,0.0887,4193,False
LENZ,volume_surge,10,0.0263,0.0886,4179,False
MTSI,volume_surge,2,-0.0262,0.0903,4192,False
ATRO,volume_surge,3,0.0262,0.0898,4198,False
AFYA,volume_surge,5,-0.0262,0.0897,4195,False
PCTTU,volume_surge,5,0.0262,0.0897,4190,False
NVEC,volume_surge,10,-0.0262,0.0906,4179,False
STBA,volume_surge,3,-0.0262,0.0894,4191,False
PRPO,volume_surge,2,-0.0261,0.0916,4192,False
ARQQ,volume_surge,7,0.0261,0.0914,4196,False
FLGT,volume_surge,10,-0.0261,0.0917,4179,False
IMXI,volume_surge,5,0.026,0.0925,4186,False
PGY,volume_surge,21,-0.026,0.0935,4164,False
XOMA,volume_surge,2,0.026,0.0927,4192,False
CENN,volume_surge,5,-0.026,0.092,4186,False
PGNY,volume_surge,7,-0.026,0.0923,4184,False
GGAL,volume_surge,2,0.0259,0.0939,4192,False
VIR,volume_surge,21,-0.0259,0.0945,4164,False
SFNC,volume_surge,2,0.0259,0.0937,4192,False
SLDB,volume_surge,3,-0.0259,0.0938,4191,False
ALCO,volume_surge,1,-0.0259,0.0937,4203,False
CCOI,volume_surge,21,-0.0259,0.0953,4164,False
CFFI,volume_surge,21,-0.0258,0.0965,4164,False
XELB,volume_surge,5,-0.0258,0.0954,4186,False
MLTX,volume_surge,10,-0.0257,0.0962,4179,False
PLXS,volume_surge,2,-0.0256,0.0979,4192,False
BIAF,volume_surge,1,-0.0256,0.3382,1401,False
XPON,volume_surge,5,0.0256,0.0971,4186,False
SSRM,volume_surge,3,0.0256,0.0976,4191,False
RTB,volume_surge,10,-0.0256,0.0983,4179,False
RPRX,volume_surge,7,-0.0255,0.0985,4184,False
AQMS,volume_surge,2,0.0255,0.0981,4204,False
NERV,volume_surge,1,-0.0255,0.0986,4193,False
ATRC,volume_surge,21,0.0254,0.1005,4171,False
FEMY,volume_surge,2,-0.0253,0.1021,4192,False
TRUP,volume_surge,7,0.0253,0.1012,4184,False
THRM,volume_surge,1,0.0253,0.1008,4193,False
VCYT,volume_surge,5,0.0253,0.1016,4186,False
PLUR,volume_surge,3,0.0253,0.1019,4191,False
NATR,volume_surge,2,-0.0252,0.1028,4192,False
CHDN,volume_surge,10,0.0251,0.1051,4179,False
LIFE,volume_surge,3,-0.025,0.1059,4191,False
UCTT,volume_surge,5,-0.025,0.106,4186,False
CLRB,volume_surge,10,-0.0249,0.1069,4179,False
ASTE,volume_surge,2,0.0249,0.107,4204,False
SHC,volume_surge,1,-0.0249,0.26,2043,False
MRBK,volume_surge,21,0.0249,0.1082,4164,False
STOK,volume_surge,5,0.0248,0.1091,4186,False
EDBL,volume_surge,7,-0.0248,0.1093,4184,False
XENE,volume_surge,21,0.0248,0.1095,4164,False
IMTE,volume_surge,2,-0.0247,0.1096,4192,False
KEQU,volume_surge,1,0.0247,0.1099,4193,False
LGIH,volume_surge,5,0.0246,0.1122,4186,False
ONCO,volume_surge,5,-0.0246,0.1122,4186,False
LFUS,volume_surge,2,0.0245,0.1126,4192,False
INTA,volume_surge,7,0.0245,0.1126,4184,False
AVNW,volume_surge,21,-0.0243,0.1166,4171,False
GNTX,volume_surge,2,-0.0243,0.1162,4192,False
QFIN,volume_surge,3,0.0243,0.1161,4191,False
QRVO,volume_surge,1,-0.0242,0.1176,4192,False
ZD,volume_surge,1,-0.0242,0.1177,4193,False
STRR,volume_surge,5,0.0242,0.1178,4186,False
JBHT,volume_surge,5,-0.0242,0.1178,4186,False
GPRE,volume_surge,21,0.0241,0.1206,4164,False
UONEK,volume_surge,5,0.0239,0.1218,4186,False
IPAR,volume_surge,3,0.0239,0.1219,4191,False
UFCS,volume_surge,3,-0.0239,0.1219,4191,False
IRTC,volume_surge,10,-0.0239,0.122,4179,False
PULM,volume_surge,1,0.0239,0.1217,4193,False
PFBC,volume_surge,5,-0.0239,0.1214,4186,False
COLL,volume_surge,2,-0.0238,0.1241,4192,False
PTGX,volume_surge,2,0.0238,0.1232,4192,False
FSBC,volume_surge,7,-0.0238,0.1234,4184,False
ELE,volume_surge,1,0.0238,0.2702,2151,False
GEHC,volume_surge,10,0.0238,0.1234,4179,False
PLMR,volume_surge,3,-0.0237,0.1243,4191,False
EWBC,volume_surge,3,-0.0237,0.1253,4191,False
IMCR,volume_surge,7,0.0236,0.127,4184,False
HYPD,volume_surge,5,0.0236,0.1264,4186,False
BCYC,volume_surge,7,-0.0236,0.126,4192,False
WIMI,volume_surge,1,0.0235,0.2622,2276,False
EUDA,volume_surge,21,-0.0234,0.131,4164,False
UONE,volume_surge,5,0.0233,0.1319,4186,False
NTCT,volume_surge,5,-0.0233,0.1323,4186,False
QTRX,volume_surge,2,0.0233,0.1321,4192,False
SITM,volume_surge,7,-0.0232,0.1336,4184,False
OBTC,volume_surge,10,0.0232,0.1344,4179,False
RKDA,volume_surge,1,-0.0231,0.1404,4059,False
MBRX,volume_surge,1,-0.0231,0.1613,3675,False
MGRC,volume_surge,2,0.0231,0.1342,4192,False
TCRT,volume_surge,2,0.023,0.1368,4192,False
VMAR,volume_surge,5,-0.023,0.136,4186,False
CULP,volume_surge,5,0.0229,0.1381,4186,False
VIVK,volume_surge,10,-0.0229,0.1381,4179,False
LNTH,volume_surge,10,0.0227,0.143,4179,False
AEP,volume_surge,5,-0.0227,0.1417,4195,False
ANY,volume_surge,2,-0.0227,0.1406,4204,False
TWG,volume_surge,7,-0.0227,0.1426,4184,False
DLPN,volume_surge,5,-0.0227,0.1415,4186,False
PRHI,volume_surge,10,-0.0226,0.1443,4179,False
TARS,volume_surge,1,0.0226,0.3039,2078,False
JZXN,volume_surge,21,-0.0226,0.1451,4164,False
UPC,volume_surge,3,0.0225,0.1454,4191,False
CISS,volume_surge,7,-0.0225,0.145,4184,False
ELPW,volume_surge,2,0.0224,0.1476,4192,False
MGEE,volume_surge,3,-0.0224,0.1468,4191,False
JAKK,volume_surge,5,-0.0224,0.148,4186,False
ENTG,volume_surge,2,-0.0223,0.1486,4192,False
CACC,volume_surge,3,0.0223,0.1477,4198,False
AMAL,volume_surge,3,0.0223,0.1488,4203,False
PRSO,volume_surge,10,-0.0222,0.1513,4179,False
CREG,volume_surge,1,0.0221,0.1526,4193,False
FBIO,volume_surge,5,-0.0221,0.1522,4186,False
VITL,volume_surge,10,-0.0221,0.1541,4179,False
KURA,volume_surge,3,0.0221,0.153,4191,False
BTSG,volume_surge,3,-0.022,0.1549,4198,False
FXNC,volume_surge,1,-0.022,0.1552,4193,False
STKH,volume_surge,2,-0.022,0.1547,4192,False
CENX,volume_surge,7,0.0219,0.1572,4184,False
RVMD,volume_surge,1,-0.0219,0.2906,2324,False
SBRA,volume_surge,1,-0.0218,0.159,4193,False
HYFM,volume_surge,10,-0.0218,0.1584,4179,False
SLNH,volume_surge,5,-0.0217,0.1606,4186,False
FOXA,volume_surge,10,-0.0217,0.1606,4179,False
CLNN,volume_surge,1,0.0217,0.2513,2807,False
HIND,volume_surge,10,0.0217,0.1603,4179,False
IESC,volume_surge,2,0.0216,0.1629,4192,False
VNOM,volume_surge,1,-0.0216,0.1622,4193,False
HSIC,volume_surge,3,0.0216,0.1616,4191,False
ODFL,volume_surge,7,0.0216,0.1617,4184,False
CORZ,volume_surge,3,-0.0215,0.1644,4191,False
PAYX,volume_surge,1,0.0215,0.1649,4193,False
HRMY,volume_surge,2,-0.0213,0.168,4192,False
AUUD,volume_surge,1,0.0213,0.345,1962,False
BBIO,volume_surge,1,-0.0212,0.283,2563,False
HBT,volume_surge,5,-0.0212,0.1704,4186,False
STRA,volume_surge,5,-0.0212,0.1709,4186,False
HCM,volume_surge,5,-0.0211,0.1721,4186,False
RDVT,volume_surge,5,0.021,0.1739,4186,False
TTMI,volume_surge,5,0.021,0.1751,4186,False
ASPS,volume_surge,1,-0.021,0.174,4203,False
ATHE,volume_surge,21,-0.021,0.176,4171,False
FRPH,volume_surge,1,-0.0209,0.1763,4193,False
PFG,volume_surge,5,-0.0209,0.1754,4186,False
PCRX,volume_surge,2,0.0209,0.1762,4192,False
SILC,volume_surge,2,-0.0209,0.1751,4192,False
PODD,volume_surge,10,-0.0208,0.1791,4179,False
MIDD,volume_surge,7,-0.0208,0.1784,4184,False
MLKN,volume_surge,1,-0.0208,0.1787,4193,False
TSAT,volume_surge,3,0.0208,0.1788,4191,False
WWD,volume_surge,1,0.0208,0.1784,4193,False
LSTA,volume_surge,3,0.0207,0.1811,4191,False
GURE,volume_surge,2,-0.0207,0.1804,4192,False
RCKT,volume_surge,10,0.0207,0.1804,4179,False
HERZ,volume_surge,5,0.0206,0.1829,4186,False
POLA,volume_surge,5,0.0204,0.1869,4186,False
SLP,volume_surge,2,0.0204,0.1875,4192,False
GNLN,volume_surge,2,-0.0204,0.1873,4192,False
INVA,volume_surge,1,-0.0204,0.1875,4193,False
QTTB,volume_surge,7,-0.0203,0.1895,4184,False
FINW,volume_surge,7,0.0203,0.1896,4184,False
CDT,volume_surge,5,0.0203,0.1886,4186,False
USAU,volume_surge,1,-0.0202,0.1902,4193,False
RILYP,volume_surge,3,0.0202,0.1913,4191,False
RGS,volume_surge,3,0.0202,0.191,4191,False
VRA,volume_surge,2,0.0202,0.1921,4192,False
ITRI,volume_surge,10,0.0202,0.1925,4179,False
ZUMZ,volume_surge,1,0.0201,0.194,4193,False
ELDN,volume_surge,1,0.0201,0.194,4193,False
ADUS,volume_surge,3,0.0201,0.1922,4203,False
VRNS,volume_surge,2,0.0201,0.1928,4192,False
VICR,volume_surge,3,-0.0201,0.1925,4191,False
ALRM,volume_surge,1,-0.0201,0.2013,4027,False
BNAI,volume_surge,7,0.0201,0.1937,4192,False
MATW,volume_surge,5,-0.02,0.196,4186,False
ZSTK,volume_surge,1,0.02,0.3879,1871,False
LMNR,volume_surge,5,0.02,0.1963,4186,False
AEIS,volume_surge,3,0.02,0.1955,4203,False
PEGA,volume_surge,10,0.0199,0.1973,4179,False
PCTY,volume_surge,5,0.0199,0.1987,4186,False
MYGN,volume_surge,10,0.0199,0.1994,4179,False
SLNG,volume_surge,21,0.0199,0.199,4164,False
TZOO,volume_surge,1,0.0199,0.1979,4193,False
FTDR,volume_surge,5,-0.0199,0.1975,4186,False
CGNX,volume_surge,1,-0.0199,0.1967,4193,False
DGNX,volume_surge,21,-0.0198,0.2006,4164,False
ERIE,volume_surge,21,-0.0198,0.2007,4164,False
MANH,volume_surge,1,-0.0198,0.2008,4193,False
UBSI,volume_surge,21,-0.0198,0.2014,4164,False
CCD,volume_surge,7,0.0198,0.2002,4184,False
CLRO,volume_surge,21,-0.0197,0.2045,4164,False
ATRA,volume_surge,5,0.0197,0.2024,4193,False
AGIO,volume_surge,5,-0.0197,0.2016,4195,False
WNW,volume_surge,10,-0.0197,0.2028,4179,False
DIOD,volume_surge,1,0.0196,0.2045,4193,False
IBG,volume_surge,7,0.0196,0.2041,4184,False
PFIS,volume_surge,7,0.0196,0.206,4184,False
PCAR,volume_surge,1,0.0195,0.206,4193,False
ASST,volume_surge,7,-0.0195,0.2076,4196,False
CMTL,volume_surge,5,-0.0195,0.2071,4186,False
NSIT,volume_surge,5,-0.0194,0.2097,4186,False
CYTK,volume_surge,7,-0.0194,0.2103,4184,False
XTIA,volume_surge,10,-0.0194,0.211,4179,False
ARVN,volume_surge,3,-0.0194,0.2097,4203,False
FER,volume_surge,2,-0.0193,0.2119,4192,False
FSV,volume_surge,10,0.0193,0.2134,4179,False
RMBS,volume_surge,2,0.0193,0.2121,4192,False
EMBC,volume_surge,10,0.0193,0.2131,4179,False
PAGP,volume_surge,21,0.0192,0.2144,4164,False
DTSS,volume_surge,1,0.0192,0.2908,3034,False
LVO,volume_surge,7,-0.0191,0.216,4184,False
HELE,volume_surge,21,0.019,0.2194,4164,False
SUPN,volume_surge,21,-0.019,0.2195,4164,False
WRLD,volume_surge,10,0.019,0.2205,4179,False
RBCAA,volume_surge,3,0.019,0.2181,4191,False
BTCT,volume_surge,1,-0.0189,0.3162,2816,False
EFOI,volume_surge,1,0.0189,0.22,4193,False
TRMK,volume_surge,10,-0.0189,0.2215,4179,False
FRHC,volume_surge,10,0.0188,0.2231,4179,False
MNPR,volume_surge,7,0.0188,0.2236,4184,False
GMAB,volume_surge,21,-0.0188,0.2247,4164,False
SMTC,volume_surge,7,-0.0186,0.2282,4184,False
BLMN,volume_surge,5,0.0186,0.2281,4193,False
CTNT,volume_surge,3,-0.0185,0.2306,4191,False
URGN,volume_surge,2,-0.0184,0.2338,4192,False
NXST,volume_surge,21,-0.0184,0.2353,4164,False
RYM,volume_surge,1,0.0182,0.419,1974,False
WMG,volume_surge,10,0.0182,0.2395,4179,False
BLBD,volume_surge,5,0.0181,0.241,4193,False
MLAB,volume_surge,10,0.0181,0.2425,4179,False
DBVT,volume_surge,2,0.018,0.243,4192,False
WTFC,volume_surge,10,0.018,0.2443,4179,False
MRTN,volume_surge,5,-0.018,0.2435,4186,False
FAST,volume_surge,5,0.018,0.2443,4186,False
BBGI,volume_surge,5,-0.0179,0.2455,4193,False
ADTN,volume_surge,1,-0.0179,0.2471,4203,False
CTSH,volume_surge,10,-0.0179,0.2481,4179,False
COLB,volume_surge,7,-0.0179,0.2468,4184,False
PMCB,volume_surge,1,-0.0178,0.2501,4193,False
ACHV,volume_surge,1,-0.0178,0.2497,4203,False
FHB,volume_surge,7,0.0177,0.2514,4184,False
RLAY,volume_surge,1,0.0177,0.4093,2170,False
DLTH,volume_surge,2,0.0177,0.2532,4192,False
GDHG,volume_surge,3,0.0176,0.2553,4191,False
ACGL,volume_surge,5,0.0176,0.2538,4195,False
SKYW,volume_surge,3,-0.0176,0.2552,4191,False
LECO,volume_surge,3,0.0176,0.2539,4191,False
ITIC,volume_surge,7,0.0175,0.2566,4184,False
BNC,volume_surge,5,0.0175,0.2583,4193,False
ONC,volume_surge,21,0.0175,0.2583,4164,False
PNTG,volume_surge,1,-0.0174,0.3879,2459,False
CDLX,volume_surge,7,0.0174,0.261,4184,False
RCAT,volume_surge,10,0.0174,0.2614,4179,False
SCSC,volume_surge,2,0.0174,0.2598,4192,False
TRST,volume_surge,5,0.0174,0.2607,4186,False
SNGX,volume_surge,7,-0.0173,0.2639,4184,False
SKYT,volume_surge,1,0.0173,0.4514,1891,False
FCFS,volume_surge,2,0.0173,0.2633,4192,False
MBAI,volume_surge,5,0.0172,0.2667,4186,False
KRNT,volume_surge,2,-0.0172,0.266,4192,False
CCSI,volume_surge,10,-0.0171,0.2683,4179,False
OVBC,volume_surge,3,0.0171,0.2688,4191,False
LANDO,volume_surge,7,0.0171,0.2677,4184,False
SDOT,volume_surge,1,0.017,0.414,2324,False
KALA,volume_surge,2,0.017,0.2698,4192,False
GDYN,volume_surge,21,-0.017,0.2732,4164,False
ASTC,volume_surge,1,0.0169,0.2745,4203,False
HLNE,volume_surge,5,-0.0168,0.2779,4186,False
BANF,volume_surge,10,-0.0168,0.2761,4187,False
WPRT,volume_surge,5,-0.0167,0.2809,4186,False
FLXS,volume_surge,7,0.0166,0.2841,4184,False
TXRH,volume_surge,2,0.0166,0.283,4192,False
IPW,volume_surge,5,-0.0165,0.2862,4186,False
BOKF,volume_surge,5,-0.0164,0.288,4193,False
EDSA,volume_surge,3,-0.0164,0.288,4191,False
TANH,volume_surge,5,-0.0164,0.2886,4186,False
DOGZ,volume_surge,21,-0.0164,0.2897,4164,False
CASH,volume_surge,7,0.0164,0.2893,4184,False
NATH,volume_surge,21,0.0163,0.2942,4164,False
TARA,volume_surge,7,-0.0163,0.2926,4184,False
APPN,volume_surge,1,-0.0163,0.3483,3328,False
VTRS,volume_surge,2,-0.0163,0.2906,4192,False
SPSC,volume_surge,1,0.0163,0.2924,4193,False
TITN,volume_surge,2,-0.0162,0.2931,4192,False
ELAB,volume_surge,5,-0.0162,0.2959,4186,False
MCFT,volume_surge,1,-0.0162,0.3058,3996,False
CWD,volume_surge,1,-0.0161,0.5871,1134,False
LONA,volume_surge,10,-0.0161,0.2992,4179,False
FIVN,volume_surge,3,0.016,0.3006,4191,False
UVSP,volume_surge,3,0.0159,0.3022,4191,False
CAPR,volume_surge,21,-0.0159,0.3036,4164,False
PALI,volume_surge,2,0.0159,0.3033,4192,False
IMNN,volume_surge,1,-0.0159,0.3044,4193,False
MDGL,volume_surge,2,-0.0158,0.3071,4192,False
BJRI,volume_surge,10,-0.0157,0.3088,4187,False
SMSI,volume_surge,2,-0.0157,0.3089,4192,False
CLLS,volume_surge,1,0.0156,0.3182,4111,False
ADPT,volume_surge,1,-0.0155,0.4312,2565,False
BDRX,volume_surge,3,-0.0154,0.3198,4198,False
BMRN,volume_surge,1,-0.0153,0.3222,4201,False
CRMT,volume_surge,1,0.0153,0.3206,4193,False
BLKB,volume_surge,21,-0.0151,0.3293,4171,False
KLIC,volume_surge,7,-0.0151,0.3276,4184,False
FCCO,volume_surge,1,-0.0151,0.3284,4193,False
EFSC,volume_surge,2,-0.0151,0.3285,4192,False
CHR,volume_surge,21,-0.0151,0.3286,4164,False
SCHL,volume_surge,2,0.015,0.3319,4192,False
IOSP,volume_surge,5,0.015,0.3322,4186,False
AGEN,volume_surge,21,0.015,0.3321,4175,False
MMYT,volume_surge,1,0.015,0.3323,4193,False
IDXX,volume_surge,21,0.0149,0.3373,4164,False
SPRC,volume_surge,21,0.0149,0.3374,4164,False
CRAI,volume_surge,3,-0.0147,0.3411,4191,False
MEOH,volume_surge,10,-0.0147,0.3409,4179,False
GCTK,volume_surge,1,-0.0146,0.3441,4193,False
CEVA,volume_surge,10,0.0146,0.3444,4179,False
FORR,volume_surge,21,-0.0146,0.3454,4164,False
ESPR,volume_surge,21,-0.0146,0.3452,4164,False
SAIA,volume_surge,5,0.0145,0.3476,4186,False
MRKR,volume_surge,3,-0.0143,0.3549,4191,False
PGC,volume_surge,21,-0.0142,0.3585,4164,False
FWONK,volume_surge,5,0.0142,0.3583,4186,False
SBFM,volume_surge,1,-0.0142,0.5704,1591,False
GLPI,volume_surge,2,-0.0142,0.3576,4192,False
SGC,volume_surge,1,-0.0142,0.3578,4193,False
AVT,volume_surge,1,-0.0142,0.3585,4201,False
MTVA,volume_surge,2,-0.014,0.3632,4192,False
IRDM,volume_surge,2,-0.0138,0.3703,4192,False
HDL,volume_surge,7,0.0137,0.3762,4184,False
ALLR,volume_surge,10,-0.0137,0.3758,4189,False
PECO,volume_surge,3,-0.0136,0.3783,4191,False
TXG,volume_surge,3,0.0135,0.3829,4191,False
HWC,volume_surge,5,-0.0135,0.3836,4186,False
CTXR,volume_surge,21,-0.0135,0.3831,4164,False
GT,volume_surge,2,-0.0134,0.3848,4192,False
IIIV,volume_surge,10,0.0134,0.3865,4179,False
PEBO,volume_surge,3,-0.0134,0.3843,4191,False
PRDO,volume_surge,7,0.0133,0.39,4184,False
AIRT,volume_surge,7,0.0132,0.3929,4196,False
OLOX,volume_surge,3,0.0132,0.3918,4191,False
ENTA,volume_surge,21,0.0131,0.3992,4164,False
PMTS,volume_surge,1,-0.0131,0.4131,3913,False
ZCMD,volume_surge,21,-0.013,0.4024,4164,False
CSGP,volume_surge,21,0.0129,0.4044,4164,False
VSEE,volume_surge,2,0.0129,0.4028,4192,False
UTHR,volume_surge,5,-0.0128,0.4087,4186,False
IXHL,volume_surge,21,-0.0127,0.413,4164,False
QURE,volume_surge,10,0.0127,0.4113,4179,False
WFRD,volume_surge,3,-0.0126,0.416,4191,False
CHA,roll_21d,2,-0.0126,0.8519,223,False
HURA,volume_surge,5,-0.0123,0.4272,4186,False
GTBP,volume_surge,1,-0.0122,0.5022,3012,False
GYRE,volume_surge,1,-0.012,0.4357,4193,False
MGPI,volume_surge,5,0.012,0.4359,4186,False
BRZE,volume_surge,1,0.012,0.6211,1689,False
IVDA,volume_surge,1,-0.0118,0.4448,4193,False
SRRK,volume_surge,2,-0.0116,0.4521,4192,False
FCUV,volume_surge,2,-0.0116,0.4529,4192,False
DRVN,volume_surge,2,-0.0116,0.4513,4192,False
CELZ,volume_surge,7,0.0115,0.4572,4184,False
INTS,volume_surge,21,-0.0115,0.4579,4164,False
OPCH,volume_surge,2,0.0114,0.4606,4192,False
GLMD,volume_surge,3,0.0113,0.4654,4191,False
ALRS,volume_surge,7,0.0113,0.4657,4196,False
GABC,volume_surge,2,0.0113,0.4638,4192,False
CDZIP,volume_surge,10,-0.0113,0.4656,4179,False
SYBT,volume_surge,7,0.0111,0.4727,4184,False
ALGM,volume_surge,5,-0.0109,0.4786,4195,False
VSA,volume_surge,1,0.0109,0.4812,4193,False
CIVB,volume_surge,5,-0.0109,0.4814,4186,False
WLFC,volume_surge,5,0.0107,0.4892,4186,False
ESEA,volume_surge,3,-0.0107,0.4867,4191,False
AIMD,volume_surge,1,-0.0107,0.632,2004,False
PXLW,volume_surge,1,0.0106,0.4906,4193,False
ACHC,volume_surge,10,0.0105,0.4954,4189,False
AUC,volume_surge,10,-0.0104,0.5027,4187,False
OBT,volume_surge,21,0.0102,0.5105,4164,False
KUST,volume_surge,7,-0.0101,0.5138,4184,False
KG,volume_surge,3,0.0101,0.5144,4191,False
NVVE,volume_surge,21,-0.0101,0.5151,4164,False
SPCB,volume_surge,1,-0.01,0.5179,4193,False
LSTR,volume_surge,3,0.01,0.5192,4191,False
QUIK,volume_surge,21,0.0099,0.524,4164,False
SOWG,volume_surge,10,-0.0099,0.5205,4179,False
ERNA,volume_surge,1,-0.0098,0.5244,4193,False
TPST,volume_surge,1,-0.0098,0.5249,4193,False
NTRP,volume_surge,21,-0.0095,0.5416,4164,False
VRSK,volume_surge,2,-0.0094,0.541,4192,False
WKSP,volume_surge,1,0.0094,0.5441,4193,False
IPWR,volume_surge,2,-0.0093,0.5485,4192,False
GMM,volume_surge,5,0.0092,0.5515,4186,False
AEHL,volume_surge,2,0.0091,0.5571,4204,False
TCOM,volume_surge,2,0.009,0.5602,4192,False
SGRY,volume_surge,10,-0.009,0.5625,4179,False
IMUX,volume_surge,2,-0.0089,0.5635,4192,False
HUBG,volume_surge,5,0.0089,0.5659,4186,False
BNTC,volume_surge,3,-0.0089,0.5637,4198,False
EFSI,volume_surge,7,-0.0088,0.5705,4184,False
SLGL,volume_surge,5,0.0086,0.5785,4186,False
CREX,volume_surge,7,0.0084,0.5864,4184,False
KPRX,volume_surge,5,-0.0084,0.5856,4186,False
BELFB,volume_surge,10,-0.0081,0.5992,4187,False
GIII,volume_surge,7,-0.0081,0.6007,4184,False
CRIS,volume_surge,10,0.0081,0.5997,4179,False
DRCT,volume_surge,2,-0.008,0.6039,4192,False
VRCA,volume_surge,21,0.0077,0.6199,4164,False
CVLT,volume_surge,3,0.0077,0.617,4191,False
ABTC,volume_surge,1,-0.0076,0.6751,3051,False
WSFS,volume_surge,7,0.0075,0.6295,4184,False
PHIO,volume_surge,3,-0.0073,0.6381,4191,False
GLBS,volume_surge,3,-0.0072,0.6413,4191,False
AMBR,volume_surge,7,-0.0072,0.6417,4196,False
BCAL,volume_surge,3,-0.0071,0.6462,4198,False
TECX,volume_surge,7,-0.007,0.6487,4184,False
ORKA,volume_surge,10,-0.007,0.6511,4179,False
ENLT,volume_surge,3,0.007,0.6517,4191,False
ATXG,volume_surge,1,-0.0069,0.7017,3041,False
EZPW,volume_surge,7,0.0068,0.6603,4184,False
TDIC,volume_surge,5,-0.0067,0.6628,4186,False
BOXL,volume_surge,10,-0.0062,0.6905,4187,False
OLB,volume_surge,5,-0.0061,0.6925,4186,False
DRIO,volume_surge,10,0.0058,0.7086,4179,False
VANI,volume_surge,1,0.0057,0.7111,4193,False
INDV,volume_surge,10,0.0051,0.7408,4179,False
SOBR,volume_surge,1,-0.0051,0.7422,4193,False
CYCN,volume_surge,2,0.0051,0.7393,4192,False
CHSN,volume_surge,21,0.0049,0.7506,4164,False
ABVX,volume_surge,3,-0.0048,0.7558,4203,False
SPRB,volume_surge,3,0.0041,0.7907,4191,False
AYTU,volume_surge,7,-0.0039,0.803,4192,False
THRY,volume_surge,21,0.0039,0.8008,4164,False
INHD,volume_surge,2,-0.0034,0.824,4193,False
QH,volume_surge,3,-0.0033,0.8331,4191,False
MAYS,volume_surge,2,-0.0029,0.8514,4192,False
LNZA,volume_surge,2,0.0027,0.8596,4192,False
RJET,volume_surge,7,0.0025,0.8716,4184,False
ASBP,volume_surge,5,-0.0024,0.8745,4195,False
BCTX,volume_surge,21,-0.0024,0.8785,4171,False
PIII,volume_surge,1,-0.0022,0.9218,1906,False
HAO,volume_surge,21,-0.0016,0.9184,4164,False
OCS,volume_surge,1,-0.0015,0.9484,1864,False
SUIS,volume_surge,7,0.0013,0.9323,4184,False
MRDN,volume_surge,10,0.0012,0.9396,4179,False
ANGH,volume_surge,21,-0.0011,0.9422,4175,False
ALP,volume_surge,7,0.0009,0.9543,4196,False
VBIO,volume_surge,5,-0.0008,0.9582,4186,False
RAPP,volume_surge,3,-0.0008,0.9612,4191,False
BCAX,volume_surge,2,0.0008,0.961,4202,False
SOLS,volume_surge,10,-0.0005,0.9754,4179,False
CBC,volume_surge,2,0.0003,0.9862,4192,False
CAI,volume_surge,3,-0.0003,0.9861,4198,False
RMSG,volume_surge,7,0.0002,0.9876,4184,False
APC,volume_surge,5,0.0002,0.9902,4195,False
CHRD,volume_surge,1,-0.0001,0.9972,4193,False
OPI,volume_surge,2,-0.0001,0.9962,4192,False
TMUSL,volume_surge,3,0.0001,0.9967,4191,False
ABVC,volume_surge,1,-0.0001,0.997,4203,False
NXTT,volume_surge,21,-0.0,1.0,4164,False
MSAI,volume_surge,21,0.0,1.0,4164,False
HMH,volume_surge,21,0.0,1.0,4164,False
MBNKO,volume_surge,2,-0.0,1.0,4192,False
GLBE,volume_surge,2,-0.0,1.0,4192,False
XE,volume_surge,21,-0.0,1.0,4164,False
CBK,volume_surge,21,-0.0,1.0,4164,False
PBM,volume_surge,2,0.0,1.0,4192,False
TSUI,volume_surge,2,0.0,1.0,4192,False
TTAN,volume_surge,2,-0.0,1.0,4192,False
CDTG,volume_surge,2,0.0,1.0,4192,False
ADAMI,volume_surge,2,-0.0,1.0,4204,False
SWMR,volume_surge,2,0.0,1.0,4192,False
STI,volume_surge,2,-0.0,0.9995,4192,False
INKT,volume_surge,21,-0.0,1.0,4164,False
ADXN,volume_surge,21,-0.0,1.0,4175,False
FRVO,volume_surge,2,0.0,1.0,4192,False
ANPA,volume_surge,2,0.0,1.0,4204,False
OKUR,volume_surge,21,0.0,1.0,4164,False
TRAX,volume_surge,5,0.0,1.0,4186,False
TLX,volume_surge,21,0.0,1.0,4164,False
BRUN,volume_surge,7,-0.0,1.0,4192,False
TRINI,volume_surge,2,0.0,1.0,4192,False
TDOG,volume_surge,2,0.0,1.0,4192,False
UMBFO,volume_surge,2,-0.0,1.0,4192,False
SLXN,volume_surge,2,0.0,1.0,4192,False
CDNL,volume_surge,21,0.0,1.0,4164,False
KROS,volume_surge,21,-0.0,1.0,4164,False
SGP,volume_surge,21,0.0,1.0,4164,False
JCAP,volume_surge,3,-0.0,1.0,4191,False
NCEL,volume_surge,10,0.0,1.0,4179,False
COGT,volume_surge,2,-0.0,1.0,4192,False
NCI,volume_surge,2,0.0,1.0,4192,False
PHAR,volume_surge,21,0.0,1.0,4164,False
LANDP,volume_surge,21,0.0,1.0,4164,False
BITA,volume_surge,3,-0.0,1.0,4198,False
LBRX,volume_surge,21,0.0,1.0,4164,False
ARGX,volume_surge,2,-0.0,1.0,4204,False
LILAP,volume_surge,10,0.0,1.0,4179,False
AUGO,volume_surge,5,0.0,1.0,4193,False
MDLN,volume_surge,2,-0.0,1.0,4192,False
LLYVA,volume_surge,2,-0.0,1.0,4192,False
NCPL,volume_surge,21,-0.0,0.9999,4164,False
RPGL,volume_surge,5,-0.0,1.0,4186,False
AKTS,volume_surge,21,-0.0,1.0,4175,False
KLRA,volume_surge,21,-0.0,1.0,4164,False
FAC,volume_surge,10,-0.0,1.0,4179,False
PHOE,volume_surge,21,-0.0,1.0,4164,False
CNXC,volume_surge,21,0.0,1.0,4164,False
MBX,volume_surge,3,-0.0,1.0,4191,False
BNZI,volume_surge,2,0.0,1.0,4202,False
